id,sales
3000888,3.8442934937115267
3000889,0.05895739296418454
3000890,4.342449074717648
3000891,2149.2951026597525
3000892,0.1692366151881267
3000893,383.3656920902162
3000894,10.889611266034066
3000895,718.8236622540512
3000896,716.0781851653527
3000897,153.09755143957142
3000898,134.36682436309783
3000899,122.2181367478465
3000900,2748.9225019289415
3000901,17.956120176311682
3000902,1.2426836570408495
3000903,19.732093108845703
3000904,26.866760967020507
3000905,0.35925783228643915
3000906,195.40514449416725
3000907,11.967691601743843
3000908,27.732481323256366
3000909,12.336397655997851
3000910,93.34042498901107
3000911,4.983905992509983
3000912,258.19741935508335
3000913,149.90588393366053
3000914,3.5036944545236826
3000915,7.217708704697939
3000916,276.78635147114824
3000917,64.12537354485477
3000918,3503.4724117376977
3000919,69.38215937440444
3000920,21.76837936367156
3000921,0.932708545053929
3000922,0.0
3000923,3.2918975647404927
3000924,1117.3681733872452
3000925,0.0
3000926,97.46745124881025
3000927,2.6097942066476
3000928,667.7086664667519
3000929,353.0812496835661
3000930,210.1719455682507
3000931,35.96250967762784
3000932,26.838768436876745
3000933,2357.2282342355693
3000934,3.216482292273423
3000935,0.22938910310313834
3000936,7.8747210632767795
3000937,11.528725614685683
3000938,0.07625533685014148
3000939,160.26120140799955
3000940,2.185991099587057
3000941,52.76604857570246
3000942,5.457946747369917
3000943,26.318349043905584
3000944,0.27353745410455377
3000945,142.8458449930214
3000946,163.94798871921677
3000947,0.5520944274911612
3000948,2.8235434423969434
3000949,130.39344527022698
3000950,21.733868590109562
3000951,296.5715300853426
3000952,12.959051965994435
3000953,1.1518317087287229
3000954,5.364284176313692
3000955,0.15505142202388916
3000956,4.747935699090695
3000957,3620.830717941699
3000958,0.01181876583814461
3000959,661.0139188231954
3000960,10.377968917800306
3000961,1646.0731886230103
3000962,643.0754660720796
3000963,404.6896475229625
3000964,190.56596531048436
3000965,69.23803051665011
3000966,6967.667787512967
3000967,20.12119420351577
3000968,0.49536634160462434
3000969,23.017954342813383
3000970,23.054253061029275
3000971,0.12749477436605194
3000972,427.6356872345571
3000973,8.443462042362707
3000974,11.534862407191346
3000975,10.114596279652119
3000976,39.16173961264549
3000977,1.8586286934399208
3000978,502.34122877910477
3000979,342.04231064032524
3000980,1.7701974152264972
3000981,12.708668224606535
3000982,364.5063627256775
3000983,83.59782708865218
3000984,1687.7692498803087
3000985,40.51376822801826
3000986,7.035375405075848
3000987,4.178367688256355
3000988,0.006421442949101267
3000989,2.246532722472035
3000990,1561.6889266585492
3000991,0.011415825758450373
3000992,183.5503068395776
3000993,8.180207713351441
3000994,768.8685509192662
3000995,490.7016005195756
3000996,211.911229603217
3000997,47.731225876400636
3000998,32.189466832539324
3000999,2738.267778904543
3001000,6.12993311811932
3001001,0.33548183668108117
3001002,13.34248474619487
3001003,21.78524694780952
3001004,0.19443306163824564
3001005,169.24272353045797
3001006,3.9177436254962354
3001007,53.75358773053142
3001008,9.667773643900377
3001009,38.98949052266046
3001010,1.1483953108889442
3001011,144.38972135555423
3001012,164.09418079311075
3001013,1.128277570676084
3001014,5.065323263202212
3001015,156.1545738865738
3001016,30.524540260923015
3001017,466.16769447564735
3001018,14.648845095978384
3001019,2.602169011111867
3001020,3.423331420055327
3001021,0.0
3001022,3.9249630393850627
3001023,1325.7508907284061
3001024,0.0
3001025,117.52157443762572
3001026,4.990109839622597
3001027,587.8345793188514
3001028,274.12937556570614
3001029,160.15924625087834
3001030,46.9164899435833
3001031,23.997964629530433
3001032,2388.2553411327244
3001033,8.737644998117887
3001034,0.10572244604577802
3001035,12.447466958158614
3001036,10.498792216994568
3001037,0.028247458464804934
3001038,133.7890715659381
3001039,1.015647224945201
3001040,53.30628063746533
3001041,4.343811475362655
3001042,39.73153206529692
3001043,0.7066261854403896
3001044,131.8010148988177
3001045,155.8582277689005
3001046,0.39213664109584256
3001047,3.6350583656728377
3001048,75.95035528772586
3001049,18.475181123194506
3001050,228.8573162624816
3001051,13.685423838666408
3001052,1.1952027440168491
3001053,2.913180747548648
3001054,0.0
3001055,3.4328119731393905
3001056,1382.6890386673342
3001057,0.0032050657798975836
3001058,162.23231855583776
3001059,6.149069052332703
3001060,930.130090909984
3001061,434.2598946993188
3001062,220.54434117670556
3001063,33.200279206243344
3001064,31.678869133998898
3001065,2517.852012616011
3001066,6.63253822069022
3001067,0.2492244502206681
3001068,11.422082577041587
3001069,22.608078760342305
3001070,0.11490549397229582
3001071,177.5009774006385
3001072,0.701386664995867
3001073,53.803433939664956
3001074,6.094281883968807
3001075,25.691480309046934
3001076,1.4099068325860389
3001077,181.7427323634396
3001078,242.86997393731315
3001079,0.7494849619032106
3001080,3.7033914160320527
3001081,81.23218231418785
3001082,70.09466997193415
3001083,442.4147938029167
3001084,13.983374588253207
3001085,3.096977412239481
3001086,2.8788504797488206
3001087,0.6838801339495151
3001088,4.056526559477573
3001089,1649.8521858368053
3001090,0.022169378877017903
3001091,153.9548288191173
3001092,2.0796341349017173
3001093,817.5841831822311
3001094,383.6952972001688
3001095,262.1147880635822
3001096,74.36287206922526
3001097,54.30172364213551
3001098,2889.8808543699283
3001099,5.551408021220217
3001100,0.7164962745301423
3001101,13.283991815689705
3001102,21.302864386996355
3001103,0.1351390508888842
3001104,200.44632311105423
3001105,6.462596539529508
3001106,54.297516801578894
3001107,7.770699285415032
3001108,27.983571078331686
3001109,1.447031421637763
3001110,128.25984762473036
3001111,170.5368281821485
3001112,0.7963998158795684
3001113,4.228226145943172
3001114,98.62168282798287
3001115,38.661857082943975
3001116,791.9534914345933
3001117,14.324844195166973
3001118,3.5561745142680508
3001119,3.1211398425891326
3001120,0.12089612064110353
3001121,2.696556612255297
3001122,1077.5769758664396
3001123,0.0
3001124,146.63403391857145
3001125,3.723530258522099
3001126,632.7073614768749
3001127,246.16389513981943
3001128,163.77983746536046
3001129,129.5679269796283
3001130,25.930190036024747
3001131,1861.7305601676699
3001132,3.425330233342363
3001133,0.23091757278180394
3001134,10.481841098718933
3001135,14.572488445208363
3001136,0.16668312006762193
3001137,143.3108125204906
3001138,0.0
3001139,53.30453610851168
3001140,6.725544965910483
3001141,31.413285561798226
3001142,0.9749251665470847
3001143,45.87554041409054
3001144,122.46041873837122
3001145,0.6853387264321176
3001146,2.0770298200645505
3001147,63.25375593698183
3001148,29.704562153602804
3001149,609.2515843043182
3001150,66.4108135294295
3001151,0.7217374037339473
3001152,5.90384334113894
3001153,0.386062682152127
3001154,3.719457935932099
3001155,2608.6703853427266
3001156,0.0009060366871151812
3001157,320.580144842997
3001158,4.594119784667476
3001159,995.6594684541977
3001160,878.4489904493885
3001161,417.2245956367384
3001162,163.70416372772894
3001163,84.76644236209992
3001164,4325.883593475374
3001165,10.4371576119971
3001166,0.8537600597560682
3001167,18.95999356970339
3001168,26.226237470697544
3001169,0.17217799411847978
3001170,254.38832834998468
3001171,0.36102207973078876
3001172,53.00707316860993
3001173,9.995012964796027
3001174,43.20709568356827
3001175,2.4974200489547216
3001176,214.3468524730909
3001177,239.48527066143185
3001178,1.5882352367816575
3001179,6.152373742746383
3001180,278.2509955582873
3001181,55.17180697895771
3001182,1436.926943815816
3001183,22.29288841573415
3001184,9.648570585495973
3001185,2.0748094473819756
3001186,0.10505735851680639
3001187,4.0983433126357
3001188,1583.806348464567
3001189,0.0
3001190,326.29873255312293
3001191,4.384624320352389
3001192,364.20552335463753
3001193,531.0814513715646
3001194,154.01082421748401
3001195,94.47906243458222
3001196,35.39055655431175
3001197,1972.4275770079255
3001198,6.886011868744549
3001199,0.5689291569507466
3001200,16.936477503116482
3001201,19.487148194773166
3001202,0.12164086049310194
3001203,129.80221862920587
3001204,4.995053293375352
3001205,15.846260564712981
3001206,9.167578109683312
3001207,55.7064700697296
3001208,1.3135252126104304
3001209,40.375991826208384
3001210,109.78570462200742
3001211,2.2300649796695318
3001212,3.754440957626215
3001213,119.11025958591594
3001214,43.3916138669978
3001215,1382.2639425055143
3001216,73.86402818549624
3001217,6.421838379589589
3001218,4.525497606414582
3001219,0.41781148824362424
3001220,3.8344305200533726
3001221,2136.7001873055697
3001222,0.004019634820939807
3001223,156.6948872287628
3001224,4.739053377726935
3001225,712.3582169166575
3001226,350.7048891802073
3001227,286.22955370538403
3001228,47.72674508414243
3001229,31.835922923816504
3001230,2919.4029956855834
3001231,22.730702628197463
3001232,0.8564561450819765
3001233,12.363918245608613
3001234,18.802214294242617
3001235,0.11560116745743851
3001236,153.80947081400845
3001237,5.0355697883579555
3001238,53.29925069996385
3001239,6.851547352490977
3001240,50.417326987878276
3001241,1.8406821436133023
3001242,109.3396816392653
3001243,147.41821639428193
3001244,0.9290495288651259
3001245,3.9706455777028333
3001246,97.9138182789327
3001247,23.0246938466494
3001248,498.104871004851
3001249,14.085578390864923
3001250,2.9021434534034043
3001251,5.203639020063318
3001252,0.012427777758431756
3001253,6.289064540345106
3001254,2721.914718341698
3001255,0.029407429456809093
3001256,576.2028955011755
3001257,9.552869355409825
3001258,892.378597408727
3001259,792.3596013099462
3001260,217.17421134129103
3001261,139.84593305486035
3001262,91.16507020950527
3001263,3727.4136927273075
3001264,38.04622838129966
3001265,1.0150923467450992
3001266,16.982743625800403
3001267,28.143633678070074
3001268,0.14514162467383343
3001269,254.24799199730316
3001270,17.323435784735313
3001271,25.754291475169484
3001272,10.370256275383817
3001273,84.43867069278353
3001274,6.912972496515798
3001275,388.06896747807076
3001276,244.74412225295984
3001277,6.62411345473438
3001278,6.323154681492992
3001279,405.5047708147315
3001280,102.1119904198868
3001281,3133.3215996401264
3001282,66.92160313649069
3001283,25.05664121892584
3001284,5.057969941247228
3001285,0.06627324916128817
3001286,4.902449998282683
3001287,2875.4973458294517
3001288,0.0
3001289,434.52385834583947
3001290,5.1584882977375255
3001291,1167.4250522426246
3001292,745.5241919023078
3001293,507.74825234754593
3001294,80.57122149295195
3001295,56.27570564082465
3001296,4252.4627652812505
3001297,8.76349959507137
3001298,0.3170100267773129
3001299,17.032909186016045
3001300,17.273790260360208
3001301,0.0
3001302,250.52010318342028
3001303,1.756668967133759
3001304,18.53229163588672
3001305,7.985072964514971
3001306,49.1867193507006
3001307,0.9556962927779874
3001308,218.44566116150628
3001309,290.69446710280005
3001310,2.635501627270306
3001311,4.431044348334581
3001312,222.8978583184461
3001313,56.23761032450781
3001314,1013.3564463213993
3001315,61.72649315547272
3001316,9.954489284308503
3001317,7.200219757501333
3001318,0.2654593253204751
3001319,4.229722173976045
3001320,2164.9466036419053
3001321,0.0
3001322,403.35665497436634
3001323,4.789293880918939
3001324,1119.0784305759128
3001325,589.3619783232102
3001326,282.8813587404124
3001327,218.16293328331213
3001328,61.78016439935643
3001329,3422.2081310117437
3001330,11.493056156083034
3001331,0.391272632743066
3001332,27.403125171882387
3001333,28.04920632722534
3001334,0.16608100553380406
3001335,248.6520006987757
3001336,2.301831192950319
3001337,13.941715405285887
3001338,11.687716147510626
3001339,72.85709249607295
3001340,1.3262908309303798
3001341,101.12588205083127
3001342,219.77247898714245
3001343,1.7340183612630264
3001344,4.839299612506734
3001345,135.84207653492928
3001346,113.51708664565513
3001347,1323.2303893747674
3001348,13.053563453780313
3001349,4.65179232811577
3001350,3.4584201488251325
3001351,0.13677699341577063
3001352,3.53224928219565
3001353,1402.869167818409
3001354,0.005564198340777628
3001355,146.56786298883983
3001356,6.120347868864442
3001357,605.0312971218459
3001358,309.6341048957539
3001359,162.54543304292784
3001360,42.038241793291874
3001361,40.04036799011119
3001362,2261.579305303861
3001363,6.969866766183436
3001364,0.5283774498096439
3001365,19.5351441720977
3001366,20.3135104257972
3001367,0.005106765987153474
3001368,144.3571820554913
3001369,0.699790221315278
3001370,53.28707586077378
3001371,4.633395781578685
3001372,80.92715308368213
3001373,1.8278068309117776
3001374,86.26394682347217
3001375,132.45623715582227
3001376,0.9216787689262649
3001377,4.363616866407572
3001378,109.36948538356113
3001379,26.824317773681457
3001380,571.2029526670901
3001381,15.234108271826702
3001382,1.5651535643871004
3001383,1.5550921347232092
3001384,0.005713253391839405
3001385,3.003768288366617
3001386,1491.3705987179453
3001387,0.10304445292455151
3001388,263.25778785090046
3001389,10.040112569202751
3001390,592.120156239412
3001391,464.78880662350457
3001392,132.24027512463374
3001393,42.57800707508094
3001394,53.58650389118502
3001395,2124.984928769361
3001396,20.85536631482946
3001397,0.35713131849675045
3001398,11.995521672031318
3001399,16.840094514241027
3001400,0.19707715246645552
3001401,142.97831814229696
3001402,9.648754738628465
3001403,11.61567510822567
3001404,7.697889744879369
3001405,57.94342394755957
3001406,3.726240342002994
3001407,585.1259859999232
3001408,152.2780859501254
3001409,2.607745124746853
3001410,4.30707730412649
3001411,273.5268171843285
3001412,29.60498145964017
3001413,1645.8021681394703
3001414,66.607088811111
3001415,6.200288925529704
3001416,2.1922335115814118
3001417,0.14463868259069385
3001418,5.115692247907541
3001419,3151.7549108011635
3001420,0.04428378997183327
3001421,674.73702245007
3001422,13.125801732824357
3001423,1110.339128677813
3001424,1228.172581004405
3001425,281.30100051057633
3001426,212.1180557039976
3001427,152.7795065450432
3001428,4191.069347010452
3001429,26.628352973907596
3001430,0.6888320702394156
3001431,18.673472344825548
3001432,33.818312029862135
3001433,0.033316515170548254
3001434,265.17520331443444
3001435,10.099534379183156
3001436,40.060553942673515
3001437,12.280450857886043
3001438,92.14069710225155
3001439,11.497398433614563
3001440,365.9457914108793
3001441,268.9225419166291
3001442,13.8993563433996
3001443,8.029288613162128
3001444,500.21050136784936
3001445,99.51373167034636
3001446,5036.079848602583
3001447,68.48276829765398
3001448,18.993814079906688
3001449,1.986810484785768
3001450,0.06141388976568572
3001451,4.040062050422173
3001452,1818.872213878122
3001453,0.0
3001454,291.7847220822848
3001455,4.233133643225119
3001456,369.8149538773696
3001457,468.1569475256828
3001458,144.5588493620186
3001459,87.62368033165085
3001460,63.32228740223161
3001461,1648.2736136769217
3001462,11.083793164110212
3001463,0.6799371780092647
3001464,14.913894605153288
3001465,20.273505286166078
3001466,0.0985929948376525
3001467,100.9931503154964
3001468,0.0
3001469,31.719815639645674
3001470,9.858538028987878
3001471,175.40014528829496
3001472,5.181388284991542
3001473,77.31251701389174
3001474,91.76014615003878
3001475,2.849191858019604
3001476,4.215547887326396
3001477,70.85168115120675
3001478,21.5623151410969
3001479,2157.1354817705183
3001480,14.465695030662776
3001481,2.669544235998887
3001482,3.0801190829333374
3001483,0.0
3001484,2.257891546071763
3001485,981.2860250394606
3001486,0.0
3001487,197.72413092814844
3001488,4.081243322366642
3001489,363.5485574972721
3001490,243.77394388003566
3001491,90.08769541567065
3001492,26.000530102674315
3001493,25.294718244220554
3001494,1594.1586333523833
3001495,8.961849243283437
3001496,0.3910229455674297
3001497,10.036372798613948
3001498,11.802416499563778
3001499,0.19526822957747106
3001500,88.20974478860437
3001501,0.07798500082594333
3001502,18.51249691909453
3001503,5.404025413624733
3001504,30.028104089145888
3001505,0.17738476476281312
3001506,221.2955166359421
3001507,117.4948789132175
3001508,1.8454990265546511
3001509,0.9552448150943864
3001510,116.31909606872223
3001511,16.87463706691729
3001512,805.0008430082756
3001513,12.222764540135413
3001514,1.5185885862252364
3001515,4.780400653475651
3001516,0.1851884573499896
3001517,3.8186255969343597
3001518,2658.5339973787754
3001519,0.1280080595619735
3001520,558.4640952117013
3001521,11.48706438802811
3001522,873.8111054655038
3001523,912.5076159445993
3001524,274.8437152987816
3001525,211.24457830203767
3001526,98.6452264117989
3001527,3581.684046639689
3001528,18.477980278799723
3001529,1.8759378798070871
3001530,19.07429432834613
3001531,27.609602072708945
3001532,0.19632226149359747
3001533,255.88719566985898
3001534,4.158427076558091
3001535,36.79028929484091
3001536,10.928528294698102
3001537,133.46367599539
3001538,3.0448542908264833
3001539,260.46887334329324
3001540,234.0434772703933
3001541,7.4069007078737235
3001542,7.411620790869631
3001543,339.0591180248125
3001544,70.11190079315192
3001545,3729.2605840547276
3001546,12.420688842721418
3001547,12.582383117968279
3001548,5.264519942138688
3001549,0.0
3001550,3.7291529443269793
3001551,2690.6927774174064
3001552,0.0
3001553,525.5350336790549
3001554,11.947064231129458
3001555,865.6737170276655
3001556,895.8153217600179
3001557,325.3547329325351
3001558,210.14415808040238
3001559,57.74132093435154
3001560,3859.4756595439585
3001561,8.591655555472896
3001562,0.5457328437739638
3001563,24.854938419798497
3001564,21.689146856680672
3001565,0.42153174960976303
3001566,230.88836387181354
3001567,0.0
3001568,16.4246331248459
3001569,6.185734455167401
3001570,55.69611310008101
3001571,0.9568236036367596
3001572,167.61626527681142
3001573,238.4146125998501
3001574,3.5334346609728935
3001575,3.5755930417456647
3001576,172.02370214198845
3001577,66.9631322802839
3001578,1678.4962518037828
3001579,12.178064518203847
3001580,2.719679788338497
3001581,4.648368818314781
3001582,0.21976953329667898
3001583,3.6139037601645527
3001584,2420.2212092394584
3001585,0.0008284870007524921
3001586,503.60429480010595
3001587,8.180759972004624
3001588,795.7272620719436
3001589,748.0215498887814
3001590,234.90362072330913
3001591,167.31213015769558
3001592,59.09539255552354
3001593,3514.2929172371155
3001594,10.470797185355321
3001595,0.8345923999173569
3001596,20.12326954672813
3001597,22.199971869561477
3001598,0.03345712942975146
3001599,199.65460597459023
3001600,0.0
3001601,19.436018201691507
3001602,7.632085036437248
3001603,113.1430829870182
3001604,1.0579453954688365
3001605,100.75800321137876
3001606,213.4081405570667
3001607,3.879989111093567
3001608,3.566649134953249
3001609,150.75891994785025
3001610,56.42701844125708
3001611,1218.8888413718328
3001612,16.55306190495962
3001613,4.7835711433588175
3001614,8.957327793830169
3001615,0.788941231167483
3001616,12.931938536715807
3001617,7618.055879212499
3001618,0.05707394869589947
3001619,1135.156678411728
3001620,35.95007779518726
3001621,1710.665002556427
3001622,1949.6322014799032
3001623,334.56194575300594
3001624,418.7505882514854
3001625,313.93772920890274
3001626,7914.823039205656
3001627,70.3685308770881
3001628,2.0783525366701254
3001629,49.94092564333363
3001630,57.95703281225844
3001631,0.3654305367100727
3001632,507.4961304093542
3001633,32.41406587927324
3001634,69.50418031501124
3001635,24.713247783901007
3001636,211.319287523941
3001637,22.59659557558258
3001638,653.9197534734411
3001639,479.28824603692294
3001640,14.950539667616576
3001641,21.132453479458334
3001642,961.5326826022084
3001643,232.5238679349098
3001644,10178.925621046868
3001645,13.960975579170485
3001646,68.16558635957443
3001647,2.2507989475339882
3001648,0.28875240418046627
3001649,2.1881668995047483
3001650,1420.9121527931593
3001651,0.008871563466385634
3001652,147.3008236676003
3001653,3.0831096255734733
3001654,520.4789062330259
3001655,267.8133558500765
3001656,116.90752511950316
3001657,107.9065561130174
3001658,38.37228584586015
3001659,2428.8816825743893
3001660,3.4269702303067966
3001661,0.28398940904949915
3001662,12.062736937059858
3001663,11.602715046502142
3001664,0.19268331882891662
3001665,203.8053982153126
3001666,0.3280676880811367
3001667,54.415516452619585
3001668,6.15276737065377
3001669,38.23787391650746
3001670,0.5349676555556485
3001671,50.83922665615319
3001672,101.3262564913233
3001673,1.5971403737308416
3001674,3.4547070789121848
3001675,83.52056628671235
3001676,15.706232230911315
3001677,611.7184547744125
3001678,37.57610141609183
3001679,3.261945428265626
3001680,5.8452261035749
3001681,0.14690924032559055
3001682,3.5274025472119868
3001683,2448.40616525919
3001684,0.006457946813092563
3001685,479.6005494175758
3001686,7.290545311687547
3001687,1096.7569788172893
3001688,752.6266013394213
3001689,229.61968621839856
3001690,215.1050245466715
3001691,67.64212119515955
3001692,3976.206478544561
3001693,10.029486059188173
3001694,0.22643278733738692
3001695,20.29104098684041
3001696,22.870037313813363
3001697,0.08785309781091426
3001698,251.67583355553646
3001699,0.8392738123690634
3001700,18.434244425993175
3001701,11.140203062461477
3001702,29.30671098731837
3001703,1.0722996084880199
3001704,275.8038215798419
3001705,236.92000622328874
3001706,2.7253291639533432
3001707,5.286212591056391
3001708,108.62707260467552
3001709,57.91020386576737
3001710,1554.1257394652607
3001711,15.302560788561376
3001712,4.04638564632583
3001713,1.0114712018887906
3001714,0.0
3001715,2.232064539461661
3001716,812.0890654432052
3001717,0.0
3001718,113.26896338174996
3001719,2.350082682554508
3001720,521.7295073723508
3001721,190.30314025279984
3001722,92.4375618313356
3001723,163.28627431236313
3001724,14.99347512799501
3001725,1505.9473045477528
3001726,1.2395382780757216
3001727,0.2162019137312915
3001728,8.113793418218561
3001729,9.595457953800594
3001730,0.07138723437121895
3001731,85.94942699677189
3001732,0.0
3001733,53.265957932431704
3001734,8.50975167118129
3001735,34.39926650119825
3001736,0.2273571926792582
3001737,57.83681260407191
3001738,74.27008916974627
3001739,0.42074368581084015
3001740,0.850483482975829
3001741,44.96543502345495
3001742,8.8987514276523
3001743,232.46273535595245
3001744,66.24688851724555
3001745,1.222018305113912
3001746,5.5008130532589385
3001747,0.0
3001748,3.5051366742740315
3001749,1803.2409583344072
3001750,0.0020450066273028675
3001751,205.21499040288458
3001752,5.846490155106587
3001753,746.5112173796183
3001754,413.0352000332872
3001755,154.0395807046156
3001756,125.86003111792878
3001757,46.01058307969932
3001758,2524.8019219214275
3001759,2.281116023328616
3001760,0.42039577994648636
3001761,22.120644387931296
3001762,19.10443407096068
3001763,0.180012128711486
3001764,173.2781581266917
3001765,0.0
3001766,53.87685732270179
3001767,12.449377227269421
3001768,44.87117533805565
3001769,1.0294387004669605
3001770,211.4082583557916
3001771,172.73121644579686
3001772,1.145126905613771
3001773,3.1172605873978054
3001774,175.99943778520068
3001775,27.204814764083952
3001776,1380.1014019556067
3001777,66.97326859408103
3001778,0.6438100196041969
3001779,2.792717263385392
3001780,0.2650113917796724
3001781,3.189600095220251
3001782,1987.1702722397931
3001783,0.02644106978822034
3001784,530.258674111585
3001785,7.1671144293325515
3001786,711.9906428316095
3001787,678.5162714789478
3001788,207.23532487495007
3001789,112.34653469892454
3001790,55.900282587809954
3001791,3407.1524849176017
3001792,5.227179819171089
3001793,2.5331396257776455
3001794,28.253548963071864
3001795,37.31058978680496
3001796,0.15260936830449132
3001797,197.68163285741463
3001798,1.581073150258221
3001799,18.508634028667515
3001800,8.128662713525415
3001801,36.400971238706646
3001802,1.848659110575331
3001803,147.10581202596126
3001804,265.2891467592087
3001805,2.777303115117161
3001806,4.834453735887098
3001807,123.962786202674
3001808,27.056736329706844
3001809,753.14183676206
3001810,23.97472198620906
3001811,2.5045894793855377
3001812,2.8005140508860027
3001813,0.0
3001814,2.0429388824434453
3001815,1171.6147819233788
3001816,0.0
3001817,100.91953289582382
3001818,2.0300193340719375
3001819,409.0308902527887
3001820,172.5038137378898
3001821,85.30339759272326
3001822,112.42735632461351
3001823,35.679238073778926
3001824,1635.3625922278486
3001825,4.130724255153033
3001826,0.280059009814801
3001827,8.267921914255853
3001828,10.884689785597486
3001829,0.12048126719372085
3001830,94.56045689700434
3001831,0.0
3001832,52.965918895400755
3001833,5.430295305787094
3001834,61.47206225151616
3001835,0.4703408000454158
3001836,159.5813271523194
3001837,78.15717499123264
3001838,0.6762415186045077
3001839,0.966862317459585
3001840,39.94041889900093
3001841,14.67354877853393
3001842,427.0119016840204
3001843,36.5808716995234
3001844,0.4064173149252822
3001845,3.5223802340801953
3001846,0.0
3001847,2.215125868981429
3001848,2696.574505941199
3001849,0.0009515497583021394
3001850,409.5719877187996
3001851,6.483301544661024
3001852,757.4657608561073
3001853,611.323393828836
3001854,183.78847310969323
3001855,104.84122338019324
3001856,70.17370944738875
3001857,3284.5242374836766
3001858,4.790989206903483
3001859,0.3133254275940164
3001860,21.25228385373195
3001861,11.724322552529351
3001862,0.10856246585520901
3001863,183.89225507001962
3001864,0.0
3001865,32.30456031719694
3001866,8.157936911395916
3001867,69.68814336154541
3001868,0.7463275436476461
3001869,190.61921281615605
3001870,193.7396931506327
3001871,1.8764528334984834
3001872,3.0367535035766204
3001873,103.14568820815781
3001874,39.12382388371127
3001875,1354.262092694381
3001876,13.829141076018686
3001877,0.7907395468708557
3001878,3.090205784301281
3001879,0.035834082054059045
3001880,6.462928175320688
3001881,3364.3981166559474
3001882,0.04882496885950847
3001883,482.1738312990255
3001884,6.736382387394273
3001885,960.3347802363729
3001886,876.1654301832435
3001887,170.5616952212567
3001888,123.1892999015789
3001889,107.96644661494395
3001890,3844.286411309669
3001891,51.64894673720476
3001892,1.1238262413858058
3001893,28.894346469236712
3001894,29.40298031644941
3001895,0.24027053712201787
3001896,258.7059973036747
3001897,17.56283736369719
3001898,27.88204865731166
3001899,6.461377768392429
3001900,113.92728868823718
3001901,8.473890765959773
3001902,207.8408784312506
3001903,257.7234697599933
3001904,10.374745753240072
3001905,12.343266507824259
3001906,243.17200883248378
3001907,69.45296395558408
3001908,3570.4255289537164
3001909,68.18236338922202
3001910,10.39279877797938
3001911,4.033451338297169
3001912,0.0068226460080327124
3001913,6.499398678742544
3001914,2308.9877253101117
3001915,0.014175336516931305
3001916,401.6257119940745
3001917,9.344118791237488
3001918,946.5732798731023
3001919,768.8954562825123
3001920,136.34584730711748
3001921,78.61521663718743
3001922,97.33228595889452
3001923,3631.871819223607
3001924,22.93186109688513
3001925,0.8304644468030554
3001926,29.401214548562162
3001927,58.51411068915261
3001928,0.010999968543290715
3001929,279.67047572441254
3001930,15.019942285708794
3001931,24.573433011089342
3001932,11.269128509416754
3001933,92.92399459038035
3001934,8.139894273999047
3001935,184.16328485140423
3001936,373.3235612121634
3001937,5.6015943576045535
3001938,8.528995855679279
3001939,111.16608653749391
3001940,69.3500379322253
3001941,2740.144146301086
3001942,14.418583290894702
3001943,11.17383523714995
3001944,6.365626577663819
3001945,0.22311574301499337
3001946,3.8328725575307674
3001947,3096.565759585621
3001948,0.014200478324474464
3001949,612.0992721620198
3001950,5.278363542453836
3001951,1297.5807895950193
3001952,626.492177130487
3001953,198.97255883339838
3001954,350.71680031617416
3001955,54.515114716439115
3001956,4952.620444099049
3001957,23.856566871775076
3001958,1.13749029663628
3001959,20.7709724719935
3001960,19.84279295489582
3001961,0.10147410469211211
3001962,263.35901216057005
3001963,3.872332819732005
3001964,20.75117156728655
3001965,10.949329978905565
3001966,58.77781324886389
3001967,2.7253556724748367
3001968,135.03844959239106
3001969,244.48666792516542
3001970,5.390868011198479
3001971,7.50307212553626
3001972,190.30328813503894
3001973,52.886471109820654
3001974,1756.6087137480006
3001975,19.427473250608557
3001976,10.718583880322523
3001977,2.9476204191071655
3001978,0.21889616187997815
3001979,4.665836689538406
3001980,2331.7612969333336
3001981,0.10252311417473749
3001982,347.00931700214727
3001983,5.76562172088831
3001984,758.027125992922
3001985,721.1861278733925
3001986,185.01138584960475
3001987,122.98472277117311
3001988,73.41461673091354
3001989,3110.435554491462
3001990,20.26458622940127
3001991,1.047033531898388
3001992,13.070832188669042
3001993,13.509437006549808
3001994,0.12314691190552264
3001995,229.8215152347435
3001996,13.865091368152115
3001997,28.655730635627947
3001998,6.750746792984107
3001999,79.2684690431083
3002000,5.61515715906745
3002001,289.15866982368175
3002002,223.573309981024
3002003,4.763491023093123
3002004,6.970906531597528
3002005,332.91614902681573
3002006,46.756953722910445
3002007,2954.41643020126
3002008,59.92585547167178
3002009,18.73493275237655
3002010,3.051939210178505
3002011,0.16072380734332412
3002012,3.8096606152064703
3002013,3989.3927337855366
3002014,0.012437846030028437
3002015,404.3276543612381
3002016,7.31494761241989
3002017,1512.7520193904409
3002018,761.6723233260064
3002019,294.45552459186723
3002020,146.0964541011133
3002021,60.84453268629073
3002022,5046.218362578496
3002023,9.211297402778479
3002024,1.5621320247657657
3002025,22.319388945583846
3002026,26.364364226959005
3002027,0.19884628555498615
3002028,323.17911480248205
3002029,0.001011694302628722
3002030,31.3540921037816
3002031,11.631877524184794
3002032,44.33803042574097
3002033,1.581156927742811
3002034,133.5351459798826
3002035,272.52391534409117
3002036,2.6058458226376886
3002037,7.9874073999244555
3002038,155.63358427754417
3002039,51.787063331114744
3002040,1375.3386382177714
3002041,68.69432807449775
3002042,4.153154147517927
3002043,5.2898908765077515
3002044,0.04320260627655546
3002045,6.802675115177911
3002046,2478.7521468732007
3002047,0.018378397927354774
3002048,427.44377920548186
3002049,8.396241174987875
3002050,980.2021948835354
3002051,701.0542141806201
3002052,218.20999588367667
3002053,114.3404821981124
3002054,103.94500841418504
3002055,4509.965011710959
3002056,28.211901331965947
3002057,0.9760079203841917
3002058,21.163928541175764
3002059,34.274974485853924
3002060,0.10084071270528032
3002061,236.0187408784723
3002062,13.730516121059413
3002063,27.30874507841801
3002064,11.109186771978784
3002065,110.33211275445835
3002066,8.6403304748025
3002067,193.49972496015135
3002068,337.72052862353644
3002069,9.378183275427451
3002070,7.393919775438083
3002071,166.61443380263952
3002072,53.36817676767291
3002073,2663.9163192492592
3002074,12.535500420207052
3002075,4.795135759310229
3002076,2.6784939421198253
3002077,0.012316623833603246
3002078,4.764368656070986
3002079,2830.637417036961
3002080,0.03249403717074154
3002081,434.28474618123164
3002082,7.688441705343063
3002083,757.0187842700878
3002084,833.7910910440958
3002085,170.56900813950355
3002086,117.9384070059854
3002087,100.81736649825872
3002088,2993.2408048631187
3002089,24.02412977210235
3002090,0.7913272201239919
3002091,21.274866547071568
3002092,22.687465409557916
3002093,0.10611678354845706
3002094,221.28250567343707
3002095,12.171974528952429
3002096,39.66392183362283
3002097,9.212934291948178
3002098,76.90844547646348
3002099,7.879740993812791
3002100,215.12983803187385
3002101,224.16360826847026
3002102,6.474397656262964
3002103,6.716375722295663
3002104,221.88327568318493
3002105,52.14718549067132
3002106,3184.5825146531383
3002107,38.41121941990889
3002108,11.993780365892828
3002109,4.05556510565159
3002110,0.069912922350174
3002111,4.027078697248951
3002112,3994.981298258915
3002113,0.0
3002114,476.60656991401873
3002115,10.166311792067562
3002116,961.9929266825343
3002117,672.3793594016029
3002118,251.35076558493247
3002119,152.6277320318705
3002120,43.603769096167
3002121,3950.2456657691837
3002122,6.037455407709783
3002123,0.13239939625403066
3002124,13.76226795486411
3002125,20.901935505303346
3002126,0.10364479541486366
3002127,213.97128304080087
3002128,0.0
3002129,18.725994879248134
3002130,6.58028271745226
3002131,66.01862081155245
3002132,2.1962976003261163
3002133,144.64281026212734
3002134,226.17615736310185
3002135,2.2481629768739655
3002136,2.0141289562107563
3002137,161.50930449286517
3002138,85.37575898622768
3002139,1246.2060315589392
3002140,12.69626791685239
3002141,0.5121744276075045
3002142,12.19850556768677
3002143,0.017410361799612008
3002144,14.793950544673134
3002145,8758.31749419396
3002146,0.03640834253814504
3002147,1401.2620118492725
3002148,23.390046746061813
3002149,2470.6317404018146
3002150,2262.2594340304045
3002151,479.72900739251713
3002152,522.5889842928847
3002153,375.30380609552844
3002154,8630.660754094059
3002155,80.21247517970232
3002156,3.148399455501043
3002157,88.09710254288127
3002158,110.49823270742436
3002159,0.3488152116096613
3002160,652.7676842591478
3002161,29.274148982444498
3002162,29.878915686673185
3002163,42.518818703976606
3002164,324.1977944264161
3002165,20.54333826508318
3002166,719.6736418916885
3002167,556.6735749444912
3002168,31.239618515940833
3002169,29.262446202242394
3002170,950.6735382137248
3002171,308.42044823987464
3002172,10809.912356619792
3002173,242.5766587558844
3002174,76.35665950589826
3002175,12.219604499530135
3002176,0.004477824012708971
3002177,11.689312338102932
3002178,8073.380243274895
3002179,0.07431189504822062
3002180,1055.8412214019245
3002181,22.546032971192805
3002182,2233.476356042823
3002183,1995.3989753531198
3002184,600.3353522793223
3002185,311.52964119065433
3002186,248.96107286964974
3002187,9222.50618985199
3002188,109.91974713140542
3002189,1.1483931386759645
3002190,56.91743259699518
3002191,74.53152588634435
3002192,0.5157246128562486
3002193,587.6990166831525
3002194,25.935365113636173
3002195,37.763360327407845
3002196,11.345677408222894
3002197,210.98065361256258
3002198,14.680009427148635
3002199,905.2052249178188
3002200,648.5960768040422
3002201,17.804093930190632
3002202,23.694973713365567
3002203,1017.230688341135
3002204,224.28374143370462
3002205,7612.578946782238
3002206,419.6103575459357
3002207,66.76073251073635
3002208,8.676267393440135
3002209,0.0
3002210,15.402999940348092
3002211,5021.2260539378985
3002212,0.11699944071361802
3002213,824.5078534363686
3002214,11.609002960339625
3002215,1842.977600436983
3002216,1305.382790832391
3002217,628.4605193214571
3002218,110.70293495129005
3002219,169.5572698573898
3002220,7467.78052611934
3002221,39.89515832112851
3002222,1.687216148568908
3002223,30.09574748855117
3002224,25.576269124570654
3002225,0.2795137900053608
3002226,552.2771103928386
3002227,22.620741425351483
3002228,27.936666631368308
3002229,14.570890405291996
3002230,115.72325495569153
3002231,7.1377665409406434
3002232,794.7119139836497
3002233,594.879839956183
3002234,18.014912800337516
3002235,31.564322399018476
3002236,584.5208328462867
3002237,121.60771515995901
3002238,3400.372463849164
3002239,454.63355861421974
3002240,35.04253546012669
3002241,12.22500293587197
3002242,0.007442568900256274
3002243,16.060036921026345
3002244,7357.669093823365
3002245,0.12971064377442348
3002246,946.666385741923
3002247,16.47194203411941
3002248,2019.7335221208214
3002249,1917.9939907777077
3002250,548.3132038277209
3002251,301.15120372871405
3002252,216.28085976025537
3002253,8535.172408261351
3002254,44.672929203246596
3002255,1.327985768464097
3002256,50.19830240164462
3002257,72.83905297597596
3002258,0.47310432361412214
3002259,553.7421300382158
3002260,28.34439775707255
3002261,31.00967062394392
3002262,13.631483567398675
3002263,186.68938313321706
3002264,10.783564626845989
3002265,709.2421278110216
3002266,591.3272773581805
3002267,18.378420200914345
3002268,26.77789465973383
3002269,921.2398341046996
3002270,210.38801529716258
3002271,7066.665058469925
3002272,437.9662155654808
3002273,57.48887374586215
3002274,9.061168222535118
3002275,0.0
3002276,14.827741277047984
3002277,3818.310465999735
3002278,0.0
3002279,665.5207121843068
3002280,14.139184295962325
3002281,1620.0693517743182
3002282,1070.6633994274569
3002283,487.3339885036137
3002284,88.54013435962464
3002285,138.20506155818626
3002286,6097.48541403262
3002287,34.76539019087698
3002288,0.29252095926503036
3002289,26.865818760902908
3002290,58.261461236890284
3002291,0.141720523551079
3002292,477.5334571267372
3002293,23.399846887360848
3002294,31.509592097327214
3002295,7.552115761842565
3002296,109.79319525187843
3002297,4.537814077493429
3002298,625.0073901945875
3002299,720.1224307811117
3002300,12.338278730465921
3002301,20.588448260445293
3002302,604.3856538717728
3002303,86.50484216564445
3002304,2369.4323594153193
3002305,339.2919004904753
3002306,16.061650514786603
3002307,9.471600553611568
3002308,0.02075706713325998
3002309,11.089410781945213
3002310,6078.894486905979
3002311,0.04150954036624198
3002312,1131.184105700718
3002313,22.390935699452513
3002314,1628.4199436155595
3002315,2006.2360354946284
3002316,404.8719209230033
3002317,414.9215942731841
3002318,293.3105605995882
3002319,7806.719155344347
3002320,56.25501117143748
3002321,1.182122320586082
3002322,41.96749886249908
3002323,63.587265107175924
3002324,0.3960920437895013
3002325,441.24814718705085
3002326,13.328054023634786
3002327,32.32464625990389
3002328,16.903795072027098
3002329,247.36575093847458
3002330,14.449594157576898
3002331,638.5210176310272
3002332,506.94849838496367
3002333,16.267010296976206
3002334,27.700855716066723
3002335,837.4721092180348
3002336,217.04986823283394
3002337,10114.022515060344
3002338,411.6127662252773
3002339,65.08653303572497
3002340,4.554916165796094
3002341,0.24841331146276063
3002342,6.110506896867497
3002343,1760.6521976672877
3002344,0.03783518840749003
3002345,323.62698311687035
3002346,18.594082719561957
3002347,834.8833055266249
3002348,558.4191911275392
3002349,223.04184110263037
3002350,77.7053178082119
3002351,77.36851993463448
3002352,2915.1721597923984
3002353,44.73714138383547
3002354,0.8850804537385847
3002355,25.35327087892754
3002356,24.13070776823354
3002357,0.26154286689186207
3002358,211.66551449023322
3002359,10.46074503713704
3002360,17.94222199260328
3002361,13.181985512892128
3002362,70.28516970628023
3002363,5.8985990232046035
3002364,229.28023696497482
3002365,273.2651723592123
3002366,2.862569470124905
3002367,6.049750299104773
3002368,218.36127637642878
3002369,53.87082780513761
3002370,2026.548396908793
3002371,11.844854027589873
3002372,8.416527770466397
3002373,7.822108032690767
3002374,0.0020048232337166964
3002375,11.56522189995455
3002376,3913.749544198711
3002377,0.04978923355258675
3002378,496.6887899274988
3002379,24.885199016337616
3002380,1386.1670158401039
3002381,1043.2021094794522
3002382,390.0943478136412
3002383,86.5201193073401
3002384,127.98401466978467
3002385,5909.855837405347
3002386,89.34547671014673
3002387,0.9645918136772362
3002388,42.22942182732677
3002389,34.51387985842952
3002390,0.14688450949511433
3002391,393.54325177121154
3002392,15.65864770694169
3002393,25.502257626292625
3002394,8.044747026407077
3002395,146.86227562625942
3002396,6.546088929410391
3002397,494.71686468732327
3002398,446.36206536156726
3002399,9.127909951262955
3002400,18.61166993975605
3002401,342.83116934572007
3002402,74.1767715915216
3002403,2777.2936034996856
3002404,307.3735054273221
3002405,13.131490396725457
3002406,5.715383579623826
3002407,0.012438411870029736
3002408,5.4070687173906915
3002409,4325.292963164949
3002410,0.11911607701633598
3002411,880.4580524066452
3002412,8.182159438178278
3002413,1457.9169356275122
3002414,1589.3977640142423
3002415,236.28507212910577
3002416,322.5195840783548
3002417,230.38342531694315
3002418,5130.048314811072
3002419,36.269073059576336
3002420,1.1729684190404501
3002421,28.577634483427087
3002422,40.46962115526286
3002423,0.2747429278949355
3002424,345.97378258232646
3002425,1.867363280561297
3002426,53.70642279674828
3002427,10.443474304101493
3002428,136.70931658235068
3002429,8.78329696037825
3002430,536.5211042807294
3002431,293.55705843794277
3002432,15.25653037519763
3002433,8.196347987677594
3002434,711.7122272783224
3002435,119.76626135725621
3002436,7590.717730244514
3002437,23.980015007274474
3002438,39.09797411081264
3002439,7.942945036445011
3002440,0.0
3002441,8.203545646981418
3002442,3661.2281570370087
3002443,0.0028068478903016214
3002444,837.7287237556158
3002445,9.092977278240875
3002446,1430.8865209820067
3002447,1056.9482471146307
3002448,317.4070662007056
3002449,177.78062092453317
3002450,218.27177655814285
3002451,4495.882798385118
3002452,34.39098323162028
3002453,2.1537393878744777
3002454,38.74987992635762
3002455,54.374899846531214
3002456,0.21963536904875738
3002457,310.82910511384097
3002458,5.328666293174484
3002459,69.91520761370961
3002460,11.863595323542063
3002461,241.78363616529774
3002462,7.082595062991288
3002463,335.0484134644148
3002464,308.1257906693546
3002465,10.899114269780972
3002466,19.17960608747517
3002467,328.975357737229
3002468,94.08597882915826
3002469,4533.935373456688
3002470,23.11932543646565
3002471,8.315904465223191
3002472,8.439907826511833
3002473,0.38885325714196706
3002474,5.415892409985894
3002475,1760.3107917335267
3002476,0.3307977492744394
3002477,330.4530404515142
3002478,7.492188948402476
3002479,792.799654479762
3002480,443.5895407583776
3002481,201.89419266730712
3002482,59.82464081384357
3002483,75.5144003585694
3002484,2234.3793232959742
3002485,14.637773897487147
3002486,1.7158515219258446
3002487,25.59928268958388
3002488,26.54016925977363
3002489,0.49308978548981025
3002490,202.8848206170584
3002491,5.188079565005061
3002492,19.53419854944858
3002493,11.691724942014613
3002494,76.32142746372837
3002495,3.8423821481577183
3002496,163.71566313979503
3002497,201.04231574445964
3002498,4.766511533752609
3002499,6.4733651288084335
3002500,119.47719970035453
3002501,50.151602697927416
3002502,1937.188439268832
3002503,57.42718196754098
3002504,3.851410502859872
3002505,6.628720309921382
3002506,0.3250893648933676
3002507,5.357295622963456
3002508,2228.724592901484
3002509,0.3307977492744394
3002510,196.4336113830557
3002511,4.59037935690332
3002512,676.0796802356053
3002513,234.27022425483906
3002514,188.63458126656735
3002515,44.69777591035286
3002516,26.09667894610259
3002517,2351.754914736844
3002518,9.70180614136429
3002519,1.1725998172265129
3002520,20.401150390153482
3002521,15.084873469039822
3002522,0.45175407985537513
3002523,173.14700630429576
3002524,0.30818982232485387
3002525,131.13194295747883
3002526,7.361607044551072
3002527,32.11580193736879
3002528,1.429457122265284
3002529,40.500299685681945
3002530,153.78870274026292
3002531,0.5500172445287604
3002532,2.415512877376409
3002533,43.59407342677862
3002534,56.0906541649073
3002535,588.0482124957637
3002536,177.37484518794093
3002537,2.5887169271494543
3002538,4.968020900862617
3002539,0.09050548583387355
3002540,5.993184028294426
3002541,3081.702346358311
3002542,0.012820233835404926
3002543,464.8266158306766
3002544,9.231015484585471
3002545,1091.2673286023924
3002546,884.1580489503382
3002547,318.0934380182848
3002548,153.96222834738413
3002549,116.39305851283613
3002550,4545.298425643326
3002551,26.656783692994537
3002552,0.9203777712357166
3002553,23.159391887630207
3002554,54.013404983923216
3002555,0.04426536356776609
3002556,317.7796464163051
3002557,19.09233486072208
3002558,24.840046062629217
3002559,11.630190683588015
3002560,84.07929691606145
3002561,5.393349910705744
3002562,398.7245056753092
3002563,274.6431283578289
3002564,6.962273782766774
3002565,11.147702694036555
3002566,448.6598342006104
3002567,83.103981706845
3002568,3397.473830064465
3002569,69.72359272496365
3002570,29.266504237668556
3002571,4.243761726108623
3002572,0.13647139722678492
3002573,5.634139058632346
3002574,3902.9465512117563
3002575,0.20129564908434508
3002576,646.4156498571425
3002577,14.991900652920988
3002578,1013.1859632895657
3002579,1360.1525981823813
3002580,207.66542600571904
3002581,258.7693122214235
3002582,203.39840891397253
3002583,3933.3055404761185
3002584,34.636145667468945
3002585,2.3621185884987166
3002586,24.613303042689367
3002587,31.992137807828097
3002588,0.5169061191705007
3002589,260.9259204050237
3002590,11.471595484496032
3002591,45.31045541440024
3002592,11.829143395247078
3002593,169.33416301876548
3002594,11.079575943421187
3002595,431.1877133886161
3002596,251.10008272463804
3002597,5.995234363056528
3002598,11.820299718082005
3002599,603.0281029615114
3002600,146.07909457850045
3002601,6569.975091545333
3002602,22.355106453192224
3002603,34.95985246558086
3002604,4.0605835642081525
3002605,0.3427701969136544
3002606,9.780394036833894
3002607,4280.988403734261
3002608,0.07762485151985876
3002609,763.6319795701489
3002610,16.75347936383788
3002611,1231.3834747375415
3002612,1349.891953196251
3002613,271.95824306333554
3002614,291.9208011831467
3002615,146.63856450138599
3002616,4860.143808487606
3002617,35.420359425292155
3002618,2.706004378072399
3002619,32.46357427149795
3002620,59.288002559777816
3002621,0.037741522217669465
3002622,355.1908788482993
3002623,26.24542796393584
3002624,36.7884235735498
3002625,22.560272697191717
3002626,139.49967915526636
3002627,15.582153371437462
3002628,383.90875556559746
3002629,329.2344741889629
3002630,15.282560329402708
3002631,16.150864277734463
3002632,486.4757674063332
3002633,144.65202646841078
3002634,6111.539927111909
3002635,12.914575220332067
3002636,31.79864311735199
3002637,8.708126533712388
3002638,0.20829114044151306
3002639,6.379674698088991
3002640,2876.2145236122456
3002641,0.0076419973632250535
3002642,439.7156527458268
3002643,10.903134059026113
3002644,1337.723212703905
3002645,773.1640357366014
3002646,447.5621447457437
3002647,181.002091319814
3002648,79.19219256341503
3002649,5384.12160974351
3002650,7.708526150944757
3002651,0.8439794608569969
3002652,38.824220019450344
3002653,37.75021992722992
3002654,0.007183619816346445
3002655,327.4647658452698
3002656,9.168545930925598
3002657,16.733920197091404
3002658,9.941986786577933
3002659,51.774828858187014
3002660,2.5023325806941457
3002661,301.49158968378305
3002662,373.4471205657877
3002663,5.6016652201918005
3002664,6.107175250176175
3002665,284.36393987637314
3002666,82.22563351064655
3002667,1572.823488779193
3002668,124.28274885009482
3002669,11.741046940277572
3002670,3.88022681701824
3002671,0.05895739296418454
3002672,3.540457709042976
3002673,1981.0845578134636
3002674,0.11210696588189197
3002675,327.5458657106753
3002676,11.175580357347133
3002677,621.4741787036581
3002678,655.0156720347838
3002679,129.41525938868244
3002680,129.39621236721618
3002681,108.06530001113988
3002682,2460.055893660845
3002683,18.223062304790883
3002684,1.2216977926358545
3002685,17.78106431288359
3002686,22.550276095076697
3002687,0.3790310803482472
3002688,178.32648269526453
3002689,11.945521009809111
3002690,14.18023869939596
3002691,4.445668409188826
3002692,91.75973299406479
3002693,5.03422534870424
3002694,248.23191454606211
3002695,156.8702187781842
3002696,3.567462692614945
3002697,6.9473186709094605
3002698,328.06927304474266
3002699,63.56366801613743
3002700,2083.541460246787
3002701,0.04328114059146128
3002702,20.062685860958865
3002703,0.9186458707118922
3002704,0.0
3002705,2.417032696750638
3002706,1194.4492598579127
3002707,0.0
3002708,79.39229043836119
3002709,2.868264808731947
3002710,645.9233466266755
3002711,220.00953902523958
3002712,189.33854077588964
3002713,34.746425170969225
3002714,24.968999383562334
3002715,2263.5709751669046
3002716,3.3271766769499393
3002717,0.22677445446260763
3002718,6.124502418286552
3002719,4.870778654376179
3002720,0.06250489521761923
3002721,133.9422562075773
3002722,2.1394067131564083
3002723,0.0
3002724,1.0151985293483463
3002725,9.911005507149124
3002726,0.2692062735280657
3002727,210.10501541487437
3002728,140.56212858843284
3002729,0.5468159009621149
3002730,2.728854497324
3002731,110.90055969266001
3002732,20.83441263071218
3002733,209.96729406449518
3002734,0.5908544469945279
3002735,1.0351519184785918
3002736,5.486834918564633
3002737,0.15505142202388916
3002738,4.1926023476956225
3002739,3806.6580758341697
3002740,0.010977135285135416
3002741,612.9141084696001
3002742,9.833823688561361
3002743,1473.3869803771063
3002744,523.4647023300956
3002745,411.6724464951768
3002746,158.34180121357574
3002747,66.19540376739663
3002748,5895.331214567955
3002749,23.390815976995093
3002750,0.4703046594890336
3002751,21.539245262380295
3002752,17.98040567211887
3002753,0.12749477436605194
3002754,377.7534255118796
3002755,8.725796334959846
3002756,1.4444326807086516
3002757,7.013936891053098
3002758,30.24498406976474
3002759,1.8200465768742868
3002760,783.1810122895484
3002761,298.8914780923317
3002762,1.8507226228514748
3002763,11.571589889529681
3002764,289.87932483474367
3002765,84.93913418286067
3002766,1106.4366177868178
3002767,19.862794275060168
3002768,6.918330633817422
3002769,4.285331308771056
3002770,0.006421442949101267
3002771,0.5678350147560353
3002772,1400.2288386040534
3002773,0.010574530370881421
3002774,144.4949675306686
3002775,8.386358002323961
3002776,734.8412055815285
3002777,360.8327185172742
3002778,180.1541010401881
3002779,53.907546471512866
3002780,31.990090973946558
3002781,2636.704928790228
3002782,6.206848240658569
3002783,0.30257594586830866
3002784,10.086483809695197
3002785,16.42172901274579
3002786,0.21223218638766775
3002787,159.98016761118626
3002788,3.7192346421327382
3002789,0.007128499877828408
3002790,6.130883712731909
3002791,33.09930350892629
3002792,1.159079664633581
3002793,204.36373373687655
3002794,153.2001314361322
3002795,1.1237920728324422
3002796,4.9034826714903685
3002797,154.2544259584295
3002798,28.70050469264516
3002799,339.95520590095725
3002800,4.153823825264612
3002801,2.6523203254039798
3002802,3.5189107635098997
3002803,0.0
3002804,2.090024236477322
3002805,1294.0052784444451
3002806,0.0
3002807,127.07881264086693
3002808,5.010544972837816
3002809,593.5741161054359
3002810,241.40060296762502
3002811,130.82547544994415
3002812,39.917304420097544
3002813,24.52666625078801
3002814,2623.507221254127
3002815,7.9728294431601
3002816,0.10480270643908145
3002817,11.987397260004009
3002818,6.5446288104579535
3002819,0.026934556955895205
3002820,118.86698881935725
3002821,1.0375175202027633
3002822,0.0
3002823,1.758645768931242
3002824,26.5698730032784
3002825,0.7030293481762241
3002826,182.68195099670362
3002827,145.03328133056112
3002828,0.38920261313458093
3002829,3.5268364535113377
3002830,82.14579572347087
3002831,20.056261214790048
3002832,175.9067168125603
3002833,2.68991307667289
3002834,1.2419246065241925
3002835,2.771499727680376
3002836,0.0
3002837,2.770731165742242
3002838,1262.5590483131734
3002839,0.0023706001000734327
3002840,174.5404448127986
3002841,6.54415918419749
3002842,952.992698345237
3002843,322.34518379336583
3002844,260.2816251944926
3002845,30.76400597065591
3002846,32.83296696739221
3002847,2628.13607960864
3002848,6.387253586284152
3002849,0.24818534568893816
3002850,8.801804291464721
3002851,17.39859497310391
3002852,0.11348194452096687
3002853,192.257161051933
3002854,0.6044760015826126
3002855,0.0
3002856,2.0307600765828493
3002857,12.775060424044272
3002858,1.4218917298535312
3002859,307.1459497022685
3002860,231.0078494494172
3002861,0.7914095580627887
3002862,3.697385965071521
3002863,74.70757989436818
3002864,79.11625563926351
3002865,371.72188236573663
3002866,4.81174893543701
3002867,3.1189941373601187
3002868,2.8359837449941847
3002869,0.5704604194080802
3002870,3.373900299869218
3002871,1674.4413607136837
3002872,0.01999544243156961
3002873,173.48121003090776
3002874,2.1899293727797025
3002875,845.0223672537705
3002876,321.0041338351084
3002877,252.27802003453854
3002878,84.9822754085584
3002879,59.691593423167646
3002880,2706.0311160180904
3002881,5.980719086220199
3002882,1.8643733350006753
3002883,12.141001183222949
3002884,13.517872487922327
3002885,0.13368966654033504
3002886,217.69976401883184
3002887,6.3148054946797005
3002888,0.018900101847778954
3002889,2.868386622463845
3002890,19.7520893288901
3002891,1.35281358620933
3002892,167.75310303412468
3002893,174.1487276636473
3002894,0.7830389245951853
3002895,4.116016132678526
3002896,111.3319654708352
3002897,37.52011757629699
3002898,592.051324184793
3002899,6.1724218103522315
3002900,3.611093517092106
3002901,3.0627389553254405
3002902,0.11946492215283501
3002903,0.6750603772247413
3002904,990.9051799105396
3002905,0.0
3002906,128.0505675322981
3002907,3.7558092760634647
3002908,582.7683532378109
3002909,194.2746880428811
3002910,125.10686668045709
3002911,127.71344912325472
3002912,24.959203484332566
3002913,1748.2837154522967
3002914,3.3100642994838645
3002915,0.21771241677560133
3002916,7.824090904565093
3002917,8.737215910493376
3002918,0.16519345917311
3002919,138.36582926780187
3002920,0.0
3002921,0.0
3002922,1.5924191017085447
3002923,20.39432200333657
3002924,0.9600282747288006
3002925,63.573565395166824
3002926,104.5592935880032
3002927,0.6354487558844945
3002928,1.9713135837776203
3002929,50.97161639267975
3002930,26.114157893769526
3002931,418.57499456346807
3002932,0.0
3002933,0.6266890427657129
3002934,5.99691732871229
3002935,0.386062682152127
3002936,2.9479675679688095
3002937,2703.9012442604153
3002938,0.0
3002939,280.56937414959424
3002940,4.546944196823371
3002941,888.5852592181
3002942,608.7570827290866
3002943,396.95033501259064
3002944,152.5990185002394
3002945,76.63708770378565
3002946,3938.2288529946077
3002947,11.45417445712704
3002948,0.9267184903267274
3002949,15.175631764582542
3002950,22.144888294010897
3002951,0.1846782091150656
3002952,233.12525476079674
3002953,0.34943842271814546
3002954,0.0
3002955,4.637078438110194
3002956,29.599666008333013
3002957,2.5060662731887127
3002958,294.08777550853256
3002959,224.8812547470549
3002960,1.5802182595482106
3002961,6.263994214552358
3002962,297.36201569142366
3002963,50.17373546194346
3002964,1004.8996589251897
3002965,5.415637201404662
3002966,9.771731953783165
3002967,2.1898359694101743
3002968,0.11484550001589729
3002969,3.2928970502560606
3002970,1511.4561331799257
3002971,0.0
3002972,329.6376692003721
3002973,4.512302386197931
3002974,345.37257564931406
3002975,421.5166342416014
3002976,147.08022590957734
3002977,92.4027901046569
3002978,19.353315881387584
3002979,2066.1573188977786
3002980,6.354157758899432
3002981,0.5660992150245864
3002982,10.050701868313126
3002983,11.457528666667569
3002984,0.11046269132881159
3002985,144.74471271892403
3002986,5.0579670083297135
3002987,2.413102749225808
3002988,6.118372419921917
3002989,37.462951022951636
3002990,1.2930811841122085
3002991,122.49211973811522
3002992,101.25655246365368
3002993,2.277700625420717
3002994,3.9843592154184155
3002995,41.76414703245753
3002996,23.512424660600256
3002997,904.2675573153228
3002998,72.85306950756637
3002999,5.812004186042066
3003000,4.689645739306959
3003001,0.40675375789768214
3003002,3.0374594065552634
3003003,1998.3043436651674
3003004,0.0031844915828259483
3003005,141.88906341088395
3003006,4.7716395747753335
3003007,748.1353669829122
3003008,265.33779520176375
3003009,215.3003965387676
3003010,50.152703120964915
3003011,32.07802601763017
3003012,2743.88388943034
3003013,22.05091262180855
3003014,0.876748434998688
3003015,10.056814142758174
3003016,11.478674089660242
3003017,0.11417672974641987
3003018,138.97161204728255
3003019,5.135512142701756
3003020,0.00011554982816216245
3003021,2.680147885890327
3003022,30.321819276298474
3003023,1.8618383626235473
3003024,148.01920832907024
3003025,165.01029264882567
3003026,0.9275263594317629
3003027,3.9577887159485505
3003028,128.58095592457718
3003029,21.52043243805024
3003030,381.58560610245166
3003031,6.0251308586983425
3003032,2.8956211642041483
3003033,5.288179715359723
3003034,0.012427777758431756
3003035,6.272741914886418
3003036,2506.8875245342924
3003037,0.028551168658554543
3003038,529.1052319173151
3003039,9.009403887873468
3003040,796.1897012892508
3003041,692.5398892178515
3003042,195.78181759716867
3003043,130.68197928889282
3003044,91.22022115449937
3003045,3345.970697439008
3003046,34.9893311174959
3003047,1.0460320313752252
3003048,14.214881913274555
3003049,21.077769557235754
3003050,0.14367946869710552
3003051,232.61548904310374
3003052,16.26116486198836
3003053,11.725228345905649
3003054,3.7710294239660556
3003055,82.70175796688214
3003056,6.7569524235643685
3003057,393.7340648504585
3003058,213.52578873096286
3003059,6.495668145536297
3003060,6.381088775609652
3003061,368.21447468326045
3003062,99.57074195466895
3003063,1903.1165770078294
3003064,0.002158494730035275
3003065,25.886898528597744
3003066,4.970268690287818
3003067,0.01629386768645203
3003068,4.397752524021601
3003069,3131.2387549819546
3003070,0.0
3003071,404.52770748657116
3003072,5.228854264673696
3003073,1224.1030540027486
3003074,584.5142577380486
3003075,466.1249776751761
3003076,71.06707303018224
3003077,58.87056960479533
3003078,4673.608340156807
3003079,8.887152737051078
3003080,0.31591453822286103
3003081,14.089028536137677
3003082,12.571322358707423
3003083,0.0
3003084,281.184871042426
3003085,1.7383001570969663
3003086,3.8359922411985306
3003087,3.3838056340095113
3003088,32.32535635696884
3003089,0.992236692533247
3003090,457.89555958014904
3003091,282.2557081152181
3003092,2.6278395464710913
3003093,4.328580953352032
3003094,216.38809448032166
3003095,56.19000009700784
3003096,796.1757294449247
3003097,57.14854439603935
3003098,9.31086114870422
3003099,7.170766246387415
3003100,0.2993520677203863
3003101,2.6713597430269926
3003102,2080.46153669906
3003103,0.0
3003104,333.436127467152
3003105,4.7176724014591125
3003106,1042.2077363215947
3003107,468.56456683726793
3003108,241.01852575966402
3003109,173.89487795968205
3003110,62.10670434705808
3003111,3293.1113614283886
3003112,10.561736557394678
3003113,0.402655507159323
3003114,22.737119707793436
3003115,23.13599966102284
3003116,0.16459211343971414
3003117,219.60208681784258
3003118,2.276639288629637
3003119,1.8165750681012713
3003120,7.114197802370019
3003121,72.1575216752052
3003122,1.4149650194983903
3003123,126.3318430872494
3003124,208.6807263763971
3003125,1.8071662078956365
3003126,4.835548363114915
3003127,125.9166441194218
3003128,114.0133744458317
3003129,771.0546654339953
3003130,0.3741267102536226
3003131,4.7524366483886284
3003132,3.4597496736495024
3003133,0.1353255176862048
3003134,1.3843398405986698
3003135,1508.220363786483
3003136,0.00472777033518045
3003137,123.28818377025615
3003138,6.566706495194734
3003139,558.0927285408234
3003140,269.59997187151333
3003141,143.4899189516324
3003142,40.5161061119872
3003143,39.41540660429912
3003144,2411.2074084018245
3003145,6.759332277254161
3003146,0.4917311768804985
3003147,21.434000841343885
3003148,14.733019734180221
3003149,0.005106765987153474
3003150,130.02987015939448
3003151,0.7085110280067692
3003152,0.0008826222250415424
3003153,3.0152603333836328
3003154,50.95673182002757
3003155,1.801965106509945
3003156,130.9991297551216
3003157,127.19855369962814
3003158,0.8941776085021199
3003159,4.563546159160544
3003160,121.59113809655132
3003161,26.31251141319221
3003162,376.20104204771707
3003163,6.201034140882333
3003164,1.474870326685721
3003165,1.5697626254105717
3003166,0.005713253391839405
3003167,2.043855628206395
3003168,1284.5618952709096
3003169,0.09929310293942767
3003170,260.63214107711315
3003171,11.962402116825897
3003172,464.8491432426785
3003173,408.1173508161106
3003174,106.44258467466516
3003175,38.80976792049036
3003176,59.97327464578771
3003177,1926.805902324016
3003178,17.812798795354148
3003179,0.3326569427126506
3003180,9.312052625767347
3003181,13.297551116835052
3003182,0.19554868343225917
3003183,121.28151299639258
3003184,9.379089663414659
3003185,1.4868695269982004
3003186,3.2416293682058384
3003187,51.42493094137867
3003188,3.6895909442863246
3003189,510.4313474373433
3003190,136.9395172479919
3003191,2.5499011978151143
3003192,4.436794878158052
3003193,257.8442916307329
3003194,28.296485104380377
3003195,997.9880650024829
3003196,0.0
3003197,6.209809870870472
3003198,2.33693005120406
3003199,0.14317716878761236
3003200,3.720240166134193
3003201,3115.678967599473
3003202,0.042062820886548453
3003203,603.4515286823494
3003204,12.978214741512689
3003205,950.5272042696851
3003206,983.7794302071432
3003207,227.68278140341178
3003208,185.83309956237466
3003209,149.91071733880216
3003210,2647.202431451764
3003211,23.34339224425433
3003212,0.7459211438900915
3003213,16.359576604463662
3003214,25.80207474847857
3003215,0.033316515170548254
3003216,223.44577549924702
3003217,10.136212140136342
3003218,28.896051504996233
3003219,8.267444299400102
3003220,63.54211200544329
3003221,11.270918224311426
3003222,359.46348644010413
3003223,234.96611439938764
3003224,13.832241713852838
3003225,8.25149745662932
3003226,488.6504690890095
3003227,109.61101280510489
3003228,2707.3091616767438
3003229,0.018102263310635525
3003230,20.887479140267427
3003231,2.0909767154211103
3003232,0.060058640223390046
3003233,1.7600876277166506
3003234,1865.8813955525598
3003235,0.0
3003236,260.81666127780124
3003237,4.233133643225119
3003238,328.34606701719775
3003239,430.3236937715893
3003240,119.30574556096151
3003241,41.5288588842411
3003242,32.62730682869282
3003243,1611.4060958719956
3003244,10.233919428515096
3003245,0.7253659880648695
3003246,8.72970622140715
3003247,12.208372507547331
3003248,0.06860030008331325
3003249,89.43503622506
3003250,0.0
3003251,10.98765389060764
3003252,2.6151153733463786
3003253,142.67572820139466
3003254,5.290093667978152
3003255,53.40216429143987
3003256,91.16014710599633
3003257,2.9544288236539975
3003258,5.966457220190797
3003259,51.74132506434622
3003260,17.579327814505433
3003261,962.6472216461062
3003262,0.5119009034529843
3003263,2.7413107610377354
3003264,3.1972650950506423
3003265,0.0
3003266,0.21391607958960557
3003267,817.3620668526371
3003268,0.0
3003269,184.02183667029067
3003270,3.880663859967331
3003271,321.92951891613365
3003272,196.1115274320271
3003273,59.0764164627882
3003274,24.222112852225095
3003275,24.664701847223157
3003276,1324.5710595378805
3003277,8.834929756782367
3003278,0.43750150923732495
3003279,9.026312989785024
3003280,6.981714297871662
3003281,0.1937420702378632
3003282,65.86374935791042
3003283,0.07554011045928333
3003284,4.084496856654413
3003285,0.5909221921087691
3003286,20.810121860365044
3003287,0.1622792072276086
3003288,191.88970288004217
3003289,102.9967092796685
3003290,1.8457932186461303
3003291,1.042969679770173
3003292,109.14348777651382
3003293,15.96677523251405
3003294,415.5295730244384
3003295,0.30528914182570943
3003296,1.6175152988756043
3003297,4.870610012127089
3003298,0.19731271302305264
3003299,3.000598857295216
3003300,2300.6560985926876
3003301,0.12417181070886694
3003302,501.89420694727806
3003303,12.853192634438761
3003304,725.7119686101826
3003305,790.6554921255205
3003306,230.4019180281332
3003307,175.9289052815019
3003308,109.07677918921894
3003309,3176.671762211532
3003310,18.459033064186748
3003311,1.914077503793313
3003312,16.46506319146199
3003313,23.346918504142028
3003314,0.15234919710353476
3003315,194.78340417185797
3003316,4.110663344172308
3003317,22.869735873288672
3003318,5.888833726395916
3003319,119.66851037640276
3003320,3.0071046953670675
3003321,232.8541026341549
3003322,192.4263300584158
3003323,7.581506688115096
3003324,6.871696633564292
3003325,298.72235831753983
3003326,69.32153000895302
3003327,1898.204596933526
3003328,0.7805783229895854
3003329,11.199963503361689
3003330,5.037924093573231
3003331,0.0
3003332,3.023867743100107
3003333,2520.454903891449
3003334,0.0
3003335,468.7417649676784
3003336,10.605792091263705
3003337,942.4311022119518
3003338,654.1305517163375
3003339,251.30732356608002
3003340,209.58405603311263
3003341,53.421212129984724
3003342,3633.7567535156686
3003343,8.390557888640403
3003344,0.5444471036473392
3003345,25.94422702791519
3003346,15.158973176023371
3003347,0.41833565918511784
3003348,256.16361569294776
3003349,0.0
3003350,2.9378074961071254
3003351,3.8347067555666126
3003352,39.25314839886145
3003353,0.9420632521942752
3003354,266.38409865144143
3003355,225.11548916522636
3003356,3.44690341704108
3003357,3.373193550960288
3003358,171.98484148763185
3003359,64.15240011138191
3003360,1225.72467981906
3003361,1.6998572670504912
3003362,2.607533483575718
3003363,4.644557100281407
3003364,0.21821208985482665
3003365,2.950062814154815
3003366,2482.4208686265733
3003367,0.0
3003368,476.7162738557077
3003369,8.333489064519922
3003370,819.5002049588483
3003371,543.1949577903173
3003372,217.3666143820248
3003373,147.24253972368456
3003374,58.039408925177064
3003375,3336.6195354436686
3003376,10.742663954163936
3003377,0.8318881356056473
3003378,18.325730192738572
3003379,15.645042703209807
3003380,0.03213757603484435
3003381,205.56958693137173
3003382,0.0
3003383,3.6057860046312746
3003384,3.5294883960369274
3003385,73.88376732404339
3003386,1.094701809980017
3003387,143.59942344728705
3003388,198.70380218293926
3003389,3.735680336180995
3003390,3.5433554856627616
3003391,156.44988756340996
3003392,56.60785616994609
3003393,979.7601018596691
3003394,1.1050817384493208
3003395,4.7603115905205815
3003396,8.876893492707183
3003397,0.788941231167483
3003398,12.959190360426753
3003399,7463.411609354009
3003400,0.05482577766858048
3003401,1129.4603132569127
3003402,38.17901961681826
3003403,1676.0832326486716
3003404,1723.9005414045628
3003405,319.93953081290397
3003406,396.1603121693116
3003407,299.4906591231774
3003408,6888.528993464253
3003409,67.46625558621389
3003410,2.0501624830033722
3003411,44.07374990850843
3003412,49.30543246691558
3003413,0.3580180063148061
3003414,439.54682129991437
3003415,31.45564865593888
3003416,42.42926559480007
3003417,19.689965043814198
3003418,212.4550019717976
3003419,24.270648702482916
3003420,579.0400675808779
3003421,446.43709020121287
3003422,14.376195026347729
3003423,19.863024417183833
3003424,945.069407509159
3003425,258.3951305767305
3003426,5883.946447536879
3003427,0.8551641337219175
3003428,67.21267980109413
3003429,2.2792508861005274
3003430,0.2693013414550667
3003431,0.5440664855026985
3003432,1283.2437459626224
3003433,0.006725908640562631
3003434,144.44883382804682
3003435,3.2731302065508157
3003436,492.2006072146196
3003437,248.21131984967522
3003438,104.09318024408317
3003439,152.414252420744
3003440,38.81522614420048
3003441,1853.330540385749
3003442,3.3689369426286233
3003443,0.25836370795201113
3003444,11.406426930863654
3003445,7.23457950940707
3003446,0.19116045999172598
3003447,131.50764210206904
3003448,0.3262823330884881
3003449,0.0028999489598565114
3003450,2.2957086921997463
3003451,32.470009989879614
3003452,0.5913922785233987
3003453,99.0633329214864
3003454,89.61434514926428
3003455,1.570071276517635
3003456,3.631034457318722
3003457,98.99674550378843
3003458,17.20040321707571
3003459,390.97799225734104
3003460,0.06642391960439176
3003461,3.5287537126726374
3003462,6.240687435579916
3003463,0.14544482739676684
3003464,1.6389105933279147
3003465,2738.791554657495
3003466,0.0056207753877779406
3003467,440.2277549028646
3003468,7.481370317973787
3003469,1127.9541853995806
3003470,550.0772919515742
3003471,209.89431174971568
3003472,213.36944408651465
3003473,82.9770229986086
3003474,3844.0126726542385
3003475,9.850222540624637
3003476,0.22541264090416638
3003477,16.486732086372577
3003478,16.272927099887017
3003479,0.10232060203273359
3003480,237.73397836460765
3003481,0.7937451285205698
3003482,3.4325285071050637
3003483,7.458327427167577
3003484,15.336062729396552
3003485,1.1025908762944825
3003486,474.5125374552132
3003487,226.61735095108227
3003488,2.684612923447103
3003489,5.224135370815272
3003490,126.62884384477798
3003491,53.019900859309374
3003492,1024.6775032806909
3003493,1.0860519943859235
3003494,4.106034101407168
3003495,1.0276048224789363
3003496,0.0
3003497,0.5790141001781096
3003498,812.0320195642587
3003499,0.0
3003500,100.37844353782695
3003501,2.376941861439509
3003502,483.92460496657384
3003503,132.13145563918752
3003504,70.81686494034588
3003505,165.33973069122612
3003506,14.673426624094917
3003507,1509.3768215145813
3003508,1.1356939800833967
3003509,0.19761593291982074
3003510,6.460270439998915
3003511,2.626372587706442
3003512,0.07001925052156012
3003513,79.84918315279755
3003514,0.0
3003515,0.0
3003516,0.26485436901991377
3003517,20.08729045778096
3003518,0.224770449240811
3003519,99.24023054599415
3003520,66.41010384380903
3003521,0.41987990286059707
3003522,0.8675068665394069
3003523,46.575537256358665
3003524,8.601296905996303
3003525,163.37353776379686
3003526,0.0
3003527,1.2465251544653386
3003528,5.534985707236068
3003529,0.0
3003530,2.6199530779705835
3003531,1721.842953894605
3003532,0.001211505884342005
3003533,219.7388955517091
3003534,6.772520798516142
3003535,743.8151547750691
3003536,323.6318808776839
3003537,161.53478010118437
3003538,129.75868894881214
3003539,46.94214560477097
3003540,2598.6209960870337
3003541,2.290341193075053
3003542,0.43790313072669856
3003543,19.8332261278769
3003544,12.343029299205982
3003545,0.17850544888304262
3003546,165.78738851976385
3003547,0.0
3003548,0.0
3003549,8.96348455942934
3003550,24.144333867917396
3003551,0.9560197774490206
3003552,326.79000420104865
3003553,186.31948089882073
3003554,1.1342215386230001
3003555,3.207041300128009
3003556,193.6282664259706
3003557,23.358031638181426
3003558,1015.1286850012766
3003559,0.0
3003560,0.6387933126823855
3003561,2.6989687275275367
3003562,0.24751151608416397
3003563,2.4590642003992023
3003564,2158.529224862297
3003565,0.024258048366497614
3003566,551.693282805963
3003567,6.554573919960054
3003568,841.6638729342257
3003569,534.4208929395256
3003570,203.17024517360403
3003571,94.0606236448493
3003572,58.74837416160726
3003573,3337.859674355054
3003574,5.16713910988796
3003575,2.525625390702658
3003576,26.520862541496324
3003577,32.002150663014525
3003578,0.15260936830449132
3003579,183.2596424707708
3003580,1.5731960310144046
3003581,3.863896427175322
3003582,2.9330062103301597
3003583,28.623952009112834
3003584,1.8627708757150774
3003585,233.7008364147744
3003586,244.0412301994483
3003587,2.5944036066227034
3003588,4.826609329897268
3003589,136.96683215346877
3003590,29.079953245488056
3003591,566.2720125301014
3003592,2.628161266077424
3003593,2.2907812265713985
3003594,2.868810890907542
3003595,0.0
3003596,0.29559669177813463
3003597,1293.5978227003632
3003598,0.0
3003599,81.84313488874838
3003600,2.0403561810403983
3003601,382.523527106034
3003602,160.74959893597773
3003603,78.53435494471726
3003604,103.97184108244949
3003605,36.4001616062927
3003606,1623.991023054376
3003607,4.130724255153033
3003608,0.2789942571054337
3003609,7.569524898477424
3003610,5.436482199425475
3003611,0.1310258170696094
3003612,82.95361928998895
3003613,0.0
3003614,0.0
3003615,0.2307624887931521
3003616,27.405637666829627
3003617,0.46724195120215767
3003618,271.2738966050422
3003619,63.8085127736084
3003620,0.6727087192080761
3003621,0.9209403693324613
3003622,44.61865850920625
3003623,14.392395143012516
3003624,323.24489171706125
3003625,0.018034905208015973
3003626,0.41001692807338147
3003627,3.685933530704805
3003628,0.0
3003629,1.4187631306911725
3003630,2820.7689707282766
3003631,0.0
3003632,435.9728361677998
3003633,7.517526857575549
3003634,806.4877498009839
3003635,493.49793240346804
3003636,166.65125736012564
3003637,111.84045667856763
3003638,68.43690365650583
3003639,3506.629959433254
3003640,4.770598074839954
3003641,0.25891181876158237
3003642,17.820607186948095
3003643,8.79918934483126
3003644,0.10714701539903673
3003645,176.42029029439186
3003646,0.0
3003647,16.54333881099642
3003648,2.060506496925561
3003649,51.820263683734744
3003650,0.7403884486388141
3003651,338.0955641614198
3003652,196.6627558792013
3003653,1.8464725589755004
3003654,3.0315992386938704
3003655,97.30389332694268
3003656,37.44001702215261
3003657,1156.6370200579502
3003658,0.5778582364442212
3003659,0.7876779568073071
3003660,3.1181003295941605
3003661,0.035834082054059045
3003662,6.4501689626331355
3003663,2796.7110704449938
3003664,0.04659434165445092
3003665,462.5442200770724
3003666,6.653815809125036
3003667,937.5393904177295
3003668,809.5371168716165
3003669,149.75349700213485
3003670,123.16581571243275
3003671,108.56956364496152
3003672,3319.693426304737
3003673,49.61586760737612
3003674,1.1193093155559395
3003675,29.125895321152605
3003676,26.714772087790738
3003677,0.24027053712201787
3003678,238.06600749127472
3003679,17.361885778887128
3003680,18.017671415372206
3003681,1.4778912733854987
3003682,112.61163624267131
3003683,8.126437472657289
3003684,198.83209072250864
3003685,244.0909768932809
3003686,10.981792859920457
3003687,11.994503627344784
3003688,236.97644575439134
3003689,74.16789927990928
3003690,2146.7885503615153
3003691,0.029205007402137526
3003692,9.887862691563347
3003693,4.190538850375586
3003694,0.0068226460080327124
3003695,6.521694907521644
3003696,3242.052118387327
3003697,0.01333174576912186
3003698,382.92463136476516
3003699,9.66783957080578
3003700,908.9517169418878
3003701,645.9290418765098
3003702,130.02897716538303
3003703,74.1936115361012
3003704,96.48563052908368
3003705,3261.139067573119
3003706,19.84800304801577
3003707,0.7793046514540156
3003708,29.020322943676497
3003709,43.12985742843039
3003710,0.010999968543290715
3003711,261.9646974006642
3003712,15.114833874032561
3003713,14.068807941315011
3003714,6.591776057063398
3003715,85.63079915743262
3003716,8.718113793777576
3003717,143.12165958920752
3003718,295.9057866823953
3003719,5.5428456916633975
3003720,7.411694688862983
3003721,102.49114051950004
3003722,71.80062116053352
3003723,1674.9273476608712
3003724,1.0483846662778529
3003725,10.93271888725023
3003726,6.438372432588735
3003727,0.20125977453401797
3003728,3.4103323348876895
3003729,3765.421730731074
3003730,0.01335686666371687
3003731,605.2909074552628
3003732,5.336376751415213
3003733,1404.1499662471529
3003734,581.0895213428045
3003735,185.75644276981785
3003736,315.8260026076942
3003737,52.07178862202653
3003738,4783.29743214654
3003739,25.387769449193883
3003740,1.1643733656102488
3003741,19.58476020521205
3003742,14.042906869252752
3003743,0.10147410469211211
3003744,269.8066384389211
3003745,3.7043120815416652
3003746,10.432223694908457
3003747,5.03504013560981
3003748,49.34660388832909
3003749,2.7845637275727433
3003750,214.08341573406528
3003751,252.13133694781143
3003752,5.0197758322694535
3003753,7.483379523284509
3003754,209.15213015164176
3003755,52.71441029008589
3003756,957.4255966991082
3003757,7.4060786463114665
3003758,11.35457139272319
3003759,3.0148964870356285
3003760,0.2173398335886097
3003761,4.620551180876343
3003762,2167.0939100510864
3003763,0.10200920105971756
3003764,318.63960560228185
3003765,5.782098782915052
3003766,696.3846295778035
3003767,643.9089569830506
3003768,181.38553871026676
3003769,112.05422385117723
3003770,74.25459443745018
3003771,3016.6382772895495
3003772,18.146980144176357
3003773,1.0578401603745935
3003774,10.352198660827948
3003775,9.394271700251664
3003776,0.13706618980800775
3003777,221.20382425256332
3003778,13.751675527795335
3003779,13.758145080123029
3003780,1.3552597189919946
3003781,61.99814755721215
3003782,5.53120876446042
3003783,287.7973604808377
3003784,205.23395031265943
3003785,4.548430274523016
3003786,7.45820994157888
3003787,314.2382849613625
3003788,46.60446460205387
3003789,1795.3399917583688
3003790,0.01435802250895403
3003791,19.987157826152853
3003792,3.0071596023355442
3003793,0.15924175550303685
3003794,3.0233700768163367
3003795,4138.046494875139
3003796,0.010284606481164336
3003797,338.1742155163276
3003798,7.764220859664592
3003799,1467.5507663675792
3003800,513.9001134848635
3003801,230.29638031141266
3003802,138.76824198527547
3003803,52.80351229277795
3003804,4521.235717053469
3003805,8.612686946830124
3003806,1.5748243842187772
3003807,20.26092213767297
3003808,17.93680818233683
3003809,0.1547804459352501
3003810,319.4095673231941
3003811,0.0
3003812,0.12672875128383598
3003813,6.434042311759885
3003814,34.58325682639275
3003815,1.5828403562491777
3003816,171.00042887169175
3003817,253.94633555131873
3003818,2.5309819662313666
3003819,8.48192188699511
3003820,143.69729797910387
3003821,47.82417329406485
3003822,1045.6243606850235
3003823,0.0
3003824,4.088508309453904
3003825,5.3556731926340655
3003826,0.04187060952362992
3003827,6.366625357598348
3003828,2938.6209383594837
3003829,0.016212524090531606
3003830,403.8126631585333
3003831,8.614060058239959
3003832,1119.636333873597
3003833,555.3135807827034
3003834,182.27970426308787
3003835,105.5870133836852
3003836,130.63969975112454
3003837,3249.8379156297096
3003838,31.384533129101175
3003839,0.9978262057844868
3003840,21.49324130080995
3003841,23.61108643179586
3003842,0.11394376345838267
3003843,207.54982529530594
3003844,13.222413068880217
3003845,13.828375535744879
3003846,6.139053991161857
3003847,126.06243840688886
3003848,8.796192878122309
3003849,173.36110345522965
3003850,362.8075171003102
3003851,10.659175179688567
3003852,6.433718245766109
3003853,151.5698618028013
3003854,47.34601010737975
3003855,1672.2479569930165
3003856,0.36860825339899406
3003857,4.922489393713055
3003858,2.62698428345608
3003859,0.012316623833603246
3003860,3.2614811508496677
3003861,2025.7871891451596
3003862,0.030298142377278372
3003863,362.0365207558499
3003864,7.512836819833421
3003865,457.54310522222784
3003866,630.3141874116837
3003867,135.0048033740735
3003868,111.14990809933205
3003869,92.98269888153929
3003870,1666.6383513772348
3003871,24.71145641201388
3003872,0.813520628747994
3003873,17.058184688309897
3003874,14.590588989490957
3003875,0.12403504892036202
3003876,152.7248244090235
3003877,11.817290626504237
3003878,28.623927367800324
3003879,3.5044652464232793
3003880,53.49918659692798
3003881,7.766288152119046
3003882,198.05811427805835
3003883,157.39858361274796
3003884,6.62351853586429
3003885,6.668236531330395
3003886,189.795986400257
3003887,53.069853272627235
3003888,1833.6319446352727
3003889,0.11522689785662305
3003890,11.734475087818987
3003891,3.8371356190486803
3003892,0.06854682095250772
3003893,3.2743200055492876
3003894,3682.4198788488916
3003895,0.0
3003896,443.18769994337237
3003897,10.46763197465699
3003898,954.017392148283
3003899,510.6206289770026
3003900,233.44506532754008
3003901,153.33417682208952
3003902,41.007919509768875
3003903,3830.969970304618
3003904,5.646885457169063
3003905,0.13145746676796594
3003906,11.296660040373546
3003907,12.913801373085048
3003908,0.10223562400843597
3003909,179.3878886194391
3003910,0.0
3003911,3.9566220407192882
3003912,0.8678760891876736
3003913,60.04363772919165
3003914,2.1640076607692285
3003915,236.31875088789693
3003916,230.57282113626712
3003917,2.2381642472086662
3003918,2.0246193792037643
3003919,160.11368713991266
3003920,84.0277279011561
3003921,431.63079334778877
3003922,1.3376755579822088
3003923,0.5772685277346576
3003924,11.577853589181744
3003925,0.017410361799612008
3003926,12.950464624667257
3003927,7744.078745996079
3003928,0.03420412285130054
3003929,1350.867955091962
3003930,23.38297808571543
3003931,2016.0423923582478
3003932,1950.1684366181391
3003933,449.5038013244715
3003934,451.0333445059517
3003935,373.7355638998229
3003936,8105.023365875848
3003937,69.85411665332518
3003938,3.3080563032359818
3003939,91.04829238231636
3003940,93.43781321986596
3003941,0.3098255873533654
3003942,590.5557960781895
3003943,27.54748230245535
3003944,19.479066530003738
3003945,34.897709027120136
3003946,320.7775289863788
3003947,20.476608452448986
3003948,715.3628692037025
3003949,477.195568199083
3003950,31.721227177287737
3003951,31.079552614083735
3003952,892.8065171080453
3003953,298.76293198016543
3003954,6789.650170478218
3003955,353.24307623217044
3003956,71.37587014554425
3003957,11.93819668347516
3003958,0.004477824012708971
3003959,11.092540192305743
3003960,7241.987238833415
3003961,0.07341828272864202
3003962,1043.833642342509
3003963,23.48867222260053
3003964,2212.434884937602
3003965,1828.3457089875453
3003966,546.4516049194609
3003967,285.4799772834442
3003968,283.2008931630251
3003969,8384.922612063858
3003970,117.0446063901238
3003971,1.1724498235244656
3003972,43.25454735210393
3003973,71.65917834989956
3003974,0.5157246128562486
3003975,556.340907436085
3003976,25.107301316850183
3003977,26.13647435187403
3003978,5.039249751112285
3003979,197.35790317956958
3003980,16.277697662588203
3003981,900.5504044153203
3003982,578.230062060109
3003983,17.842005735603337
3003984,23.491046364744676
3003985,928.7722557718625
3003986,209.49565123367498
3003987,4654.048601717335
3003988,189.63483080921662
3003989,68.48792220912351
3003990,9.032622593286618
3003991,0.0
3003992,15.077654302985339
3003993,4771.0783227494485
3003994,0.11607032090606037
3003995,714.7570947461115
3003996,13.028122150977575
3003997,2033.1506881060163
3003998,1233.0138348776907
3003999,643.8238102132544
3004000,108.03960804673059
3004001,176.35846500425797
3004002,7671.025253214807
3004003,35.79733380357738
3004004,1.682369106489411
3004005,36.27616891357719
3004006,20.24677177428227
3004007,0.2970270275392225
3004008,558.3735204060514
3004009,24.665017800889927
3004010,16.88345479395098
3004011,9.197364902035185
3004012,113.56878103670206
3004013,7.205182446794973
3004014,824.8479376082256
3004015,551.9073144460156
3004016,17.497503831317253
3004017,30.570927681668284
3004018,595.1837549635231
3004019,111.37727598742825
3004020,2156.2836047775136
3004021,436.5236133728518
3004022,36.71539529167979
3004023,12.675156344146158
3004024,0.007442568900256274
3004025,16.085744821009747
3004026,7182.399975494357
3004027,0.12877095079188364
3004028,954.0959028986595
3004029,19.23773142376273
3004030,2060.613849288438
3004031,1772.1929454352464
3004032,570.3298935494461
3004033,291.4964409565285
3004034,228.51349102914628
3004035,8355.455968619619
3004036,43.63000188956966
3004037,1.2738576740182588
3004038,44.124638429551894
3004039,64.45968798344235
3004040,0.47310432361412214
3004041,603.2180917240869
3004042,27.51538116002034
3004043,22.199119720806905
3004044,13.78540466526495
3004045,186.80659005490824
3004046,11.282938601278781
3004047,730.8049297122102
3004048,604.6976974788228
3004049,18.417489932143635
3004050,25.36312931783027
3004051,939.4291649202613
3004052,227.11860027896807
3004053,4612.580861044896
3004054,407.8200806759844
3004055,57.87074013396803
3004056,9.422938573434212
3004057,0.0
3004058,15.226699132740547
3004059,3801.324886383757
3004060,0.0
3004061,641.255758706833
3004062,13.396224549030253
3004063,1714.4796743219383
3004064,958.7487864602703
3004065,471.99649683464213
3004066,88.51199819402237
3004067,133.10008564169064
3004068,6082.719640250919
3004069,35.989514903546116
3004070,0.3290226771617702
3004071,26.267663078438808
3004072,40.92457935595352
3004073,0.13147164402053887
3004074,495.2568281636121
3004075,18.615511667286828
3004076,7.600337624450741
3004077,6.011903513646215
3004078,84.85078738670067
3004079,4.4711390688670924
3004080,649.0493756066346
3004081,686.563830051899
3004082,12.3271839541254
3004083,18.025919038045704
3004084,619.892814105335
3004085,76.61431245584401
3004086,1513.882010844614
3004087,332.3977122598326
3004088,16.46452365635501
3004089,9.528509661477436
3004090,0.02075706713325998
3004091,10.002405946995504
3004092,5729.445426102488
3004093,0.03929447151867803
3004094,1006.4831917540865
3004095,22.88483022395675
3004096,1463.423045062651
3004097,1771.8103898260458
3004098,349.28224603177125
3004099,367.06260119431414
3004100,300.8376721218808
3004101,6842.797164930221
3004102,57.373140560854516
3004103,1.2325355741098212
3004104,41.972228795085236
3004105,49.659710798616445
3004106,0.37607416696833834
3004107,405.4361156564786
3004108,17.641212388642955
3004109,22.94358585088702
3004110,9.90955752914414
3004111,218.25400117186666
3004112,14.413971579559458
3004113,605.8251575088431
3004114,424.66115589040237
3004115,14.577443125681143
3004116,26.708897244205488
3004117,833.2682494890131
3004118,200.49716029324614
3004119,5679.732606014889
3004120,356.6093269111218
3004121,63.12257646080704
3004122,4.514024484832381
3004123,0.24681929466566632
3004124,6.149360791742989
3004125,1646.960374041612
3004126,0.03562793412354107
3004127,315.06611644825614
3004128,20.09916590363143
3004129,779.5917915812578
3004130,473.1453061730183
3004131,212.61101961888212
3004132,70.601232272026
3004133,74.00853495074576
3004134,2616.188412382192
3004135,44.972593268589655
3004136,0.9115432386201558
3004137,25.288527428419936
3004138,19.58485369318694
3004139,0.2651256133701809
3004140,206.8093706523458
3004141,10.594559187975838
3004142,6.071417066584803
3004143,9.836178632061388
3004144,60.06930723081615
3004145,5.773586230829639
3004146,213.42782724698054
3004147,228.3515745847874
3004148,2.9666175632453227
3004149,6.107133587972205
3004150,181.00026342667633
3004151,49.65157212306149
3004152,1338.467056271422
3004153,0.6604365929798998
3004154,8.528540704847686
3004155,7.444432505474915
3004156,0.0020048232337166964
3004157,11.690189571657196
3004158,3806.46708544082
3004159,0.04891601917565623
3004160,490.6169213787986
3004161,25.671985498815822
3004162,1471.1076289196492
3004163,926.7089895560848
3004164,368.2049458458101
3004165,79.83481676054166
3004166,134.8318272572667
3004167,5733.0270525121405
3004168,90.94090570341436
3004169,0.9921005467708692
3004170,43.78972071849038
3004171,26.009199054809084
3004172,0.14688450949511433
3004173,390.1948623641292
3004174,15.734630576032222
3004175,5.8794423831700335
3004176,2.467084689598608
3004177,133.66774631163992
3004178,6.817609560216608
3004179,429.1706617552695
3004180,431.00240526088567
3004181,9.206292696226003
3004182,17.495096304080853
3004183,342.7735030889744
3004184,78.8968467617469
3004185,1763.5540263315524
3004186,315.70880811231837
3004187,13.074658356551955
3004188,5.706354766034649
3004189,0.012438411870029736
3004190,4.8245068565076075
3004191,3825.3302584735507
3004192,0.11531006895588454
3004193,718.6690279811893
3004194,7.565893157099219
3004195,1217.2353244001722
3004196,1278.6822642790312
3004197,220.93301720503425
3004198,265.8478347044158
3004199,193.13036181455755
3004200,4372.242264016175
3004201,32.976090544627205
3004202,1.2034725790689897
3004203,24.055717387586387
3004204,33.23859859984514
3004205,0.2548607188434657
3004206,289.7572120111751
3004207,1.7389205263678829
3004208,31.619672129642876
3004209,4.3775862341442595
3004210,127.03281164065821
3004211,8.622552830323754
3004212,476.3118347686141
3004213,239.44923032383522
3004214,16.729021448799294
3004215,9.796098436605645
3004216,635.8709665221193
3004217,108.16452552979689
3004218,4249.618615552493
3004219,2.335195057034109
3004220,35.661693301330374
3004221,8.012914087037736
3004222,0.0
3004223,4.971113349655835
3004224,3593.8405901963074
3004225,0.0019727134480013752
3004226,773.5000046076631
3004227,8.74226568125421
3004228,1325.078822787094
3004229,973.7288582629618
3004230,315.5171853922283
3004231,144.3388897613281
3004232,190.07229177507207
3004233,4199.745952493834
3004234,33.752660571986546
3004235,2.141616230227583
3004236,27.754254357929263
3004237,40.69268454771328
3004238,0.21963536904875738
3004239,303.9996201913774
3004240,5.169207659452342
3004241,40.60850731853313
3004242,6.569172785713369
3004243,223.03502689213298
3004244,8.006759706311136
3004245,334.2641005720618
3004246,301.9772535921128
3004247,11.45850562736997
3004248,19.133786479752363
3004249,323.45930055248965
3004250,92.31620182354521
3004251,2613.60172887114
3004252,3.558001570094302
3004253,8.450335562706695
3004254,8.23897224146594
3004255,0.36624256584589693
3004256,3.3437457527985797
3004257,1501.544475232396
3004258,0.32784013665076656
3004259,317.3943578463212
3004260,7.491370109425171
3004261,663.09923041719
3004262,345.43030917772666
3004263,171.26612397132166
3004264,55.201439079351346
3004265,71.09454964970391
3004266,2050.287809339861
3004267,14.485132790559792
3004268,1.764137444783313
3004269,23.728828684950493
3004270,22.113679614293922
3004271,0.4503055915278505
3004272,179.40765294479425
3004273,4.799656362581252
3004274,11.229009001850855
3004275,7.308012854618252
3004276,67.33302197868277
3004277,3.879959419760242
3004278,162.94288260809074
3004279,163.81219454334092
3004280,4.774554837138086
3004281,6.547658049982001
3004282,121.93443261892867
3004283,48.57336211522331
3004284,1022.409674055987
3004285,0.5503350454823571
3004286,3.7486112909893974
3004287,6.197377464117402
3004288,0.3232451136856898
3004289,1.523346216017988
3004290,2109.3608664768158
3004291,0.32784013665076656
3004292,179.64426945471243
3004293,4.463684475714522
3004294,627.6718831051179
3004295,145.26216978056743
3004296,153.71243100578806
3004297,45.41166560275536
3004298,24.016177001658093
3004299,2052.3166865448547
3004300,10.25396187450108
3004301,1.1677713535105787
3004302,20.077477431801803
3004303,8.859204647005125
3004304,0.4478824681339668
3004305,165.21580688172685
3004306,0.3029293764772789
3004307,0.31183492600759766
3004308,3.752245152351771
3004309,19.620587174138077
3004310,1.4215693041877018
3004311,66.06284980754417
3004312,130.2504426437469
3004313,0.5445977140863906
3004314,2.3985151869445516
3004315,43.4516834600375
3004316,54.796709124403506
3004317,373.7575360195677
3004318,0.2595855048196739
3004319,2.5691730304349862
3004320,5.10347420176105
3004321,0.08911309114712837
3004322,5.5700987060976574
3004323,2766.318558408976
3004324,0.011977770261608992
3004325,458.40205605869147
3004326,9.681645399271094
3004327,1107.3712250765348
3004328,810.420234406367
3004329,263.4624072529613
3004330,133.14238252653305
3004331,114.86341911014114
3004332,4103.654594841119
3004333,30.14517549834828
3004334,0.8771402748590323
3004335,21.451031767827327
3004336,53.82396882877849
3004337,0.010388296301017003
3004338,303.32390017806887
3004339,17.435016060572128
3004340,12.435368446396257
3004341,10.73970474911245
3004342,66.60668643839996
3004343,5.279525217882243
3004344,360.1785415609245
3004345,265.39159755902864
3004346,7.238237114977368
3004347,11.198944813262733
3004348,437.2996858211274
3004349,82.8354356369801
3004350,1916.1092960142378
3004351,0.0
3004352,27.287471868916143
3004353,4.4311260353844935
3004354,0.13647139722678492
3004355,3.8184534855188015
3004356,3394.7364115562573
3004357,0.17963159878738397
3004358,545.5562210817675
3004359,14.867559232900224
3004360,651.6862092630971
3004361,970.1675602551295
3004362,153.64526343478002
3004363,242.04700597772344
3004364,186.82887867682555
3004365,2313.086756577172
3004366,34.823217463902516
3004367,2.279291398531515
3004368,22.048697869818618
3004369,22.94630664876669
3004370,0.5169061191705007
3004371,194.32854993016372
3004372,11.236484707988373
3004373,33.062321530629866
3004374,6.326547865985909
3004375,117.86300585070948
3004376,10.810260313576112
3004377,396.5714298566664
3004378,188.680210202446
3004379,5.9074259165997605
3004380,11.820299718082005
3004381,519.4821873906945
3004382,116.86796945416972
3004383,3887.791508691377
3004384,0.2517245404217682
3004385,32.500653832885995
3004386,3.614131008616391
3004387,0.3846014823906851
3004388,7.603560968980787
3004389,3573.516842165508
3004390,0.0767284834840576
3004391,714.3531531372427
3004392,17.458208670847725
3004393,886.3762333875324
3004394,988.4737871960754
3004395,210.5169535660122
3004396,252.56400926672805
3004397,127.41630580554491
3004398,3114.5535460660785
3004399,31.2724264628408
3004400,2.7883745829986877
3004401,27.971406046069713
3004402,38.13903897362725
3004403,0.037741522217669465
3004404,268.50743781082406
3004405,26.160991836273755
3004406,26.60493286521104
3004407,17.896561699616203
3004408,107.19543173705715
3004409,16.725341965022906
3004410,393.2895377600362
3004411,246.9474592258363
3004412,15.142520428640582
3004413,16.35103690882466
3004414,479.0071280387669
3004415,136.93852527600714
3004416,3407.972785468212
3004417,0.635088028232604
3004418,32.16918702831647
3004419,8.860317802554867
3004420,0.20829114044151306
3004421,5.872599353799085
3004422,2770.7634276353315
3004423,0.006803841045009703
3004424,421.8401067479249
3004425,10.256978541976249
3004426,1308.8482393656031
3004427,632.932241373864
3004428,418.08910182364116
3004429,159.30935026515596
3004430,70.59252094499334
3004431,5205.13172711747
3004432,7.906838492808636
3004433,0.8424456392816547
3004434,35.868182875255904
3004435,29.87761028747275
3004436,0.007183619816346445
3004437,335.29364578558193
3004438,9.064685927976868
3004439,3.622165966168007
3004440,6.394856606650523
3004441,40.18108632175332
3004442,2.496015279644858
3004443,441.4511774630192
3004444,345.4574564740806
3004445,5.354509310552696
3004446,6.267088465662603
3004447,356.8751874642047
3004448,81.90439502649014
3004449,1171.425627267988
3004450,125.35660081062467
3004451,11.445960904105634
3004452,4.057528277662136
3004453,0.057321552524927884
3004454,3.533342321436361
3004455,2327.252228835634
3004456,0.11008560746400937
3004457,375.5560119940628
3004458,13.612642626978666
3004459,671.7913677013873
3004460,654.3203250036491
3004461,147.77237461102348
3004462,165.97559139037506
3004463,123.3918921659085
3004464,2507.0129571711623
3004465,21.09227851634082
3004466,1.2168134314532668
3004467,20.428026353272305
3004468,22.828254252928364
3004469,0.3552005338882711
3004470,175.4143410657259
3004471,12.399137813568988
3004472,16.793544878113373
3004473,4.496699085343143
3004474,133.02600932840363
3004475,5.363327914448222
3004476,449.6822986615029
3004477,142.23928882798918
3004478,3.5292797121935875
3004479,8.305419506479403
3004480,416.6900087674439
3004481,71.37430467761712
3004482,2323.1328770573723
3004483,0.04166951628000889
3004484,33.950581947150404
3004485,1.02231161160243
3004486,0.0
3004487,1.1227957089458334
3004488,1117.5374901070197
3004489,0.0
3004490,88.89583030911108
3004491,3.1585374623902087
3004492,621.9599111987133
3004493,225.43521890141878
3004494,242.00596095910015
3004495,41.902075669748164
3004496,28.016587710916266
3004497,2164.5744014162997
3004498,3.3513883155444204
3004499,0.23635208665270274
3004500,6.609834967436055
3004501,6.348189594931922
3004502,0.06294351328370758
3004503,147.90194477262662
3004504,2.191148260871069
3004505,0.0
3004506,1.0256056019908988
3004507,14.07003190881462
3004508,0.2889203992959143
3004509,129.8244724810019
3004510,146.25565015178617
3004511,0.55846980294812
3004512,2.845470176540811
3004513,159.0235341418498
3004514,24.8976189051077
3004515,207.26756854881384
3004516,4.378032329254709
3004517,0.9536230163458846
3004518,5.833609409394081
3004519,0.15294433384622688
3004520,4.317527824325078
3004521,4809.226829433984
3004522,0.008601990198867385
3004523,616.7374899446105
3004524,11.188733866348931
3004525,1518.8113395714506
3004526,556.7963742876462
3004527,557.4514460507822
3004528,232.68871761475734
3004529,87.41924319429937
3004530,6049.963978795225
3004531,22.47404294032384
3004532,0.47803932768783935
3004533,24.99230334385754
3004534,18.844560526093886
3004535,0.12516127747730885
3004536,368.53462419666755
3004537,10.082951270091844
3004538,1.343526981821911
3004539,7.193851638422995
3004540,48.071739898981264
3004541,1.7785971925651225
3004542,470.5560807488695
3004543,285.23612976990586
3004544,1.9251968117175142
3004545,12.760051701308132
3004546,448.38167622716617
3004547,87.10335368436853
3004548,1337.2555885328939
3004549,14.875618003955276
3004550,7.3964923608122275
3004551,4.4869969408733805
3004552,0.0046228970487400736
3004553,1.5686841854615832
3004554,1355.4883775552694
3004555,0.0063952760218693285
3004556,146.05931198328705
3004557,9.837049898025867
3004558,689.360101548395
3004559,339.77071792061844
3004560,234.3290943111044
3004561,52.070646822689646
3004562,37.720648114634855
3004563,2526.5062669379563
3004564,6.560741737403184
3004565,0.3558226037663524
3004566,12.016068405939766
3004567,14.419546205796197
3004568,0.2107196534702247
3004569,144.9668753974298
3004570,3.8897777777614606
3004571,0.021424517288411226
3004572,4.171183501776619
3004573,50.19855936769183
3004574,1.1945548829082235
3004575,126.60728121641648
3004576,146.78055999744964
3004577,1.1911712814659559
3004578,5.2355599874993315
3004579,177.24872646499045
3004580,28.647596367249545
3004581,313.78371841144957
3004582,8.083805930973316
3004583,2.579707524693048
3004584,3.6148885951627214
3004585,0.0
3004586,2.100077778782627
3004587,1627.7171029648646
3004588,0.0
3004589,107.50107054427255
3004590,5.594198119979172
3004591,639.915442504573
3004592,230.06428431735398
3004593,160.9915818792925
3004594,41.59382021143502
3004595,27.89898686794194
3004596,2612.032901528634
3004597,9.93768195945236
3004598,0.11243845466957852
3004599,11.358076044487579
3004600,8.239340481526561
3004601,0.028855527013479026
3004602,119.1483820032359
3004603,1.0752496334434087
3004604,0.010016860442651666
3004605,1.7318713306560514
3004606,44.343231172605805
3004607,0.7457309708045566
3004608,139.3508566801114
3004609,146.4028862183268
3004610,0.4243914288223468
3004611,3.8324397395861323
3004612,106.49023566856894
3004613,20.338295643013307
3004614,152.2810845253628
3004615,4.090800116798164
3004616,1.246670644069069
3004617,2.7907084897717938
3004618,0.0
3004619,2.6829013801129475
3004620,1558.014329822691
3004621,0.001504538279719073
3004622,145.40504610809728
3004623,7.894582221980773
3004624,831.4313239574913
3004625,324.0186596727494
3004626,264.2857510429088
3004627,32.96046364075777
3004628,39.60999201222071
3004629,2612.321349018026
3004630,7.016495828796113
3004631,0.2521341177746543
3004632,11.561835814994597
3004633,19.28535502444263
3004634,0.1292197384717327
3004635,170.13576876511237
3004636,0.6246834064605707
3004637,0.01367203292362631
3004638,1.9675803523565416
3004639,23.29274948910972
3004640,1.5470960777556901
3004641,226.50547042631334
3004642,229.71462206925688
3004643,0.8301055945009141
3004644,3.7046113717057363
3004645,97.2962522041234
3004646,82.28488572283325
3004647,320.1584636378857
3004648,0.8561539708123735
3004649,3.2012115440262447
3004650,2.914652357679919
3004651,0.568057723004223
3004652,2.216713420696377
3004653,1680.0181473105094
3004654,0.01603889136061064
3004655,159.93083961761056
3004656,2.342290982700004
3004657,809.888654016685
3004658,315.7376468455416
3004659,292.02738454779865
3004660,78.91887266500093
3004661,67.10730757584349
3004662,2601.214245199343
3004663,6.093955767383434
3004664,0.7130794241176747
3004665,12.75938045192476
3004666,15.715240914576718
3004667,0.13034776190462022
3004668,209.7614867894644
3004669,7.469303151173931
3004670,0.02917429415839737
3004671,2.932772138221833
3004672,26.311927312314857
3004673,1.5296100512816202
3004674,125.27816326117795
3004675,158.7995582547188
3004676,0.7976276726781829
3004677,4.247320184385385
3004678,143.1759243093283
3004679,43.82225422689148
3004680,633.4160168368692
3004681,6.335449049636929
3004682,3.6394351040025468
3004683,3.333610912864861
3004684,0.12020244565860892
3004685,0.754461427859913
3004686,1107.6288657396547
3004687,0.0
3004688,127.41982346242177
3004689,4.034981125802364
3004690,596.7616384127219
3004691,195.43324350110342
3004692,164.67485702202862
3004693,106.77845257140363
3004694,31.46108450116677
3004695,1772.6793053449053
3004696,3.419014774097167
3004697,0.227219300130372
3004698,10.370112323048279
3004699,9.313160861463619
3004700,0.16567446862914326
3004701,133.46715325555144
3004702,0.0
3004703,0.0
3004704,1.7308204462305319
3004705,34.8841088051413
3004706,1.0013740226327124
3004707,46.41638911931836
3004708,103.59559342356191
3004709,0.6944575430747973
3004710,1.9534645130107697
3004711,82.10667886848316
3004712,30.11915222847481
3004713,409.15120738498626
3004714,0.0
3004715,0.6277607345908731
3004716,6.5010725210998155
3004717,0.3617010770102524
3004718,3.025156072232767
3004719,2542.5339952443037
3004720,0.0020055082768947866
3004721,278.9555805660755
3004722,5.044417515472978
3004723,896.9110765082013
3004724,534.9466253485692
3004725,515.1143627955405
3004726,170.47014126406893
3004727,82.13008573791494
3004728,3789.119481401856
3004729,12.690129530995522
3004730,0.9271031124140343
3004731,20.76347671911626
3004732,21.6185180396374
3004733,0.13453334913372025
3004734,238.15041834342563
3004735,0.37516923666039753
3004736,0.003728694687455082
3004737,4.896409934891144
3004738,49.97186249947457
3004739,2.6040332449355716
3004740,206.07635572546081
3004741,212.44681249445563
3004742,1.7076242379124513
3004743,6.822619647264738
3004744,350.06119944319715
3004745,60.357510337335306
3004746,1038.6754805658616
3004747,10.755869243973597
3004748,11.112114721853992
3004749,2.281525038243823
3004750,0.11313986309525834
3004751,3.2327580293887355
3004752,1512.4725205723164
3004753,0.0
3004754,313.96004116926434
3004755,5.342823986659662
3004756,394.90561518284846
3004757,385.38904600601757
3004758,182.85242972462845
3004759,83.76899225323925
3004760,23.586380268631764
3004761,1904.669118818089
3004762,7.0713014314171465
3004763,0.6427529670994467
3004764,18.513229251437153
3004765,9.624573149557603
3004766,0.11964950390798501
3004767,121.34109157713357
3004768,6.053849277761075
3004769,2.359531955752956
3004770,4.540264058319467
3004771,76.3371801709029
3004772,1.3946208894256877
3004773,40.72373477654938
3004774,114.67748701264651
3004775,2.3875114394281147
3004776,4.361328879968888
3004777,184.88919478608418
3004778,48.553011375850865
3004779,857.7532789478469
3004780,37.5158207586599
3004781,6.625133489559244
3004782,5.068732494837721
3004783,0.4066167874047675
3004784,1.911332317446802
3004785,2238.7559785588023
3004786,0.00708362884241215
3004787,151.1399940869808
3004788,5.073843037684222
3004789,753.7472344831803
3004790,282.7144245414698
3004791,247.96594281709204
3004792,54.907503184289
3004793,39.69836495228588
3004794,2794.711430738681
3004795,29.087389436583067
3004796,0.9530558480308647
3004797,10.525669639572566
3004798,12.452866397187623
3004799,0.11535838390397522
3004800,147.73690676921777
3004801,6.2092692654994615
3004802,0.014312019608008942
3004803,2.686089725682342
3004804,48.48852585476927
3004805,2.0170771669294125
3004806,119.69227091762214
3004807,150.9728180238855
3004808,1.0118459142255438
3004809,4.0111306961753
3004810,133.0241455908755
3004811,25.16761635569281
3004812,367.8612260461131
3004813,0.9014975280866587
3004814,2.902303500744206
3004815,5.517264653948862
3004816,0.012336815062382043
3004817,6.665074406651716
3004818,3002.6442769883683
3004819,0.03318595822300038
3004820,573.6460922435353
3004821,10.857740058084286
3004822,821.6608792467891
3004823,823.4405126326583
3004824,256.33898229115556
3004825,185.140282099858
3004826,108.5180066795329
3004827,3680.2028289070745
3004828,44.82840012766372
3004829,1.0636890605201614
3004830,19.385977970297887
3004831,26.372065181307743
3004832,0.14487540310297306
3004833,256.86141304263197
3004834,19.442758999990275
3004835,13.57078008639899
3004836,5.7054815170366
3004837,115.08850960160977
3004838,8.093470318444723
3004839,784.8363009304622
3004840,227.288942882692
3004841,7.341477543157736
3004842,6.852031977988475
3004843,585.4295867606701
3004844,99.85007642155121
3004845,2044.5983553962385
3004846,0.0023265869942383243
3004847,39.33445324854084
3004848,5.7251162904650625
3004849,0.016963420256934703
3004850,4.46219872478565
3004851,3057.0660464111547
3004852,0.0
3004853,401.0279304423723
3004854,6.246790414350264
3004855,1204.4998341869273
3004856,562.3861996546004
3004857,786.804598285095
3004858,94.86751569559085
3004859,66.03169499342857
3004860,4421.107888757158
3004861,11.330417209811612
3004862,0.2907894236888717
3004863,19.062729565310107
3004864,12.446891614325105
3004865,0.0
3004866,241.40139345175595
3004867,1.9222659040040686
3004868,4.51875476545382
3004869,2.569544786377936
3004870,53.68971565393022
3004871,0.990222074509105
3004872,228.25621181504044
3004873,267.3283528674027
3004874,2.7185484465155807
3004875,4.600747652742802
3004876,389.65069817843425
3004877,66.30782445055051
3004878,798.1852170410436
3004879,59.18684405200135
3004880,10.022394854197376
3004881,8.525604897427897
3004882,0.30032061392717996
3004883,2.697441474951486
3004884,2434.9399611255453
3004885,0.0
3004886,353.1021438434168
3004887,5.692683373288482
3004888,1083.7763883743826
3004889,474.64131226492094
3004890,307.74832261189965
3004891,195.94687005374468
3004892,67.22398387226784
3004893,3399.8143694475584
3004894,12.79574430984596
3004895,0.4009682344776512
3004896,31.105348810572995
3004897,26.632246890365415
3004898,0.16707114336940806
3004899,218.90237049643773
3004900,2.3673627815161837
3004901,1.9121739905064212
3004902,7.765113882559979
3004903,103.52368985124714
3004904,1.4613237716155953
3004905,93.50837225999113
3004906,206.7079883242679
3004907,1.8727185659422736
3004908,5.397065014776021
3004909,165.72307949450388
3004910,125.12241072489996
3004911,1034.041856491135
3004912,0.3551999782244151
3004913,4.777266568920823
3004914,3.7030862805589475
3004915,0.13329661113844035
3004916,1.3816151874094558
3004917,1369.0034523182635
3004918,0.0023821992614181118
3004919,161.6707701519348
3004920,7.759095360329528
3004921,531.4889457072647
3004922,270.4942537448166
3004923,145.5676033484935
3004924,47.00135886389872
3004925,43.839577919872895
3004926,2149.70815075395
3004927,7.136419940866204
3004928,0.47042813231763014
3004929,19.772614969319584
3004930,16.73184967303897
3004931,0.0030639148205062806
3004932,145.5124036472763
3004933,0.7097290062902202
3004934,0.015089980466829663
3004935,3.241001546844247
3004936,93.9459346645074
3004937,1.8967052036054277
3004938,93.65528407978138
3004939,124.51560252844808
3004940,0.9114288605325679
3004941,4.467162752737502
3004942,202.41511817330883
3004943,28.716990446079873
3004944,545.1437235643738
3004945,5.824447604322563
3004946,1.4726125951044593
3004947,1.5750698531310543
3004948,0.003901058259141768
3004949,2.2186228982340648
3004950,1373.6298783945629
3004951,0.0947061893354803
3004952,261.9995580017809
3004953,12.021490195737371
3004954,519.1793620599434
3004955,499.4428723098712
3004956,129.73066786650742
3004957,65.36572462154176
3004958,64.46548754421832
3004959,2011.900580939742
3004960,22.550300867354938
3004961,0.3540305904043591
3004962,9.587195213798717
3004963,14.241005956323294
3004964,0.14933841195126502
3004965,119.76665512580368
3004966,10.030466896382912
3004967,1.5778297560155023
3004968,2.9712033848846833
3004969,77.34704390816228
3004970,3.9796810493038532
3004971,696.6053735861516
3004972,133.0744643058039
3004973,2.6712320063553343
3004974,4.282624886966229
3004975,317.37609060182837
3004976,32.05763084587162
3004977,1229.0604653191444
3004978,0.0
3004979,9.594530542836898
3004980,2.328366745312647
3004981,0.1413856866991975
3004982,3.5366334080016415
3004983,3451.505446121128
3004984,0.04334854746403782
3004985,726.8383192801264
3004986,16.900381882123472
3004987,1064.6617993712027
3004988,1218.0625645735429
3004989,322.572993976576
3004990,280.7188188835916
3004991,183.84021905703895
3004992,4151.398576348192
3004993,31.195257961978278
3004994,0.7838397179122286
3004995,19.66600060260606
3004996,33.26840261369217
3004997,0.031701898318554626
3004998,264.6080858759538
3004999,10.840592432115663
3005000,37.07846123654852
3005001,9.0146450143951
3005002,128.07240071253375
3005003,12.555007874751675
3005004,589.2684458881214
3005005,262.4273826128186
3005006,14.474063593742772
3005007,8.853017277872924
3005008,739.734255172173
3005009,113.54458184894293
3005010,3259.421664219439
3005011,0.016529534450449364
3005012,30.994365498544905
3005013,2.2163034775733124
3005014,0.06391332531956523
3005015,4.035589499975827
3005016,2215.9715452389523
3005017,0.0
3005018,271.98149950797193
3005019,4.9468718286921485
3005020,384.1803150752276
3005021,555.1441167123925
3005022,169.20361026945952
3005023,153.7897056375959
3005024,40.72514870306823
3005025,2146.603529119882
3005026,13.522615156774577
3005027,0.7479308718356905
3005028,11.810641755002441
3005029,16.561676439971166
3005030,0.0187772156302063
3005031,105.94116729526536
3005032,0.0
3005033,15.867976632816097
3005034,2.718671870111421
3005035,246.60465353929007
3005036,6.119806158912853
3005037,273.7099351912853
3005038,109.7968939123367
3005039,3.197585031922773
3005040,4.388509491089459
3005041,258.06534595527097
3005042,22.281568167268773
3005043,1310.9867542487887
3005044,0.5221576790500304
3005045,4.993341472815562
3005046,3.183409258795913
3005047,0.0
3005048,1.0897808954542099
3005049,834.4095129881923
3005050,0.0
3005051,190.7646105005967
3005052,4.441305045041129
3005053,348.5685171711574
3005054,201.30876805524204
3005055,99.15507587617067
3005056,38.92845841673208
3005057,30.194243124832433
3005058,1365.712004986047
3005059,9.454827922373331
3005060,0.4218822049392732
3005061,8.180279589162241
3005062,7.199494421300271
3005063,0.19796300472448117
3005064,78.93973078456573
3005065,0.09290896795404481
3005066,4.646908380178061
3005067,0.6018809316474386
3005068,27.167144428898354
3005069,0.18163490982456362
3005070,355.4752358891824
3005071,147.36727730643415
3005072,1.8384728602949554
3005073,1.0500848854581468
3005074,185.39904120228738
3005075,18.129947927941945
3005076,414.60363233946237
3005077,0.3121548515952596
3005078,3.697819324369378
3005079,5.310161459326201
3005080,0.2095757307369443
3005081,3.189688547366976
3005082,2434.6147064185066
3005083,0.14759299123780314
3005084,504.8290884557389
3005085,14.297613523993471
3005086,726.0666511046024
3005087,809.0410202343697
3005088,292.3889088892071
3005089,246.59879060715397
3005090,128.27958938322945
3005091,3261.471909148703
3005092,23.086713897067924
3005093,1.8369725774745151
3005094,21.111252413914386
3005095,24.08288081792084
3005096,0.15650168597491906
3005097,194.8967395508671
3005098,4.533622694632606
3005099,29.69367371045689
3005100,6.380780845937196
3005101,193.9756036774097
3005102,3.17454268849121
3005103,394.44963173225784
3005104,190.41669559849473
3005105,8.665327728339024
3005106,8.06244945406752
3005107,452.868764878814
3005108,74.36788831412215
3005109,2040.7877376967278
3005110,0.8387330715119775
3005111,20.99757892988788
3005112,5.225853996868446
3005113,0.0
3005114,2.0132671638682837
3005115,2417.759448913309
3005116,0.0
3005117,459.9963891337712
3005118,12.761287752018445
3005119,941.9048269998777
3005120,603.4772319165593
3005121,347.93054755244253
3005122,172.0867844915884
3005123,60.4339854988769
3005124,3553.6306597509424
3005125,9.408099592734276
3005126,0.4944540681555222
3005127,28.11789161429867
3005128,17.119943598466616
3005129,0.4023003824872713
3005130,200.60087480093785
3005131,0.0
3005132,3.0516900909463134
3005133,3.8285600626227474
3005134,58.611675468754946
3005135,1.0028679779458147
3005136,158.67436621150205
3005137,315.11015299119333
3005138,3.750041574201879
3005139,3.5516463491863375
3005140,211.74384871283226
3005141,75.22990904827668
3005142,980.7819142157568
3005143,1.6953572518238327
3005144,2.7212602761049856
3005145,4.7853328306462055
3005146,0.2689991717772127
3005147,3.0203967208742433
3005148,2069.505774314489
3005149,0.0
3005150,482.56754832609533
3005151,10.138117382077159
3005152,754.7416675090162
3005153,569.6968356643292
3005154,261.25238117115697
3005155,164.36573336085362
3005156,67.59518490651928
3005157,3033.212047350617
3005158,11.853125439546021
3005159,0.8741931961127205
3005160,23.55283183672926
3005161,15.05482025901773
3005162,2.6741713803496495e-05
3005163,184.37546948532045
3005164,0.0
3005165,3.8422780348906533
3005166,3.4094651567104473
3005167,116.52191896561834
3005168,1.120359695339523
3005169,104.57742778236727
3005170,190.06144978666003
3005171,3.804969065586523
3005172,3.6040940054348347
3005173,202.53750872307356
3005174,61.17973320186517
3005175,883.789937136471
3005176,1.1125309925810276
3005177,4.803901792912291
3005178,10.243260946463707
3005179,0.7221700967489031
3005180,13.103523473148856
3005181,7694.724097431803
3005182,0.0579386627390458
3005183,1115.6976995215548
3005184,46.25202050872824
3005185,1702.187465588275
3005186,1929.7520200570502
3005187,417.27081132443027
3005188,552.0584427298297
3005189,354.3855106039627
3005190,7942.40377884481
3005191,81.01320428804927
3005192,2.079687564169113
3005193,53.83298361620584
3005194,52.74397008383715
3005195,0.36770571398184204
3005196,504.2348229675392
3005197,40.5299849581688
3005198,52.467278656847974
3005199,22.827944948501983
3005200,288.0895252499406
3005201,29.473012806927436
3005202,1243.950563642705
3005203,464.3493281782604
3005204,16.993488746914753
3005205,24.932107144793388
3005206,1476.0048196199486
3005207,260.51142433384115
3005208,6473.207439327091
3005209,0.864907784806963
3005210,105.32098899743832
3005211,2.319580404614114
3005212,0.2687393977091821
3005213,0.561341299544407
3005214,1241.76998281481
3005215,0.003912779658796207
3005216,143.23890223481973
3005217,3.5627399609873813
3005218,506.89557608689597
3005219,240.8984758539456
3005220,127.74759632101431
3005221,126.89129836179846
3005222,43.69298752630784
3005223,1897.7994896711973
3005224,3.5444883150793753
3005225,0.2421242152263099
3005226,9.91028840460304
3005227,7.37274277218645
3005228,0.18894234745849256
3005229,137.81426137582253
3005230,0.30886169086833715
3005231,0.01599923275596266
3005232,2.3182966928858724
3005233,49.7326374135657
3005234,0.6361472536395202
3005235,55.85464997797314
3005236,96.1032092733632
3005237,1.598644782578348
3005238,3.4928221601405967
3005239,134.22064840483682
3005240,18.757083831389714
3005241,350.87924728011666
3005242,0.06901958863029053
3005243,3.1820747215978744
3005244,6.615622480622538
3005245,0.14338084988231983
3005246,1.548845811695904
3005247,2665.7214906847553
3005248,0.007238252356480054
3005249,451.2227114432137
3005250,8.67193681830959
3005251,1111.9049963214347
3005252,576.9491292897075
3005253,313.0743062795968
3005254,268.80184462780414
3005255,82.01388524723586
3005256,3676.144657961241
3005257,10.638626287879
3005258,0.2346199997936885
3005259,21.773481287855894
3005260,17.506721378668857
3005261,0.10031472181011682
3005262,258.7929658007393
3005263,0.7861120199948427
3005264,3.7599474665710626
3005265,7.636635573526104
3005266,19.237142562749863
3005267,1.1194417291374847
3005268,303.46754951389653
3005269,224.49233582543354
3005270,2.72506060155374
3005271,5.435770900589396
3005272,170.29752364004395
3005273,62.469082342857284
3005274,1113.4486353612706
3005275,1.0815269262639156
3005276,4.891176291852744
3005277,1.0289330250959512
3005278,0.0
3005279,0.5628997666416486
3005280,837.3488382889095
3005281,0.0
3005282,101.65386368168699
3005283,2.5815103293264157
3005284,499.4299259835051
3005285,128.6079468036158
3005286,103.51268868135122
3005287,156.09760265219356
3005288,14.645575618880862
3005289,1461.1145464573488
3005290,1.2432851088287311
3005291,0.22748233141448965
3005292,6.6332319064059115
3005293,2.71817146967717
3005294,0.0692037122221726
3005295,74.35807763330438
3005296,0.0
3005297,0.0
3005298,0.2713864456907401
3005299,31.659768715565924
3005300,0.28203344877569536
3005301,60.01669000864251
3005302,67.93360799540196
3005303,0.38754873670159384
3005304,0.9018789883233773
3005305,73.79495030261785
3005306,9.143834314428968
3005307,176.00192207527343
3005308,0.0
3005309,1.2967167719835884
3005310,5.89458643112824
3005311,0.0
3005312,1.3166791559887834
3005313,2983.799104925468
3005314,0.0
3005315,190.8389475117453
3005316,6.661577632444825
3005317,728.88307721873
3005318,334.2988371361565
3005319,169.83718298497988
3005320,123.05009563575256
3005321,57.11414567365944
3005322,2433.219776604891
3005323,2.436222678607457
3005324,0.42315669857597143
3005325,26.548772656415174
3005326,12.30417052219809
3005327,0.1505171314316639
3005328,172.28656180180414
3005329,0.0
3005330,0.012638892249217049
3005331,9.635878791810898
3005332,36.702929057061255
3005333,1.0050142590058893
3005334,197.38281934429227
3005335,173.06566013689414
3005336,1.2238130724321705
3005337,3.064460967830272
3005338,218.78367538695494
3005339,26.79204657654833
3005340,1036.1727391697816
3005341,0.0
3005342,0.5054061821486779
3005343,2.7619153825660208
3005344,0.24555653080526246
3005345,2.387400419076229
3005346,2275.7399227534406
3005347,0.02385495216784208
3005348,560.3702041832356
3005349,7.52521108080755
3005350,827.7153041762767
3005351,568.7519803470493
3005352,237.08742779407615
3005353,123.70867410314716
3005354,71.74890133679872
3005355,3783.5450271126224
3005356,5.389221810998654
3005357,2.567876377817648
3005358,28.835185849361796
3005359,35.966489513335496
3005360,0.150782597305024
3005361,187.11230620685726
3005362,1.5533488972817802
3005363,4.01819902461115
3005364,2.9547178074514675
3005365,43.64673793076431
3005366,1.9695075958902575
3005367,170.88010926981772
3005368,244.6424806386261
3005369,2.639558970263732
3005370,5.309152946787197
3005371,166.55313430783838
3005372,31.559305989606106
3005373,611.0030789058414
3005374,2.560405726768858
3005375,2.410535128265652
3005376,2.8560393339553407
3005377,0.0
3005378,0.29645025404282066
3005379,1208.7174616532277
3005380,0.0
3005381,88.73360232471728
3005382,2.436882598867827
3005383,428.3428141543477
3005384,133.43435304674404
3005385,99.63323124974733
3005386,118.98112960891685
3005387,40.97539220134035
3005388,1576.533052671809
3005389,4.534722995455364
3005390,0.2889795779794043
3005391,7.253010519132974
3005392,5.930508022281914
3005393,0.11951255939080192
3005394,85.68736461550766
3005395,0.0
3005396,0.0
3005397,0.25199807742164787
3005398,44.14331758375166
3005399,0.5120859553751229
3005400,151.63861317591693
3005401,77.44534551298588
3005402,0.7037591305827318
3005403,0.9266794939959146
3005404,68.58781590514592
3005405,16.584546047147025
3005406,332.1306364489735
3005407,0.021637425996319813
3005408,0.4109458724354732
3005409,3.5934120521316837
3005410,0.0
3005411,0.6435939400757403
3005412,2577.699527406525
3005413,0.0
3005414,399.3086996873942
3005415,7.751696903134394
3005416,738.2638539999782
3005417,488.62650035980323
3005418,192.21782487540497
3005419,101.75149309315792
3005420,95.4194978449099
3005421,3142.7175113868475
3005422,5.342921765528199
3005423,0.3351568681502022
3005424,23.183141314339334
3005425,10.28725290449412
3005426,0.1239349391688861
3005427,186.28847373986684
3005428,0.0
3005429,20.188582305883333
3005430,2.0566775627518505
3005431,71.4211368794752
3005432,0.7883214008176036
3005433,185.80585463481296
3005434,176.43894098248435
3005435,1.9579901362580618
3005436,2.9663397909233375
3005437,131.47539711300675
3005438,43.542179745623
3005439,1084.1039634248884
3005440,0.583441804422792
3005441,0.7883950213936076
3005442,3.0015193801231135
3005443,0.03423396169884694
3005444,6.783026807135751
3005445,3202.7004304839415
3005446,0.04471543662982247
3005447,500.223347525134
3005448,7.480780037805061
3005449,958.517375749167
3005450,849.1392460340392
3005451,175.67541297987577
3005452,147.84167292816215
3005453,120.43744717515624
3005454,3414.885568421063
3005455,55.53748178838689
3005456,1.1243731108123423
3005457,30.674986725346894
3005458,24.92723554838388
3005459,0.2365684082513713
3005460,243.75281854883397
3005461,18.57410572182667
3005462,21.57552576230741
3005463,1.4021908275258488
3005464,150.36125490262592
3005465,9.830002548804794
3005466,315.9201500426802
3005467,336.7678625767113
3005468,11.772109970907948
3005469,13.423911297086628
3005470,305.1973835048893
3005471,80.34099955216502
3005472,2462.9989353711153
3005473,0.027615127410194527
3005474,16.140778269468864
3005475,4.466140807879881
3005476,0.006732186911258853
3005477,6.704441607944203
3005478,2331.680317949267
3005479,0.017897954572071093
3005480,383.437279498652
3005481,12.05948127597853
3005482,925.8007168655897
3005483,707.3780096198474
3005484,159.99221735037867
3005485,99.56146882463878
3005486,103.3331484023937
3005487,3367.1542533004626
3005488,24.09615164619221
3005489,0.854308134163967
3005490,34.16889609640118
3005491,48.52406326003266
3005492,0.01207980906639428
3005493,288.0361046173245
3005494,16.76917741776905
3005495,14.341400027319978
3005496,7.040414261652472
3005497,121.43896746745529
3005498,10.800774973211684
3005499,215.22472425560943
3005500,348.326528562171
3005501,6.323940282691588
3005502,8.02354833305965
3005503,156.34765944779005
3005504,84.94111427202218
3005505,1710.5414588535336
3005506,1.0580099741914344
3005507,17.568833072143356
3005508,7.231237928082245
3005509,0.19909522404293695
3005510,2.369757864612366
3005511,3402.132350709288
3005512,0.013105989456834765
3005513,617.4081495315727
3005514,6.357878175749128
3005515,1368.7350866180016
3005516,644.5304414879979
3005517,224.99649133844443
3005518,289.9673852963676
3005519,74.83533202194657
3005520,4504.343833238811
3005521,27.418456430403335
3005522,1.2240327408711054
3005523,21.064474249045123
3005524,17.653636925401795
3005525,0.09921905868324961
3005526,275.5909912348757
3005527,3.7317932477661637
3005528,12.084646831907131
3005529,7.83433031262095
3005530,68.21269876524383
3005531,2.980038281396404
3005532,140.01120498926778
3005533,247.2536699120965
3005534,5.361161697044366
3005535,8.465763180360918
3005536,288.81941293401877
3005537,61.95838764929008
3005538,1456.806507016385
3005539,5.1814328477699485
3005540,12.259873725866756
3005541,3.224009344192404
3005542,0.21989875470534626
3005543,4.153163717220678
3005544,2396.7454919990005
3005545,0.05875252173309494
3005546,355.1809687481547
3005547,6.670098515016015
3005548,743.034351911595
3005549,744.8130252471677
3005550,232.0258334969975
3005551,159.81476325209442
3005552,93.90957354479806
3005553,3242.9170352386905
3005554,23.267954277072278
3005555,1.0877892900110822
3005556,14.120582842755505
3005557,11.550122184802433
3005558,0.14077590892300454
3005559,229.17972834305618
3005560,16.190353356629693
3005561,17.88082749851549
3005562,1.3838890368973655
3005563,120.30112666811306
3005564,6.216353493713883
3005565,528.863977574285
3005566,212.32421198611257
3005567,5.150463144076203
3005568,7.970894892177449
3005569,468.93113714169317
3005570,51.685576116443876
3005571,1974.5871377200224
3005572,0.016752111077752353
3005573,27.710034701843835
3005574,3.279138951271961
3005575,0.13026723944513122
3005576,2.9172976467783895
3005577,3582.272545965923
3005578,0.01273561223856919
3005579,376.4389519259754
3005580,8.347719447241914
3005581,1493.0856711322087
3005582,543.3807666799646
3005583,302.2040029039323
3005584,147.51390593338718
3005585,69.3847549351623
3005586,4777.8600727037765
3005587,9.815999436399057
3005588,1.5759261259209973
3005589,22.06627478197823
3005590,24.49722050619579
3005591,0.15434894925733386
3005592,360.56260221428215
3005593,0.005399649506606478
3005594,0.14276751577291313
3005595,6.63721469324418
3005596,45.141495116574944
3005597,1.687804069079878
3005598,128.41279129800606
3005599,262.71052066450505
3005600,2.673592748564979
3005601,8.448505113341147
3005602,240.76392073063758
3005603,55.792980539788104
3005604,1061.5301082023875
3005605,0.0
3005606,3.8956177493085087
3005607,5.5489435297764205
3005608,0.04175368918662321
3005609,6.766694905950767
3005610,2217.404593698307
3005611,0.019592792296671102
3005612,405.03954504774646
3005613,10.171136434472087
3005614,1370.2283585822536
3005615,609.082767973701
3005616,213.58186915010884
3005617,138.48342233240635
3005618,151.5606620288724
3005619,3559.44779430871
3005620,38.98199704279696
3005621,1.012700523799865
3005622,19.204335030440056
3005623,28.433070030182257
3005624,0.09929215128650981
3005625,222.37241813102293
3005626,15.007093653806088
3005627,16.512622322930287
3005628,6.534041238254974
3005629,187.99569748552634
3005630,10.33624025734774
3005631,306.4967551725393
3005632,295.2013622713157
3005633,10.054234041313425
3005634,6.896704020142461
3005635,217.23842174786233
3005636,54.345355392761526
3005637,1795.2286715598002
3005638,0.3428902282695736
3005639,8.415764292305674
3005640,2.721331097559125
3005641,0.012225671124301132
3005642,4.227391259431376
3005643,2825.5855478326116
3005644,0.031393397795412725
3005645,408.7104047363077
3005646,9.102633541850937
3005647,652.7603405143151
3005648,784.2430974363546
3005649,182.46093093535939
3005650,151.51031093439016
3005651,119.55002975935037
3005652,2666.498400108286
3005653,29.827134303158243
3005654,0.7793807409912618
3005655,21.910359198528557
3005656,20.026844001986984
3005657,0.10597294430523782
3005658,176.21454296348315
3005659,14.273359916407234
3005660,36.69544057169931
3005661,3.570133841441922
3005662,89.51417106730464
3005663,9.043548348029685
3005664,313.29847972228583
3005665,259.48814750440727
3005666,7.187689210749161
3005667,7.316984507557875
3005668,264.8367708934461
3005669,58.61530505763331
3005670,2067.2212722193526
3005671,0.11538899498423952
3005672,18.112944657189963
3005673,4.197563291437397
3005674,0.07080887888074534
3005675,2.122785985800161
3005676,3950.544617634185
3005677,0.0
3005678,516.2493371508666
3005679,15.609815178999327
3005680,1042.2575997579263
3005681,544.9037720380791
3005682,313.8561216577531
3005683,185.16331684636182
3005684,49.66724598810445
3005685,4216.202007526427
3005686,5.998908975464392
3005687,0.14345663923759824
3005688,12.24076416172798
3005689,14.393568475525752
3005690,0.07703256091702698
3005691,189.38107119558495
3005692,0.0
3005693,4.634213156207077
3005694,0.9082191301579545
3005695,76.77552204501508
3005696,2.242273623820884
3005697,172.37854530994028
3005698,222.42908072782532
3005699,2.444824928246111
3005700,2.1387550898458407
3005701,301.7773192593762
3005702,109.80811586302428
3005703,583.5937724761797
3005704,1.1909849985111494
3005705,0.5879172217568926
3005706,12.573844929181536
3005707,0.017318951437775523
3005708,15.686387754674938
3005709,8373.582587810943
3005710,0.03698902375149831
3005711,1475.8669118718296
3005712,28.769214026101494
3005713,2184.8002535022474
3005714,2274.623132215837
3005715,622.9048196898667
3005716,648.9082035033383
3005717,442.36512550706595
3005718,9368.13973785506
3005719,88.86753286850187
3005720,3.3847163930418067
3005721,124.50578591617229
3005722,103.04236548852448
3005723,0.31599718760179535
3005724,646.9184195043866
3005725,32.684539303647966
3005726,23.597758503911464
3005727,36.208849616853854
3005728,451.05617369032706
3005729,25.00828868499698
3005730,1466.4467201790524
3005731,535.0262673892494
3005732,36.54409774286701
3005733,35.7168406613235
3005734,1597.7424298216777
3005735,269.8891841730407
3005736,7355.80099216391
3005737,329.22024648666417
3005738,112.44738795059453
3005739,13.285268653275887
3005740,0.006589296457985373
3005741,12.772836523450907
3005742,8612.809864361318
3005743,0.0815738778819214
3005744,1148.1909952080425
3005745,26.766953183425997
3005746,2401.2706390616418
3005747,1986.5613500379422
3005748,723.9123597391015
3005749,424.1909383678661
3005750,322.4706657892367
3005751,9315.258986502697
3005752,117.6371394357559
3005753,1.221667988513734
3005754,55.40394113446903
3005755,81.95857547753029
3005756,0.5229752618609351
3005757,608.2100702102819
3005758,28.18619781071644
3005759,36.01153074667484
3005760,10.168624095792376
3005761,281.42936671223555
3005762,18.583503938076053
3005763,1877.6640073202661
3005764,614.9757677054503
3005765,22.275164081992777
3005766,27.637459553093898
3005767,1603.93340973414
3005768,247.35922125551255
3005769,5318.34017101646
3005770,280.52181692163884
3005771,102.10489086921612
3005772,10.455366828211195
3005773,0.0014110898840207428
3005774,16.731008994106606
3005775,5148.495537141129
3005776,0.1409562578438862
3005777,741.6862204144456
3005778,13.206362174042388
3005779,1958.4414475988365
3005780,1276.790172879099
3005781,768.8121668279585
3005782,146.43923578819945
3005783,187.57041949610465
3005784,7810.120295519861
3005785,46.57128876943878
3005786,1.8880416282745494
3005787,37.517928636375174
3005788,25.56832280054897
3005789,0.30356722237647554
3005790,519.0903450405517
3005791,26.646141163558948
3005792,22.14030170454315
3005793,10.10446402401584
3005794,150.29754554919387
3005795,9.20812312211201
3005796,1546.82068738027
3005797,576.173584368552
3005798,21.039657836102776
3005799,38.08043459182057
3005800,917.1823568842091
3005801,128.63944968104263
3005802,2354.862690549036
3005803,370.8195860148166
3005804,61.45101360744453
3005805,15.592830343923731
3005806,0.007352054105822933
3005807,17.69483920974735
3005808,8094.72321906682
3005809,0.08239345618457046
3005810,1070.163849401961
3005811,21.761729930119255
3005812,2184.756383142485
3005813,1947.84995508476
3005814,718.1564941698867
3005815,397.24981398700595
3005816,256.6524753530054
3005817,9299.70878838768
3005818,53.77722986030403
3005819,1.2716685133891412
3005820,52.575585689030085
3005821,66.54065681410029
3005822,0.4769135469964063
3005823,650.4422619269599
3005824,33.28822172694115
3005825,28.266446630075354
3005826,14.22677224678083
3005827,278.8155736997017
3005828,13.564970965913487
3005829,1449.945181407444
3005830,626.7957635301161
3005831,20.55624509592876
3005832,29.16255968459233
3005833,1364.6689439514012
3005834,237.04706328847936
3005835,5030.287492305392
3005836,419.9969079201992
3005837,88.77798393990605
3005838,10.339506886146959
3005839,0.0
3005840,16.873969317922832
3005841,4272.100428784003
3005842,0.0
3005843,669.6376660792281
3005844,17.257405635591866
3005845,1738.0313703271534
3005846,1083.3468722881598
3005847,628.7393246129407
3005848,123.3932940836684
3005849,155.00577314491375
3005850,7022.448863718821
3005851,42.79882961014754
3005852,0.3627431043869013
3005853,32.83350243039066
3005854,49.41945155811002
3005855,0.13717703399900452
3005856,502.10594462720644
3005857,26.49765911785407
3005858,9.217557351284437
3005859,4.319374920855548
3005860,152.62989848301552
3005861,4.918129784038126
3005862,1470.2675216821128
3005863,808.5960643016828
3005864,13.838831705615704
3005865,23.443950544605894
3005866,962.1506732718635
3005867,85.9363072735255
3005868,1715.2388107230613
3005869,289.76753079031835
3005870,27.13838093693167
3005871,10.623663108671703
3005872,0.020928278940092915
3005873,10.748460712350354
3005874,6465.285053772904
3005875,0.04236152231768127
3005876,1151.6351534979756
3005877,28.45892662337578
3005878,1591.0718428949851
3005879,1990.0996765876432
3005880,488.4975240581446
3005881,532.144737144707
3005882,355.05889756114794
3005883,7503.037021081672
3005884,59.60637181104221
3005885,1.2124757096729077
3005886,43.21174993617349
3005887,53.17879849489349
3005888,0.3373375186941255
3005889,434.8597591657909
3005890,12.910027214241733
3005891,30.558685907859786
3005892,9.863679313625319
3005893,303.9315973236507
3005894,18.470289567879515
3005895,1236.0132602293093
3005896,457.79881960503155
3005897,18.363305058154758
3005898,30.85582433693965
3005899,1248.146274502776
3005900,235.55320226226146
3005901,6896.6230399789665
3005902,225.60285669154905
3005903,109.2657709007245
3005904,4.637835745759858
3005905,0.24700051861812886
3005906,5.660221642820273
3005907,1699.9089639085282
3005908,0.03821530197411491
3005909,317.8712507650848
3005910,24.652924498827023
3005911,768.3615974013308
3005912,480.3874873136418
3005913,237.43488032482622
3005914,105.35871777922102
3005915,94.17712196646232
3005916,2718.345463333553
3005917,48.67466164900798
3005918,0.9210575470147027
3005919,30.003922881526233
3005920,20.579920485335794
3005921,0.18081187229134002
3005922,226.7073611492022
3005923,12.582597408396866
3005924,6.586526951314546
3005925,10.578912796112615
3005926,87.16342706105216
3005927,6.330124591266346
3005928,320.8168995782752
3005929,221.23842693557503
3005930,3.012908557024333
3005931,6.430354813266631
3005932,289.7272126730269
3005933,55.45359397868146
3005934,1374.5522191460964
3005935,0.624159596807725
3005936,11.941124297031322
3005937,8.799797307665328
3005938,0.0030189318606628967
3005939,12.35049704066158
3005940,3988.5144033325782
3005941,0.05573588377821433
3005942,506.1615929935162
3005943,31.129724895268378
3005944,1482.506306755029
3005945,968.418021811247
3005946,469.11820412213496
3005947,116.27775042173651
3005948,155.40986598297707
3005949,5848.543197576276
3005950,89.52198859826645
3005951,0.9552042364770122
3005952,52.465225548703216
3005953,34.4372028029734
3005954,0.1682073047628058
3005955,408.85187114436474
3005956,18.57975966409333
3005957,6.791677313892859
3005958,2.7452333233385127
3005959,175.84679935168677
3005960,7.978199018893334
3005961,863.0303425560418
3005962,437.96390860609705
3005963,10.27714106325794
3005964,22.4292358373571
3005965,465.5276648200272
3005966,80.46854944635854
3005967,1877.8002154626504
3005968,365.0211198501485
3005969,20.388923180255638
3005970,6.130285641813743
3005971,0.012347448218546477
3005972,4.870866428428016
3005973,4369.202016114673
3005974,0.032532884506072154
3005975,832.637692575156
3005976,9.514400584246424
3005977,1310.90914972649
3005978,1505.104322966653
3005979,284.39263500850313
3005980,415.6627487168508
3005981,265.4241745103673
3005982,4998.676278265015
3005983,44.20244043134721
3005984,1.195043398676458
3005985,27.80200971439768
3005986,41.77614050217222
3005987,0.27128166566103784
3005988,326.1184814209032
3005989,1.844797394857692
3005990,41.71665820437616
3005991,4.376112640861931
3005992,195.81692077506358
3005993,9.852274581931958
3005994,1009.6636444004067
3005995,269.3999674088518
3005996,17.251814136137565
3005997,9.118760945476335
3005998,1584.2333695060347
3005999,119.71641608924762
3006000,4666.25709894544
3006001,2.32220322785542
3006002,63.98772630453513
3006003,8.928398448421758
3006004,0.0
3006005,8.710554826823502
3006006,3771.4011561598613
3006007,0.0029655168640341308
3006008,889.9704919379185
3006009,9.808212138804778
3006010,1542.2670195773342
3006011,1048.6810568540648
3006012,361.86712482996194
3006013,235.0070122935281
3006014,263.0140093332652
3006015,4591.634277380716
3006016,41.06765722900125
3006017,2.1818609721593827
3006018,45.56225662413828
3006019,50.74504947360608
3006020,0.2174340994616406
3006021,318.3947685585141
3006022,5.697163316624844
3006023,44.77486516387162
3006024,6.894782155762188
3006025,286.3234357412202
3006026,8.260321893671616
3006027,820.1428556802907
3006028,312.8672987684219
3006029,11.923387241050452
3006030,20.635221220482205
3006031,617.4374909616247
3006032,105.36527512666002
3006033,2775.847392845209
3006034,3.9439606370392006
3006035,15.365673425715645
3006036,10.716467327165315
3006037,0.3832547788413682
3006038,3.4421009011310653
3006039,1938.8341482865983
3006040,0.3483884630168045
3006041,331.5886581686237
3006042,8.516121462487169
3006043,768.4372014238093
3006044,375.13004275992
3006045,235.58385964852593
3006046,93.497713028442
3006047,96.76269690792898
3006048,2350.5214902399093
3006049,15.473268036363656
3006050,1.8217408620885156
3006051,26.109484205636885
3006052,21.956920857199812
3006053,0.4700649699637042
3006054,184.78985679199704
3006055,6.097532978719531
3006056,12.852711955834934
3006057,7.917750174347061
3006058,107.6040275362882
3006059,4.286755289751021
3006060,335.2711274837674
3006061,197.54754382577178
3006062,5.165171030046077
3006063,6.914690370915645
3006064,227.00819339932966
3006065,55.89024398071963
3006066,1277.1168955838616
3006067,0.5660238931760918
3006068,5.433263437426066
3006069,6.582402669220874
3006070,0.33975191017913686
3006071,1.5901715732433284
3006072,2736.286833390697
3006073,0.3483884630168045
3006074,190.72364310207664
3006075,5.030184335868777
3006076,725.6949269836582
3006077,183.03270195447513
3006078,209.2513095809518
3006079,51.16378856705231
3006080,30.1728628908945
3006081,2284.2686334436207
3006082,10.26578755541991
3006083,1.2325330777377168
3006084,20.79670424920971
3006085,9.473110134972092
3006086,0.46760883324323876
3006087,165.52266701878557
3006088,0.3336471048442618
3006089,0.3752430354745305
3006090,3.901433777595596
3006091,27.967729253242354
3006092,1.601949889078989
3006093,45.81283073638416
3006094,125.76177005210712
3006095,0.5651384973544277
3006096,2.422902847323144
3006097,70.4087516700788
3006098,58.79111024278353
3006099,432.8014762362205
3006100,0.27891762153553157
3006101,2.6466399283235167
3006102,5.281551984170037
3006103,0.04186553965008744
3006104,5.751914036496034
3006105,3031.9138358612536
3006106,0.016624475170711972
3006107,500.5602831984148
3006108,11.384384510380018
3006109,1145.3282965761728
3006110,872.0723384996614
3006111,369.28919286739426
3006112,184.88924564196552
3006113,141.13090342229964
3006114,4359.197632242143
3006115,32.43088488802854
3006116,0.879277619705701
3006117,25.710617257629714
3006118,52.89013243083762
3006119,0.013684724257413995
3006120,304.7306206758636
3006121,20.220419725702232
3006122,14.990421776309086
3006123,11.849936559405407
3006124,121.25401182599296
3006125,6.533857542626346
3006126,644.186325165057
3006127,277.1040730396151
3006128,7.9468204567174965
3006129,11.946226986829414
3006130,673.2361173372632
3006131,100.3872677186325
3006132,2169.9842721380683
3006133,0.0
3006134,44.759647891969124
3006135,4.306018794127265
3006136,0.13469042380663973
3006137,5.889036072467585
3006138,4039.269495248397
3006139,0.17748750803410085
3006140,638.9091420236105
3006141,19.224781905918267
3006142,978.4019451812035
3006143,1308.0330465733123
3006144,225.80781416670877
3006145,323.333142563927
3006146,227.3675386673119
3006147,3847.3065894847914
3006148,36.62690372120234
3006149,2.0809057525780115
3006150,29.05777732431741
3006151,29.994816854737042
3006152,0.5123782506371783
3006153,244.55882079014376
3006154,12.67001221820475
3006155,40.202900165630425
3006156,6.090030218476411
3006157,251.99736233553867
3006158,13.103210167938377
3006159,678.1975206866649
3006160,241.6441215212561
3006161,6.208225257244317
3006162,14.94348322839415
3006163,793.5399170522826
3006164,139.47250481731183
3006165,4429.145341712607
3006166,0.2672944113400217
3006167,49.69689181123085
3006168,3.780052082451876
3006169,0.38480273284798694
3006170,9.747644469404463
3006171,4288.865459684676
3006172,0.08115165448118973
3006173,817.2948997955826
3006174,21.64364166619427
3006175,1261.8231247451365
3006176,1371.3130893325733
3006177,326.81706102589294
3006178,353.6917334925067
3006179,159.27445868670324
3006180,4818.87726103525
3006181,41.17675271208824
3006182,2.7639311418805055
3006183,33.9125710107522
3006184,48.117608198217674
3006185,0.03911753236079787
3006186,362.2865716347182
3006187,28.470513412281967
3006188,32.15600643872882
3006189,22.170401967297412
3006190,175.98220383767116
3006191,19.141944873238135
3006192,685.4562117241916
3006193,338.6955958571577
3006194,18.87678861224723
3006195,18.54398084688538
3006196,843.8787303957325
3006197,139.24861594892886
3006198,3941.176730405578
3006199,0.6184475086281155
3006200,50.66293177617558
3006201,9.538723136698588
3006202,0.2074002121045025
3006203,6.2586183712527035
3006204,2854.1758281256684
3006205,0.005532211672289827
3006206,449.7858098000782
3006207,12.426731977068755
3006208,1389.5683461448996
3006209,684.0019291061312
3006210,563.4595352806174
3006211,171.92873270105122
3006212,86.25477701817228
3006213,5601.314837023972
3006214,9.88503430751381
3006215,0.9004952590384937
3006216,45.5768177981859
3006217,35.265622676544204
3006218,0.006216069540442732
3006219,324.7057436856737
3006220,9.522889079145637
3006221,3.662213313528819
3006222,6.081294210852939
3006223,70.86409452510138
3006224,2.651331674355842
3006225,311.27708793160457
3006226,343.96003078416953
3006227,5.740305437569392
3006228,6.723085492912456
3006229,420.3471239297041
3006230,102.89831889912102
3006231,1240.8448824936384
3006232,119.90999350432851
3006233,13.349020913352458
3006234,4.641292363246786
3006235,0.0
3006236,3.8037737880268554
3006237,2001.7971811210157
3006238,0.0490969962046293
3006239,368.4230578561468
3006240,14.284672211060856
3006241,647.1004568900934
3006242,663.2304293604004
3006243,131.6253871311013
3006244,127.80448439443828
3006245,127.51070563143023
3006246,2434.1596322358746
3006247,17.468181950316634
3006248,1.342500279606002
3006249,20.098902816779244
3006250,19.44216992298817
3006251,0.3395097953837128
3006252,176.62663406786947
3006253,14.435846731484885
3006254,17.562568141704567
3006255,5.562737320003233
3006256,139.59017637810706
3006257,6.670839531885886
3006258,313.1088436321967
3006259,157.4867328769605
3006260,3.9008563473558096
3006261,9.368602984427183
3006262,254.66897080888046
3006263,63.628758200545214
3006264,2307.0814840788066
3006265,0.0
3006266,25.781457360538408
3006267,1.4433100308476448
3006268,0.003734458997540773
3006269,2.0434044006529777
3006270,1402.9515407950732
3006271,0.007091713823369803
3006272,111.54396558179484
3006273,5.3869673341000315
3006274,856.9424930985383
3006275,335.4333469615186
3006276,252.17700520827123
3006277,54.143795038288026
3006278,49.554999090832865
3006279,2835.813586353754
3006280,5.597916946523454
3006281,0.34627502368056895
3006282,11.483930282820706
3006283,9.787595258770946
3006284,0.061472072479929814
3006285,192.59334595427924
3006286,4.002732415855375
3006287,0.026796861076489657
3006288,1.4406865161194153
3006289,21.266010560962354
3006290,0.4457183828229237
3006291,167.3899445068811
3006292,196.9929133519832
3006293,0.946609706824312
3006294,4.4716889824822905
3006295,149.47377182745873
3006296,30.846243223120645
3006297,267.5450890697256
3006298,4.984412250000106
3006299,1.2111455163046443
3006300,10.285791713699181
3006301,0.199943218788401
3006302,6.023172717453628
3006303,4434.046887203231
3006304,0.02209112961319608
3006305,704.5332313589768
3006306,16.221289291549343
3006307,1777.2952640113385
3006308,707.1743913856723
3006309,478.03936142625616
3006310,205.41009000410824
3006311,134.75212110148598
3006312,6555.622527611706
3006313,35.27493557836762
3006314,0.6858567053462324
3006315,34.16746121194642
3006316,24.47201252850403
3006317,0.17238452065006665
3006318,450.1184985839845
3006319,14.603319999210404
3006320,2.0504871303411334
3006321,11.15717196346236
3006322,65.35678156957053
3006323,2.674453208070281
3006324,521.7179124765628
3006325,383.0294016944738
3006326,2.923100299886854
3006327,17.035404493842215
3006328,366.0027965722018
3006329,108.03949450643505
3006330,1341.6063431292594
3006331,39.844260495705086
3006332,13.852465576174152
3006333,6.297910817615798
3006334,0.006444651963030052
3006335,0.7939679526068246
3006336,1900.210249315864
3006337,0.009215943724395737
3006338,189.61609735460635
3006339,12.280318684288797
3006340,930.1469691295207
3006341,473.41235524500644
3006342,208.04318120863869
3006343,62.82599832617532
3006344,58.154175761957504
3006345,3182.5186977724784
3006346,8.204587359108551
3006347,0.3989789379668514
3006348,16.608938076219648
3006349,21.625013196942085
3006350,0.2422758913632999
3006351,189.2849552046038
3006352,6.26377174566685
3006353,0.02727417125217237
3006354,8.802448806832174
3006355,60.70268230256681
3006356,1.5526498432157576
3006357,137.77226687140282
3006358,175.27741501823607
3006359,1.5501767701122757
3006360,6.7491611134254335
3006361,176.70685589949738
3006362,34.01099430359231
3006363,399.61902169221634
3006364,4.939026378413217
3006365,4.043943675911049
3006366,5.232157142037634
3006367,0.004246281473073897
3006368,4.066420319152297
3006369,1711.7757811830074
3006370,0.007605248224263821
3006371,136.7379090424836
3006372,8.832429989828839
3006373,876.7734724595242
3006374,369.4294780832711
3006375,189.5724319110184
3006376,52.78184300555946
3006377,46.20165109161041
3006378,3165.060680218571
3006379,12.82242266981743
3006380,0.15583672543994073
3006381,16.589790188891893
3006382,12.138464764196614
3006383,0.052190447428623374
3006384,161.3731432658354
3006385,1.5721481614391366
3006386,0.02556145705917325
3006387,2.284320482319678
3006388,59.85669280721995
3006389,1.0099710534856232
3006390,147.52204942322376
3006391,211.54858820122314
3006392,0.49947502499961755
3006393,5.339228064321107
3006394,119.9388175661668
3006395,27.314092843096194
3006396,226.48613644741883
3006397,5.575005857254876
3006398,2.657569714608109
3006399,3.666576778638914
3006400,0.0035161788230878145
3006401,3.3772508673791024
3006402,1556.1482276996564
3006403,0.007409203726890241
3006404,201.28711027436742
3006405,9.546883733298738
3006406,1339.7515662255653
3006407,446.0697696493254
3006408,279.20178648831643
3006409,43.08613693510614
3006410,67.36034819990417
3006411,3260.502958278041
3006412,8.14477744870832
3006413,0.30767445511980634
3006414,12.904546827196274
3006415,20.53404906211942
3006416,0.13444727598164224
3006417,253.17518192943865
3006418,0.8918787005456075
3006419,0.025431190504785768
3006420,2.704106878828115
3006421,24.622760326211957
3006422,2.190469905144608
3006423,252.34543366046114
3006424,287.15727629005755
3006425,1.147369759301454
3006426,4.993989305317447
3006427,107.96370460780642
3006428,87.1395884689475
3006429,463.7021911366553
3006430,4.067485978092131
3006431,5.952184824084496
3006432,3.772049860294921
3006433,1.4821634395568628
3006434,2.958614150998624
3006435,1764.6196990402152
3006436,0.006422986159976392
3006437,159.82299917843912
3006438,2.8792207737260678
3006439,931.5960984060774
3006440,380.4578312197051
3006441,272.29006854139226
3006442,81.82490763839648
3006443,100.97955247948032
3006444,2893.4934747193993
3006445,7.685337830716088
3006446,0.9331676964855867
3006447,16.40848432760268
3006448,20.166866178088675
3006449,0.1604807718460924
3006450,237.52142940766538
3006451,9.257941583476597
3006452,0.023270190812176853
3006453,4.182876302508722
3006454,33.52565062540132
3006455,1.948445513965299
3006456,123.12555456222975
3006457,198.4871200349458
3006458,0.8642542829779262
3006459,5.380514028306356
3006460,110.85915194098715
3006461,41.55032174102821
3006462,632.7797330273904
3006463,5.801764464705972
3006464,5.285129310484227
3006465,5.174089938331774
3006466,0.16090157222817117
3006467,1.0149693616876398
3006468,1429.5389497493265
3006469,0.007030527192429604
3006470,164.97679381018244
3006471,6.100076767610181
3006472,876.8583838563313
3006473,286.24486037734033
3006474,176.96760057822274
3006475,161.2724759001433
3006476,53.58400431240001
3006477,2355.59873699009
3006478,4.7850322250034
3006479,0.3054798635031107
3006480,11.87208371945125
3006481,14.00553433044458
3006482,0.23944790223844528
3006483,176.86824616282445
3006484,0.02829957450074017
3006485,0.026734477244186323
3006486,2.377073508370086
3006487,50.406551930153704
3006488,1.5273459751734169
3006489,58.98822716793175
3006490,164.7965364150324
3006491,0.961575408671103
3006492,2.8473590531082698
3006493,74.21070648366577
3006494,38.83194401469995
3006495,553.2273409153031
3006496,0.0
3006497,0.8784345651122764
3006498,10.544448131271256
3006499,0.5526325526854761
3006500,4.5380104415447375
3006501,3548.6046201589515
3006502,0.0327051594977143
3006503,404.1010793708522
3006504,8.586740524805073
3006505,1276.8378522223566
3006506,823.2257512501575
3006507,620.5515225421141
3006508,201.4136474147978
3006509,169.2329370357987
3006510,4975.630738509875
3006511,19.332009922221488
3006512,1.4567200486456657
3006513,27.713150870218605
3006514,33.12351941599951
3006515,0.2655367148198613
3006516,354.9306160459433
3006517,0.6302003869563263
3006518,0.05161280752171677
3006519,11.251096076985924
3006520,63.985087275741016
3006521,4.419015231305621
3006522,256.936119734424
3006523,324.45258188442574
3006524,2.550512266017459
3006525,11.43031728381521
3006526,460.0887872056425
3006527,72.95973494872436
3006528,1373.9390032658796
3006529,21.421836961442995
3006530,18.527914156468306
3006531,3.4927921882048847
3006532,0.14771260166125605
3006533,6.22960217001988
3006534,2302.156587190448
3006535,0.0
3006536,466.70882670892905
3006537,7.480691678503138
3006538,608.7449410324771
3006539,602.157379845178
3006540,221.288767364928
3006541,146.60194372547053
3006542,88.17461756177491
3006543,2725.903850467554
3006544,10.304612005105392
3006545,0.8850071739104527
3006546,14.452808096163094
3006547,18.001842482940873
3006548,0.1579697499298254
3006549,208.64830647009842
3006550,8.619121338547592
3006551,3.7979044885127133
3006552,8.923898386656846
3006553,73.35112042255304
3006554,2.0324806246904488
3006555,53.578578425170946
3006556,169.63836824024472
3006557,3.534603209156141
3006558,6.602173941091057
3006559,162.29384349065324
3006560,30.597639864308757
3006561,1384.9462768589462
3006562,92.67968640160655
3006563,19.499938593018495
3006564,8.176192364972717
3006565,0.5691266273801683
3006566,4.141258533514401
3006567,3242.9078326877698
3006568,0.019845699189379642
3006569,222.07758931075819
3006570,7.984953379647521
3006571,1244.7645419691612
3006572,474.58856483465183
3006573,370.00267797941416
3006574,67.63478350876032
3006575,64.48157574912749
3006576,4185.050965956272
3006577,35.506923071102975
3006578,1.3333401150241888
3006579,17.443419511532433
3006580,20.005480523691364
3006581,0.16004138217300334
3006582,241.30915568107557
3006583,10.138461294726117
3006584,0.033233389420351415
3006585,3.9105520714719075
3006586,66.27410602454029
3006587,3.0985444728039298
3006588,182.18284712769128
3006589,255.69114564042223
3006590,1.4201671354441872
3006591,6.400803391636699
3006592,184.08464976521518
3006593,31.839608282174012
3006594,573.2922887940274
3006595,9.027051789800517
3006596,5.391448463488753
3006597,8.553446898073364
3006598,0.02076269308272301
3006599,9.706660779884134
3006600,3739.797340409644
3006601,0.04035429652519342
3006602,786.4614046772814
3006603,14.06355659177038
3006604,1024.000058402789
3006605,989.3341025127867
3006606,270.4773288254865
3006607,201.54277102874929
3006608,144.33618691908396
3006609,4377.278105722665
3006610,52.71000557224508
3006611,1.4637365116445842
3006612,22.916065623384632
3006613,33.145221933252785
3006614,0.17193768212354704
3006615,336.55682416047307
3006616,30.623874573757877
3006617,19.193825990709165
3006618,6.463136030458361
3006619,160.48074573362956
3006620,12.89658955767931
3006621,538.8048667366764
3006622,331.0493639441275
3006623,11.070914332255056
3006624,10.169039845348568
3006625,535.6650638258307
3006626,125.0490838709837
3006627,2721.6762073703526
3006628,0.0200099051038801
3006629,37.391470249690904
3006630,9.791951492389432
3006631,0.10512150752848859
3006632,7.461233562350343
3006633,4347.6329544184
3006634,0.04500156316074153
3006635,611.8482348797561
3006636,10.701649382910352
3006637,1988.6936323434186
3006638,963.2416889701742
3006639,822.578965812225
3006640,129.45195237647832
3006641,156.55514057034895
3006642,6238.146604556158
3006643,16.10794535953673
3006644,0.5665610062076916
3006645,30.362692377476012
3006646,17.09373242862616
3006647,0.04764060138958556
3006648,423.6073281893865
3006649,3.4775217488420394
3006650,7.15003445337038
3006651,4.161925127940788
3006652,94.64912916750013
3006653,1.5009100930861357
3006654,328.61721929386516
3006655,447.0184823372885
3006656,5.091449845781628
3006657,8.00191374161845
3006658,390.8237230433325
3006659,87.35478055538042
3006660,1258.6492400050267
3006661,75.53420252768267
3006662,22.352951097742828
3006663,14.597741931937001
3006664,0.448645715159188
3006665,5.373992782627892
3006666,3543.6873541042855
3006667,0.04538208728874592
3006668,536.7395637944898
3006669,9.530024021374299
3006670,1580.3229108185071
3006671,731.3020508382144
3006672,370.8676676419454
3006673,255.44457958778818
3006674,151.95793224649358
3006675,4633.7048275825655
3006676,19.179805534897213
3006677,0.6592729420957719
3006678,46.6334386737578
3006679,39.55894086788774
3006680,0.31004197606842654
3006681,379.2520762722084
3006682,4.364289661628734
3006683,3.2736600639372515
3006684,12.088182934901155
3006685,142.16906487068005
3006686,2.559918504323286
3006687,132.65397032831635
3006688,349.3975322597628
3006689,3.091050925650345
3006690,7.104740263942405
3006691,207.58696067303978
3006692,166.7346221693066
3006693,1496.1928914760051
3006694,0.5564937815664233
3006695,10.721818957697193
3006696,5.027186226619037
3006697,0.1561841070450519
3006698,1.8714571555302884
3006699,1568.374879912832
3006700,0.009857201292104168
3006701,150.9431477720049
3006702,10.008240506868344
3006703,626.1003680119337
3006704,339.19072740476787
3006705,157.57273587623274
3006706,53.331469513123956
3006707,84.24622717930906
3006708,2733.1551518837086
3006709,9.303494210919487
3006710,0.7185429798309759
3006711,25.739708853113903
3006712,19.926231541597083
3006713,0.013931576581410931
3006714,193.79373313341839
3006715,0.9425269184595659
3006716,0.027321200271923064
3006717,3.849288793056374
3006718,108.82499847733001
3006719,2.6012704346378523
3006720,102.59900159750013
3006721,157.22181655051455
3006722,1.214360251872851
3006723,6.66257393352759
3006724,152.55839728804102
3006725,34.1770506692272
3006726,474.92494155075053
3006727,9.8802591893037
3006728,4.144199238618557
3006729,2.2252301814185973
3006730,0.010403366887100916
3006731,3.5068191259732804
3006732,1744.4644668253036
3006733,0.11645170313561
3006734,299.5931106753954
3006735,15.380032714587168
3006736,598.7707562206045
3006737,586.5535853306372
3006738,148.57433326950803
3006739,53.573597305138655
3006740,77.12638824459394
3006741,2547.0935869039968
3006742,27.32826750377834
3006743,0.34209939581879195
3006744,12.35381126104963
3006745,18.103541933765225
3006746,0.18002370138726595
3006747,151.718100421027
3006748,14.683673421794653
3006749,2.2593410009884494
3006750,2.69838225147827
3006751,89.61623382472398
3006752,5.726145480143182
3006753,491.7873186235899
3006754,181.30952999533267
3006755,3.6770043076391095
3006756,5.966400934097654
3006757,307.9061227143761
3006758,38.10888860663193
3006759,1252.7703551782552
3006760,0.0
3006761,9.371832045042163
3006762,2.9632908164631058
3006763,0.13987603455843192
3006764,5.911480098091481
3006765,3875.1986959081
3006766,0.030848498926573386
3006767,779.1325784178508
3006768,20.455105183482008
3006769,1101.9618525451267
3006770,1305.319179559158
3006771,283.4897454938527
3006772,219.7681695312619
3006773,191.23918677865498
3006774,4448.486919674383
3006775,29.31712873176818
3006776,0.9562887413125603
3006777,22.661443660307206
3006778,37.045702889739424
3006779,0.022977262225637857
3006780,267.64594083641293
3006781,15.407967913076572
3006782,38.112753185559
3006783,10.722852209296589
3006784,148.27223431103099
3006785,14.82597269781679
3006786,391.3488350197842
3006787,283.9295155096118
3006788,19.115945855399005
3006789,11.163051039465262
3006790,554.6163432095534
3006791,121.75188021779984
3006792,3344.485917110216
3006793,0.011522275223116126
3006794,24.34367253047857
3006795,3.0332113846612963
3006796,0.0916849919945164
3006797,4.247124140353135
3006798,3289.4138983072553
3006799,0.0044932220193932134
3006800,359.8169730608083
3006801,6.83034267679789
3006802,563.927388106288
3006803,828.332132678365
3006804,202.56524242228892
3006805,56.281143507050544
3006806,27.92241275497846
3006807,2832.432463473875
3006808,14.83631963380625
3006809,1.0063371889182653
3006810,14.110275907731996
3006811,17.997538673285014
3006812,0.050749137708826914
3006813,147.3447487192219
3006814,0.027870769027326346
3006815,19.23215965422473
3006816,3.969840091229626
3006817,338.3540387317191
3006818,7.898566947614946
3006819,84.489441440028
3006820,145.32140398455635
3006821,4.6268166716891495
3006822,6.3099716514517485
3006823,80.21681308022276
3006824,26.66417992196511
3006825,1977.9834646469983
3006826,0.6476392118383671
3006827,3.967716073185137
3006828,5.240719484800541
3006829,0.011211161900173364
3006830,1.2959437387672206
3006831,1206.2014354605499
3006832,0.017672241034682328
3006833,255.34322727873555
3006834,7.01421125778716
3006835,424.8489395411763
3006836,250.54632406496694
3006837,95.77708806498613
3006838,38.6674262900808
3006839,39.82175084834342
3006840,1801.5026059734198
3006841,12.883554709983157
3006842,0.6260661664885772
3006843,10.87055478623337
3006844,10.60023369383869
3006845,0.30646720855332255
3006846,106.4330730339246
3006847,0.23237577171107807
3006848,6.755381393692138
3006849,0.8536806992111017
3006850,43.32153113940213
3006851,0.26073822305955024
3006852,292.1526392300255
3006853,141.35392584032743
3006854,2.818486299592156
3006855,3.440453962732344
3006856,167.20218741695027
3006857,25.96258764791494
3006858,504.7410804874344
3006859,0.4418089175919063
3006860,2.5234118405036483
3006861,9.070076205139285
3006862,0.3007080373514598
3006863,5.376390667525593
3006864,3387.1167205128854
3006865,0.25690127791507755
3006866,706.914419575613
3006867,23.114752308079417
3006868,1063.0810568233417
3006869,1124.9220240318682
3006870,366.59745993249123
3006871,255.20323688155838
3006872,200.3650622896654
3006873,4226.453492943111
3006874,32.37492827891942
3006875,2.825789763691058
3006876,26.634514467342175
3006877,36.53086102430559
3006878,0.23609516340778647
3006879,293.41859708396646
3006880,8.927370462096349
3006881,41.55829764421345
3006882,9.913511132822658
3006883,291.9201024018005
3006884,4.953965832718446
3006885,313.0842958792024
3006886,305.7007220219381
3006887,13.690174040281684
3006888,13.439238884768262
3006889,446.0932733804931
3006890,103.39690175968556
3006891,2776.566140550443
3006892,1.1848475115958144
3006893,19.132034965763392
3006894,8.828014951342949
3006895,0.028201285275474965
3006896,4.6328199043209635
3006897,3686.1119522859367
3006898,0.03169615127856515
3006899,695.6477934708888
3006900,18.731457369659164
3006901,1392.591931662377
3006902,923.7763227309794
3006903,373.0100510651768
3006904,234.98810419303925
3006905,132.2232188452709
3006906,4742.820595823296
3006907,14.472971039323637
3006908,0.8532006300122014
3006909,36.47596319072506
3006910,26.112135459552086
3006911,0.5967946225328422
3006912,316.6512111742852
3006913,0.04550472441477327
3006914,6.027144767910506
3006915,6.294220950996569
3006916,100.77780513685563
3006917,1.499653998793726
3006918,232.98627822899562
3006919,331.0891955006644
3006920,6.232021449607554
3006921,5.515489019001145
3006922,252.82872713165136
3006923,90.07691762153283
3006924,1751.8007534236797
3006925,2.572103394130595
3006926,7.426926257421111
3006927,7.903321526098289
3006928,0.3604981393340924
3006929,3.3820120176082047
3006930,3046.6395210905766
3006931,0.027570865987942606
3006932,676.5521227681952
3006933,14.112348718776019
3006934,1022.1316394860214
3006935,757.9305797977735
3006936,300.56133162894514
3006937,230.81909946087225
3006938,146.3155851729551
3006939,4250.116765102562
3006940,19.375074399522166
3006941,1.2335829199960606
3006942,30.48122531171379
3006943,26.160696970725727
3006944,0.030706034578942665
3006945,274.67609102978844
3006946,0.04310729279551308
3006947,6.430302641217627
3006948,5.559178666329928
3006949,164.1927251388574
3006950,1.7149138274829354
3006951,124.43181758105875
3006952,257.68087269677363
3006953,6.164553596234399
3006954,6.069313418322478
3006955,200.4822000483903
3006956,74.21227451641593
3006957,1266.1903605647228
3006958,1.8620416522500889
3006959,9.883542358181147
3006960,14.76293876161756
3006961,1.0202302582772256
3006962,18.493980807214886
3006963,9860.270590177997
3006964,0.08799293033785362
3006965,1446.7183606709377
3006966,56.328565233780985
3006967,2274.143360848772
3006968,2459.774362914657
3006969,476.69865746641875
3006970,560.9825811623265
3006971,449.76958610077986
3006972,9929.372264525005
3006973,94.7490190591216
3006974,2.9414341256191268
3006975,63.238248351807464
3006976,69.35696315343738
3006977,0.4258046293199675
3006978,695.7083992788266
3006979,54.37474410234682
3006980,60.58285689416746
3006981,31.100577737902828
3006982,391.2425833858379
3006983,38.31861964794696
3006984,852.6892299607414
3006985,719.9608159634904
3006986,22.890657959205484
3006987,35.74957730477801
3006988,1244.9193638475735
3006989,339.92064976426576
3006990,8657.282968881324
3006991,1.1803668414008248
3006992,91.14824519693153
3006993,3.1565478640538758
3006994,0.24215200101103002
3006995,0.6973086285762428
3006996,2331.4198683844406
3006997,0.005519010777279185
3006998,171.17937792279815
3006999,4.821285918026535
3007000,590.101761137925
3007001,300.37431993765705
3007002,118.16478326617175
3007003,145.4214409906595
3007004,72.97313048295815
3007005,2844.4275183579352
3007006,5.025407076066229
3007007,0.2840288561726062
3007008,13.210821629734838
3007009,8.072781697649427
3007010,0.21463847362777316
3007011,230.93516587371994
3007012,0.45633814819452634
3007013,0.02495658465031691
3007014,2.9851738145748925
3007015,58.5662798079506
3007016,0.9036456169970015
3007017,62.28270141979931
3007018,103.4558023525717
3007019,2.077666396064034
3007020,4.641059625679343
3007021,114.29335456920681
3007022,23.748344935520716
3007023,394.8289748618071
3007024,0.08539830497049852
3007025,5.2570643549805105
3007026,10.279735376854715
3007027,0.1863839246518892
3007028,2.5181321426552365
3007029,3106.9288161361314
3007030,0.018919550682042156
3007031,594.5007176060672
3007032,11.803059057429683
3007033,1518.5819929233144
3007034,793.3994235208186
3007035,305.9846696389398
3007036,262.92473083042586
3007037,148.22370601951292
3007038,4761.700972805414
3007039,15.702439625290822
3007040,0.3363313523260413
3007041,27.533244100275734
3007042,23.474283347031893
3007043,0.1265790140527938
3007044,321.1301840375632
3007045,1.2623299460820665
3007046,5.650456152909876
3007047,10.950114695485775
3007048,34.41536571995039
3007049,1.6121229107964672
3007050,344.24446552176795
3007051,310.7812578746531
3007052,4.150517867499085
3007053,8.262956064665824
3007054,140.53289815726566
3007055,70.27418815188312
3007056,1393.0724508893686
3007057,1.5911193286105314
3007058,7.382477006291535
3007059,1.449374521832893
3007060,0.0
3007061,0.7270080053321706
3007062,1068.14400003259
3007063,0.0011803130233078059
3007064,122.47709528769428
3007065,3.694968452038444
3007066,591.6279468505812
3007067,177.3529357481891
3007068,74.17123522896496
3007069,164.79653068993625
3007070,31.38351598721753
3007071,1819.5567605849624
3007072,1.6750449746108638
3007073,0.26591599810022887
3007074,9.916314724846142
3007075,3.7623963722146625
3007076,0.09863996519723577
3007077,101.52188609520074
3007078,0.023826590418075673
3007079,0.0219885149722249
3007080,0.31113125044836765
3007081,47.65486167626128
3007082,0.3689845399434956
3007083,68.66717265882414
3007084,91.62377250356624
3007085,0.479846601584074
3007086,1.087027413760363
3007087,63.81791152839629
3007088,13.0517109909984
3007089,228.5607699480538
3007090,0.0
3007091,1.7270949226074692
3007092,8.982563777012555
3007093,0.0014571909271796804
3007094,1.966697126364237
3007095,2497.710333761866
3007096,0.0048068288288806325
3007097,263.80714401793693
3007098,10.485919385048529
3007099,1088.2964884731482
3007100,510.4763893446586
3007101,196.939313517212
3007102,178.72039356091824
3007103,115.21264597947213
3007104,3244.618253781879
3007105,3.2083554315869436
3007106,0.5509668238429423
3007107,28.962472915096626
3007108,21.19112630432004
3007109,0.23379186022912407
3007110,338.59468616769544
3007111,0.021886881146476737
3007112,0.024467269135597443
3007113,13.657132168555808
3007114,49.5728525167274
3007115,1.453952899259629
3007116,287.1759583237208
3007117,225.77717144069504
3007118,1.7592065390801324
3007119,4.289926860492688
3007120,194.20331802544672
3007121,33.28875559835388
3007122,1341.1832416212415
3007123,0.0
3007124,1.491722965561729
3007125,3.4200064524504348
3007126,0.25347666901052424
3007127,1.7715553365968324
3007128,2844.7490234126576
3007129,0.01848032530316074
3007130,661.699653313637
3007131,10.407724889596883
3007132,847.4953132864869
3007133,725.0041320717218
3007134,229.04150393695056
3007135,148.25511508914104
3007136,107.90054385978905
3007137,4302.964115648719
3007138,7.0874461355594764
3007139,3.7100074572239863
3007140,33.52913914896489
3007141,42.38852057541033
3007142,0.17567705363824432
3007143,238.67759220346073
3007144,1.9433980554452548
3007145,5.617506939891336
3007146,3.4805841216979365
3007147,57.81151032157039
3007148,2.624844992985589
3007149,175.7359554152119
3007150,275.60810025168263
3007151,3.4038237422366073
3007152,6.920955144703729
3007153,153.18279004815278
3007154,36.54547817502757
3007155,673.5015298693378
3007156,3.2802599940948505
3007157,4.590157313588105
3007158,4.257082612027698
3007159,0.0
3007160,0.3898965393783947
3007161,1709.9542442562245
3007162,0.0
3007163,119.15479640792176
3007164,3.50680397619155
3007165,514.0113344559227
3007166,200.16720492091594
3007167,108.6054032454323
3007168,157.93490909110866
3007169,81.05322240964396
3007170,2108.2789623823232
3007171,6.793565741744375
3007172,0.41685215989655267
3007173,10.363130073062932
3007174,8.599704556706547
3007175,0.1563100517348263
3007176,124.23197631286003
3007177,0.022603060617786132
3007178,0.02316994927276353
3007179,0.2947572695404201
3007180,85.67704542486484
3007181,0.6717625252777611
3007182,163.08570077519164
3007183,109.17154819611767
3007184,0.9280641549641235
3007185,1.1816614228887774
3007186,55.128675737180345
3007187,22.484085349362886
3007188,368.2871534905569
3007189,0.06109987874559365
3007190,1.5743419624949864
3007191,5.032966718299005
3007192,0.0
3007193,0.8452944687195506
3007194,3229.5634348203707
3007195,0.003503178045469465
3007196,537.1814985407343
3007197,11.997851308436978
3007198,954.7649040568328
3007199,647.5963479937145
3007200,217.0880955105454
3007201,120.14272557195913
3007202,163.17242339608518
3007203,3749.3271850466763
3007204,7.374349387133733
3007205,0.3962969792683272
3007206,26.735262328536642
3007207,11.634863086229375
3007208,0.17474573804143115
3007209,236.3005743216405
3007210,0.026177176453926636
3007211,25.11537415318855
3007212,2.600487541211779
3007213,118.0126954203201
3007214,1.0997339844730472
3007215,247.09964631267258
3007216,230.52620565629041
3007217,2.62636719319449
3007218,3.7537478601360585
3007219,131.51661103023966
3007220,47.59179936696161
3007221,1395.4403107116634
3007222,0.8151681014043745
3007223,0.9963525541492011
3007224,3.471415013307291
3007225,0.009745407382789523
3007226,8.81965196375662
3007227,3019.591630401962
3007228,0.019099006190616732
3007229,549.7336377488397
3007230,9.644486727911024
3007231,977.5529370379595
3007232,909.5312934418771
3007233,179.29215854544188
3007234,133.46293576857022
3007235,114.53632111566417
3007236,3823.7152635001644
3007237,53.45882167809078
3007238,1.3247364343793047
3007239,35.625773442432596
3007240,28.194871392823632
3007241,0.22218921159921703
3007242,272.4701518619651
3007243,27.546391114811072
3007244,22.809731021856397
3007245,1.559691351216231
3007246,175.06953632221916
3007247,11.40459571010399
3007248,230.60975542849698
3007249,284.67839011071845
3007250,12.86148749494758
3007251,14.229799144891462
3007252,290.081377885249
3007253,77.8028575727349
3007254,2533.0771381199615
3007255,0.006404868886149929
3007256,12.079357967498547
3007257,7.300528411441664
3007258,0.02565415410590455
3007259,10.856705353100203
3007260,4128.191868329398
3007261,0.03752281961631589
3007262,536.9825606233743
3007263,17.18001422301321
3007264,1476.9670507833655
3007265,998.6979281806697
3007266,198.33510023739328
3007267,115.7149666002447
3007268,123.27680341862067
3007269,4799.050907427918
3007270,31.826234091000156
3007271,1.2665643877231243
3007272,45.759472019151985
3007273,65.64141994806101
3007274,0.033594444280119935
3007275,463.20184984892194
3007276,30.763651437603617
3007277,20.943694926616793
3007278,10.675943017589377
3007279,156.2126353513179
3007280,16.20439494193258
3007281,179.8244607001932
3007282,568.4829894206747
3007283,10.007933908848155
3007284,12.886222362087898
3007285,165.1213351827797
3007286,107.45615211020059
3007287,2304.505384209749
3007288,1.6527174562687579
3007289,18.463782715927955
3007290,11.53306014314069
3007291,0.27221321904908397
3007292,4.713518787366276
3007293,4554.77672372876
3007294,0.031009806457529057
3007295,702.3260457297996
3007296,10.169489428503736
3007297,1728.9381347803119
3007298,775.9276310899388
3007299,215.04735563153727
3007300,413.56446543519223
3007301,126.41873151575459
3007302,5075.23561933386
3007303,36.40245526874672
3007304,1.7931487408599946
3007305,29.570618058176656
3007306,23.365867343130958
3007307,0.14942799406212964
3007308,381.5063329028542
3007309,6.835789348538414
3007310,15.895543266773934
3007311,12.899787980639452
3007312,96.94136871063328
3007313,4.5437594757797495
3007314,187.67631585739568
3007315,351.59685073511946
3007316,8.214749837904776
3007317,12.882196864026588
3007318,248.56586603145124
3007319,66.95936327163983
3007320,1779.0611590040778
3007321,14.786011626051794
3007322,20.80689883822596
3007323,5.047866265592534
3007324,0.28687450638903084
3007325,6.722481901229273
3007326,3213.3909418946478
3007327,0.11392884395457686
3007328,436.673163668952
3007329,10.632694212747369
3007330,971.2314222929907
3007331,924.6805973598408
3007332,249.0945885328418
3007333,175.8328121115265
3007334,120.67324562151224
3007335,4079.921402987539
3007336,33.199294559772895
3007337,1.459467488678791
3007338,19.7951284013394
3007339,16.60485280418761
3007340,0.17914204773624007
3007341,318.3253794449302
3007342,24.552285878462502
3007343,24.297672763963888
3007344,2.153168364363521
3007345,156.31415045437043
3007346,10.012489856130566
3007347,416.7708549163811
3007348,299.8704780124768
3007349,8.427119904742103
3007350,11.758386138419942
3007351,481.2365567785615
3007352,68.11484452031007
3007353,2606.0511590777105
3007354,0.06692685355223618
3007355,31.2408410795664
3007356,4.036373039581585
3007357,0.13967164053459966
3007358,3.5597828220099026
3007359,4557.769572364791
3007360,0.011686533013188583
3007361,438.1162599121126
3007362,13.696694373440266
3007363,1872.7373292213574
3007364,688.5153437789432
3007365,282.6990765278862
3007366,163.31400312191712
3007367,104.81861240941896
3007368,5463.763851585538
3007369,11.05843604959454
3007370,2.2366242461798866
3007371,26.36612376697467
3007372,28.60043814381888
3007373,0.21753728834040753
3007374,413.87888131210065
3007375,0.02696773980057088
3007376,0.21457346154023726
3007377,8.718547459651115
3007378,73.27641554739348
3007379,2.296827875680003
3007380,132.80169014086718
3007381,329.41180882079243
3007382,3.296026252441346
3007383,10.306927467137013
3007384,169.28896141248524
3007385,58.08706475577005
3007386,1203.4771187405415
3007387,0.0
3007388,7.413348467600137
3007389,9.602356934077946
3007390,0.09165943752506411
3007391,10.1211818218925
3007392,3859.81129833484
3007393,0.03397959994109593
3007394,626.3177608356909
3007395,14.26690921387345
3007396,1403.3017119668414
3007397,881.6914242431783
3007398,281.9224005987319
3007399,159.15639389290547
3007400,185.55154079053082
3007401,4606.845483392035
3007402,49.59380702441667
3007403,1.3466336012271098
3007404,33.94543166446856
3007405,37.4637256896052
3007406,0.1452273050696141
3007407,327.13800799570635
3007408,25.42410559028126
3007409,23.250315001702997
3007410,10.267317124093267
3007411,237.52710662987462
3007412,16.537972905373067
3007413,253.50330019991563
3007414,474.5924954822903
3007415,14.702499881493246
3007416,11.127168905298637
3007417,225.70443675847986
3007418,68.7598599095238
3007419,2390.691374170623
3007420,0.47021351891378116
3007421,8.080367085745054
3007422,4.225366592270403
3007423,0.020080870703153526
3007424,6.549342027071953
3007425,3202.5142840783546
3007426,0.037969554281663646
3007427,572.1712985694031
3007428,13.051479179556196
3007429,907.4933511141163
3007430,1026.5695722507066
3007431,216.32876712622678
3007432,158.87172149770998
3007433,138.38821646180722
3007434,3719.440876094149
3007435,40.76743710918753
3007436,1.1220322033015413
3007437,26.55780069783895
3007438,25.985126140414895
3007439,0.16192592426920865
3007440,278.16073912886884
3007441,23.004755712781314
3007442,44.46014149687601
3007443,6.38247601010464
3007444,134.70385155353304
3007445,13.42291639483948
3007446,285.742314431463
3007447,276.0361409722173
3007448,11.31269170250851
3007449,10.708176195790585
3007450,267.1101269796634
3007451,68.47521512198563
3007452,2671.743423533619
3007453,0.19280493230819282
3007454,16.50776818479009
3007455,6.177113578532825
3007456,0.09776459562804232
3007457,4.333748531751092
3007458,5534.169449955868
3007459,0.009395198809595814
3007460,674.7597887670878
3007461,19.178347554183716
3007462,1414.0527779934735
3007463,792.7978946585602
3007464,318.13247475165076
3007465,185.24532371666032
3007466,102.67156796009058
3007467,5222.196810366754
3007468,8.802627264896039
3007469,0.19614056082962997
3007470,21.804895140774473
3007471,21.452701905861094
3007472,0.10785004563627558
3007473,266.23412730244723
3007474,0.029469170431860172
3007475,7.2129984224314345
3007476,1.1388702556359265
3007477,140.14866892497466
3007478,3.236950894059947
3007479,191.6827428606293
3007480,344.6043680577952
3007481,3.332085242971056
3007482,2.858917506841143
3007483,224.04006964082228
3007484,110.17275095885536
3007485,710.272359582862
3007486,1.725635813184675
3007487,0.7283505144817268
3007488,21.088391524107312
3007489,0.037779491383195196
3007490,23.464751234850787
3007491,11249.896250996877
3007492,0.059783902861873045
3007493,1980.8724904747419
3007494,36.718551303347816
3007495,3159.846694311989
3007496,3117.5818780049003
3007497,732.4519179368665
3007498,729.1815612846767
3007499,548.3822234267293
3007500,11720.257345524
3007501,94.2062253074614
3007502,5.4076629296776435
3007503,149.49540056402157
3007504,157.3642676124135
3007505,0.421119335301054
3007506,1001.4510206487702
3007507,48.28057376539988
3007508,32.63793477567071
3007509,44.628171010774665
3007510,576.6606114799949
3007511,36.448235768998515
3007512,1009.8467577717314
3007513,836.9424501490505
3007514,51.79943872562577
3007515,47.65106785321509
3007516,1392.092711460694
3007517,394.4004382147931
3007518,9846.828373385737
3007519,305.5914756635836
3007520,104.80983184649156
3007521,21.960324117815663
3007522,0.0368638645361235
3007523,19.45273989757169
3007524,10783.985820717235
3007525,0.15044751171045337
3007526,1466.8268667826583
3007527,37.82483244295724
3007528,3286.3893880237347
3007529,2779.60108659014
3007530,879.4677118768076
3007531,470.4699321305486
3007532,423.12770204730566
3007533,11728.403755718453
3007534,156.5666024495879
3007535,1.9525483505296506
3007536,73.11537473216687
3007537,103.98373885175099
3007538,0.7426606026125138
3007539,900.3286776829644
3007540,42.03529478321778
3007541,44.6417218398452
3007542,11.930243365585415
3007543,377.2377683015876
3007544,27.882948466006084
3007545,1498.5414078531742
3007546,945.9519292228803
3007547,33.60915753936044
3007548,39.67110509307961
3007549,1417.7696035116105
3007550,329.59478035888867
3007551,7173.224658486336
3007552,340.4196563600243
3007553,88.96880618738727
3007554,15.561686935028161
3007555,0.0426024176107404
3007556,26.275552162828934
3007557,8123.426720766245
3007558,0.26830638996146045
3007559,1182.169481655554
3007560,21.700493530763367
3007561,3226.1831579397526
3007562,2030.2712961938973
3007563,1085.3328828735646
3007564,204.59425658563006
3007565,319.0607155121514
3007566,11360.23444362418
3007567,60.63704428431228
3007568,3.0386197598087366
3007569,49.34313973059882
3007570,38.58057357982144
3007571,0.46039309632696707
3007572,952.0981063639266
3007573,49.34876263373568
3007574,32.76268085131286
3007575,14.05882090565622
3007576,226.76411409668665
3007577,15.025674334713061
3007578,1110.8479190259345
3007579,1029.7975573655383
3007580,34.44156095139262
3007581,55.83959805190413
3007582,983.9734822850617
3007583,178.61582045407977
3007584,3734.434597377343
3007585,397.3272727172613
3007586,55.43935901756384
3007587,22.444498721854934
3007588,0.0368638645361235
3007589,26.62376256449252
3007590,10652.578541247243
3007591,0.15044751171045337
3007592,1364.726920792506
3007593,30.47309734305249
3007594,2928.278402942171
3007595,2626.9198174340263
3007596,812.324881986707
3007597,435.0584757260196
3007598,347.59253995449245
3007599,11399.591605834737
3007600,63.52267929878984
3007601,1.94128612863333
3007602,72.64731559910754
3007603,98.03721305550438
3007604,0.6516811913309687
3007605,944.2683936851539
3007606,48.19047404176941
3007607,35.21197305286572
3007608,18.063124474473916
3007609,354.94574486334017
3007610,21.07603677712575
3007611,1014.7906882168264
3007612,937.3763214867985
3007613,29.243739390460497
3007614,41.41447791021534
3007615,1282.6493997384348
3007616,308.60708433872503
3007617,6226.730374359292
3007618,386.1937002957179
3007619,77.59350953657676
3007620,17.71918191927422
3007621,0.04832409293814421
3007622,26.61923350503738
3007623,6284.9851757133965
3007624,0.05471730113781178
3007625,1029.4523137018998
3007626,27.623233079943276
3007627,2686.4238460952993
3007628,1625.0905984875308
3007629,833.4273364482258
3007630,154.95518196765238
3007631,235.28505879294508
3007632,10428.341170987575
3007633,55.83188270474213
3007634,0.5839006151853753
3007635,39.09062850564839
3007636,86.87510799730656
3007637,0.22132532351785691
3007638,812.6066933367696
3007639,43.76970383347958
3007640,16.462842499912846
3007641,9.050429270512042
3007642,218.5023932171766
3007643,8.707346600926494
3007644,1015.4949927716439
3007645,969.2319905297469
3007646,24.47683693102435
3007647,33.44980089373771
3007648,985.1110179869678
3007649,131.39661946354894
3007650,2478.6230963361786
3007651,462.2334141959555
3007652,30.04462821088282
3007653,15.493401173782846
3007654,0.015487600786763428
3007655,14.940495787399781
3007656,8216.150511047374
3007657,0.03870679592847137
3007658,1376.6087658158808
3007659,35.102072394898975
3007660,1949.6637157906548
3007661,2352.590642859424
3007662,516.3263854434468
3007663,497.1235246154653
3007664,425.93898285868806
3007665,8657.154697314083
3007666,70.25249717390408
3007667,1.6014613842964804
3007668,58.44694260791509
3007669,59.11121278429984
3007670,0.3256954220718589
3007671,607.3571309245565
3007672,20.778883424267097
3007673,36.00431374435793
3007674,16.110484850149707
3007675,393.1386058133874
3007676,24.504172838525584
3007677,842.9704987367412
3007678,618.7636189306002
3007679,22.335371588096177
3007680,39.00861298897092
3007681,1065.9906351898765
3007682,287.14786224971084
3007683,7897.080455514149
3007684,396.4185424165659
3007685,82.58922719623531
3007686,6.813891245390179
3007687,0.26423164760850165
3007688,8.955564241888233
3007689,2147.264439030511
3007690,0.03157955819781288
3007691,342.05362184976474
3007692,29.417297657189565
3007693,1012.3890683511833
3007694,557.821637887828
3007695,230.4362354742399
3007696,88.12228344274742
3007697,115.36035632296479
3007698,3182.1555785016903
3007699,52.11774925994129
3007700,1.2414734611041698
3007701,31.10477246882509
3007702,25.050393185265424
3007703,0.2152977096162451
3007704,250.1360501410321
3007705,17.021636932924842
3007706,9.029220674298895
3007707,11.51845118473172
3007708,102.7694086605116
3007709,9.199750398331211
3007710,239.64910117471143
3007711,260.18479692753675
3007712,3.8204841991175207
3007713,8.868559259707926
3007714,235.06358719135181
3007715,62.095115450497154
3007716,1600.851677662632
3007717,0.6833345109334835
3007718,9.94835678016102
3007719,13.181323203968251
3007720,0.03344475862032822
3007721,18.91436349448921
3007722,5569.855473914502
3007723,0.10973160793542906
3007724,755.7126699346616
3007725,40.009093653630075
3007726,2217.8426818166427
3007727,1451.2653664726527
3007728,609.1356484871353
3007729,138.18736950624023
3007730,211.93807137101987
3007731,8274.572323408258
3007732,114.10493585543963
3007733,1.4928054715985577
3007734,59.953495199229295
3007735,46.046778554412356
3007736,0.22740290380515674
3007737,641.9558811868692
3007738,30.858595407069
3007739,12.058553786024701
3007740,3.9062196738347925
3007741,221.759922327363
3007742,13.93201475947972
3007743,722.388662449373
3007744,758.2727985249284
3007745,17.200970634239884
3007746,32.34887793723798
3007747,482.582424000031
3007748,109.17411221599616
3007749,2542.9966044937287
3007750,481.6503416955377
3007751,22.155756488767157
3007752,9.216541411875985
3007753,0.015271530415723253
3007754,7.975125877229235
3007755,5291.026972089149
3007756,0.034622174784257255
3007757,988.0956160821199
3007758,12.284974375266923
3007759,1574.770889054949
3007760,1717.4398084707643
3007761,290.396751424244
3007762,365.89721827026233
3007763,340.46366248677367
3007764,5599.130896239214
3007765,45.16660357391534
3007766,1.8177802946747557
3007767,39.68704484317897
3007768,45.447926155227044
3007769,0.2865871951425945
3007770,421.7355522179207
3007771,2.834181320368549
3007772,50.20550853656989
3007773,6.188494288603045
3007774,274.71201535235997
3007775,13.073195231112923
3007776,671.426743577629
3007777,377.544904555732
3007778,22.14707530829445
3007779,13.230664654588114
3007780,806.4237520060477
3007781,145.6219390542237
3007782,5556.525013448214
3007783,3.320935519887729
3007784,48.399667914175424
3007785,12.36360028262157
3007786,0.0
3007787,12.335351443226067
3007788,4786.431830428824
3007789,0.006053489600550963
3007790,1056.3733985931513
3007791,13.29088284069351
3007792,1911.528944511028
3007793,1278.770372266655
3007794,415.5989620382101
3007795,194.4877536892892
3007796,260.89772631471385
3007797,5969.941472755045
3007798,53.25939196869339
3007799,2.974782631852881
3007800,42.049702328092266
3007801,48.82059252999659
3007802,0.2906728285647701
3007803,450.3310062056711
3007804,9.817403253393879
3007805,52.7032040574915
3007806,9.275144367748137
3007807,344.2316181754687
3007808,12.656154235076821
3007809,452.2500653949232
3007810,407.0608919657352
3007811,16.976783373200284
3007812,27.12267239711333
3007813,452.4149192278011
3007814,108.88263887868423
3007815,3680.3728149034505
3007816,5.383613096283302
3007817,14.853077172288465
3007818,13.586350800969337
3007819,0.3704063626424278
3007820,6.689724961367646
3007821,2309.4520552801987
3007822,0.3798962545839892
3007823,419.9391105606745
3007824,13.512614019561843
3007825,928.0413447470509
3007826,493.71662037439427
3007827,263.254962728436
3007828,83.54927532258407
3007829,116.53625756728599
3007830,2749.6708733200608
3007831,24.46015285709923
3007832,2.293905349888915
3007833,35.35529198407454
3007834,34.40388711433803
3007835,0.5637278618242917
3007836,242.17249302593655
3007837,8.41849285007365
3007838,19.899240432296867
3007839,11.623706799088374
3007840,144.8894286947423
3007841,6.08103177870227
3007842,239.47372924948576
3007843,264.4440463337546
3007844,8.015638468537258
3007845,11.714635851076943
3007846,195.38671464982153
3007847,63.42694327853692
3007848,1630.4461254858616
3007849,0.7101626462637326
3007850,5.15177385860749
3007851,10.767042029472599
3007852,0.3704063626424278
3007853,2.024914906532033
3007854,2731.794785192432
3007855,0.3798962545839892
3007856,240.39953260809844
3007857,7.666402465806882
3007858,986.415295668762
3007859,251.7939182499191
3007860,215.4793817512575
3007861,59.93002929272212
3007862,48.766788245524786
3007863,2739.555271086813
3007864,14.190102860747084
3007865,1.6014229672971871
3007866,25.155444840519856
3007867,14.17876527509359
3007868,0.5621338893117604
3007869,239.39061986296963
3007870,0.40545840298468105
3007871,0.4170075264257747
3007872,5.467537656279401
3007873,47.43558048508987
3007874,2.079800678724881
3007875,51.573052576780924
3007876,163.1830738531831
3007877,0.6925229053448623
3007878,3.2512424357716654
3007879,62.50016642811713
3007880,72.95033748633773
3007881,545.0424672656931
3007882,0.32710925927535234
3007883,5.201339497256793
3007884,9.471746092822308
3007885,0.08759944867195266
3007886,8.743645936308722
3007887,4221.182920866116
3007888,0.039022447204709494
3007889,682.9169431963751
3007890,17.429928199778203
3007891,1499.463293269805
3007892,1149.1262982941778
3007893,432.396662930342
3007894,212.23965528730113
3007895,202.958559180942
3007896,5464.8887393993045
3007897,43.01269753555928
3007898,1.254337372657514
3007899,38.39780645181246
3007900,66.0177853793719
3007901,0.03788556126316881
3007902,425.02661419607927
3007903,33.53952363061799
3007904,20.679940415039855
3007905,15.951291868109555
3007906,164.6024277061403
3007907,9.80721085108383
3007908,543.321694079874
3007909,392.95363370841613
3007910,13.214419956033602
3007911,17.962295635151182
3007912,667.1857679162865
3007913,126.94647629733466
3007914,2874.610322262111
3007915,0.021209740339274866
3007916,41.220476458315176
3007917,5.318795985575573
3007918,0.1055934308331079
3007919,5.966708887126107
3007920,4081.405476347722
3007921,0.11742144098574449
3007922,698.1849986195322
3007923,21.388098410812024
3007924,975.1884983325621
3007925,1243.421627350613
3007926,201.57119607306754
3007927,271.5056060365618
3007928,262.2116900131473
3007929,3588.2911159189753
3007930,39.4563589997463
3007931,2.391057187832779
3007932,30.498139601480133
3007933,32.315748360563376
3007934,0.6321873844668612
3007935,249.42259557720237
3007936,16.005381105243444
3007937,43.364929140113844
3007938,9.236524540251724
3007939,281.8206115229549
3007940,14.94337432668763
3007941,463.6952326582685
3007942,251.63522295758096
3007943,7.8518786518063655
3007944,17.548288247352893
3007945,585.8644513405989
3007946,146.07593908201207
3007947,4679.693198623424
3007948,0.2314317243977056
3007949,38.16227322258938
3007950,5.45206077152884
3007951,0.4455676083471526
3007952,13.6310015081487
3007953,5699.422952719374
3007954,0.11293655121261582
3007955,974.7992192659215
3007956,26.677003032529115
3007957,1471.035821798275
3007958,1736.335083405986
3007959,375.3246742247983
3007960,401.51812978366934
3007961,193.6462726389689
3007962,5830.295752340496
3007963,45.28115680086536
3007964,3.9548903974041942
3007965,47.12876313896019
3007966,58.53228725540078
3007967,0.0412090078541178
3007968,466.6285918481528
3007969,42.241278489783745
3007970,41.841063163658866
3007971,26.28578439643628
3007972,261.3674368024783
3007973,25.5955591337998
3007974,538.1694637978784
3007975,444.27874797614277
3007976,23.536938084594944
3007977,24.647220087275304
3007978,719.1677081697558
3007979,187.4556156700759
3007980,5199.260082752379
3007981,0.8768026313215757
3007982,41.55398799232773
3007983,14.711556678304712
3007984,0.27114823531273735
3007985,10.089648789397367
3007986,4153.323469688569
3007987,0.022357544300189856
3007988,624.0288681378221
3007989,18.90966538026981
3007990,1818.1547590800926
3007991,968.6884094904476
3007992,641.7483546748882
3007993,251.072365933297
3007994,164.4523045080484
3007995,7113.092133845892
3007996,14.153610716665149
3007997,1.2194323263030042
3007998,53.29296843696576
3007999,45.905249845643034
3008000,0.025397891015545026
3008001,504.5272473279047
3008002,15.483513735504518
3008003,5.627793904143905
3008004,8.59841673393202
3008005,90.52572941691007
3008006,3.9152233881430885
3008007,392.8165437516611
3008008,562.5841343771351
3008009,8.813256673404698
3008010,10.252285954216864
3008011,485.8550446667203
3008012,119.91271133811517
3008013,1754.8245595041826
3008014,122.44028760657945
3008015,22.542245972872966
3008016,2.9940625816040063
3008017,0.0
3008018,2.7879185056821876
3008019,1353.7038665247794
3008020,0.0
3008021,200.61280227339424
3008022,6.711965780015193
3008023,387.31057333847497
3008024,449.254529898665
3008025,76.12929031152827
3008026,78.49292867515871
3008027,66.6995719660052
3008028,1695.214374972272
3008029,9.836588533067204
3008030,1.0328952592717935
3008031,9.759739588962518
3008032,12.223928942079556
3008033,0.10626534742412347
3008034,109.36000561546513
3008035,7.437102533845103
3008036,9.315156397376452
3008037,3.847913589012014
3008038,57.933398720838404
3008039,4.040733545700679
3008040,176.49190508093383
3008041,98.32855010330906
3008042,2.512824711402123
3008043,5.114035783343864
3008044,185.88540732519087
3008045,37.988080781969785
3008046,1517.284099496367
3008047,0.0
3008048,14.154483950170125
3008049,1.529179122974178
3008050,0.005472539700484868
3008051,1.9144749653019482
3008052,1417.3707383836638
3008053,0.011984200436852036
3008054,130.58044599954317
3008055,4.660666084706684
3008056,818.9049306763286
3008057,328.82985274546235
3008058,272.282950193861
3008059,51.32806194994469
3008060,35.76079682565827
3008061,2848.36877679082
3008062,7.17061908860228
3008063,0.42383189764671403
3008064,9.901687712621035
3008065,8.768364958384742
3008066,0.0666281083121635
3008067,189.5270153862237
3008068,4.0041725510782085
3008069,0.021288900525286966
3008070,1.399568055928057
3008071,11.389731114610456
3008072,0.4629013101574016
3008073,171.71990170374437
3008074,192.12898408014044
3008075,0.9523276998606367
3008076,4.289944998266982
3008077,177.951277604513
3008078,31.365686415200305
3008079,286.2994487883605
3008080,5.066428445775715
3008081,1.2751488854372346
3008082,9.240068572719094
3008083,0.20669261965650484
3008084,5.422996746314076
3008085,4763.96343555041
3008086,0.02705648391087679
3008087,852.0031977745163
3008088,13.048356525247424
3008089,1882.5490232788582
3008090,804.8748923975526
3008091,574.3729062141679
3008092,216.5222794043761
3008093,92.07085941401566
3008094,7316.195000881158
3008095,37.483791144356154
3008096,0.7054593030459209
3008097,33.98983340976381
3008098,25.45885393618062
3008099,0.19807748764587732
3008100,522.5006914461669
3008101,15.751973712311248
3008102,1.854905103696703
3008103,10.311174827700881
3008104,38.693715365770885
3008105,2.7366829274779296
3008106,534.2267535481726
3008107,458.587909094098
3008108,3.070979987004531
3008109,17.750142399453495
3008110,465.2892702674249
3008111,99.58348174812357
3008112,1525.2437395213606
3008113,45.02260417071572
3008114,12.705810228571877
3008115,6.342479681207866
3008116,0.010803527651491127
3008117,0.8135557667704256
3008118,1771.9104318357643
3008119,0.015072094541916556
3008120,226.18604991925747
3008121,10.970764704772158
3008122,856.3726501393083
3008123,469.4046155117761
3008124,240.19303142101307
3008125,56.6360469853055
3008126,39.50726335452858
3008127,3059.7554096388208
3008128,11.322478262397276
3008129,0.43715057262228996
3008130,13.0519926274347
3008131,19.85751863211281
3008132,0.24399828676111895
3008133,197.1720093141699
3008134,6.599619453317862
3008135,0.024905523911536626
3008136,10.259445275985696
3008137,39.773799437791794
3008138,1.5208540853182346
3008139,136.9739502412173
3008140,198.83637100713923
3008141,1.5126946257221867
3008142,7.000583793707401
3008143,166.27838813412782
3008144,32.28682864404019
3008145,367.0346792565706
3008146,3.4533240347721166
3008147,2.9964892839032715
3008148,5.134930525229768
3008149,0.0
3008150,4.013312900539161
3008151,1523.698981045705
3008152,0.0002712545157811467
3008153,155.74242462397788
3008154,6.801511138115422
3008155,744.9487237902844
3008156,297.0134672995496
3008157,150.43709261695975
3008158,46.299006618851614
3008159,31.869566241933693
3008160,2881.493092473771
3008161,15.088625289821099
3008162,0.14606270988643064
3008163,15.022841068928047
3008164,11.029840838217225
3008165,0.045717224425832224
3008166,156.58846231398687
3008167,1.4707940909137005
3008168,0.0035120002649060037
3008169,2.2560015441511228
3008170,31.333294144389615
3008171,1.0629737806746047
3008172,134.7923751751417
3008173,179.8494046729898
3008174,0.4934001500924676
3008175,5.530841222959208
3008176,98.0583563209598
3008177,26.61769378095994
3008178,179.1977026648969
3008179,5.433100334560806
3008180,1.3701425018040811
3008181,3.4152393806213692
3008182,0.0
3008183,1.517278160375871
3008184,1402.70529417152
3008185,0.0
3008186,184.14952675917877
3008187,7.844231752521884
3008188,1134.4729311046322
3008189,378.5194366777054
3008190,226.59949699681715
3008191,44.47679896659344
3008192,39.761989776841034
3008193,3135.315152426275
3008194,7.865630401535492
3008195,0.3265473615710003
3008196,11.867782477098153
3008197,19.122456525137057
3008198,0.11843132571011156
3008199,192.53456016994355
3008200,0.8664526332394455
3008201,0.0
3008202,2.4340934033108077
3008203,19.459234259111838
3008204,2.1298922069230217
3008205,256.55784376821754
3008206,232.05964153235
3008207,1.0882778946179796
3008208,4.799982137884024
3008209,81.00125394300328
3008210,87.53710462431214
3008211,419.9227278619543
3008212,5.184676974005769
3008213,3.7530898798945045
3008214,4.193100427370704
3008215,0.6039394869610485
3008216,2.74043384146782
3008217,1571.977162083105
3008218,0.0
3008219,168.7294077882518
3008220,2.44743122899294
3008221,806.8779208753128
3008222,318.16438955996665
3008223,236.8090765009412
3008224,86.13643925554514
3008225,58.5064679482441
3008226,2656.6041346460283
3008227,8.085022328642394
3008228,0.9318744649378974
3008229,12.247364863828759
3008230,18.428612136213737
3008231,0.14146457727636802
3008232,199.31562114521066
3008233,8.614889672842416
3008234,0.0
3008235,2.9870821160734855
3008236,15.37850106857658
3008237,1.9864252194004695
3008238,120.06677914505632
3008239,180.2090758113695
3008240,0.9411531650420669
3008241,4.83942432103656
3008242,97.84891713077319
3008243,39.4702274272307
3008244,567.0520842775277
3008245,8.616485484108031
3008246,4.07472554071326
3008247,5.234330416931061
3008248,0.17107425096594314
3008249,2.4657604845861334
3008250,1701.689299922127
3008251,0.011922716559128164
3008252,213.34546729871263
3008253,5.05559581613561
3008254,970.651290436248
3008255,345.83617468897364
3008256,214.5818269835321
3008257,160.74376054287492
3008258,41.03292059689762
3008259,2729.32037596671
3008260,8.136653926764193
3008261,0.298880031721234
3008262,11.924412620637606
3008263,15.815388535077929
3008264,0.23037766327816117
3008265,208.93009433427255
3008266,0.05346920011518308
3008267,0.02816348460263681
3008268,2.321719050247142
3008269,33.7757809508714
3008270,1.5672519875133004
3008271,60.70929188615146
3008272,194.79779845184757
3008273,1.0010508276731873
3008274,3.066237588335764
3008275,78.14623183457688
3008276,42.118969209206085
3008277,605.9540616079313
3008278,0.012569333928950183
3008279,0.9197818734978904
3008280,10.997976248185887
3008281,0.5982902386943993
3008282,4.814077858532402
3008283,3884.9389764857888
3008284,0.044309214970850976
3008285,519.0318943410085
3008286,7.3909550351121664
3008287,1537.908784529595
3008288,942.6646444340159
3008289,634.8536412416756
3008290,264.50903171427314
3008291,126.4224240662656
3008292,5532.4101456041035
3008293,26.010581679777616
3008294,1.484877377530121
3008295,31.25198512601889
3008296,32.65049365499213
3008297,0.23231055634852238
3008298,413.24947477988223
3008299,0.7737763989339437
3008300,0.06488507294050222
3008301,11.786820691999003
3008302,55.49940909919337
3008303,4.581818857092677
3008304,286.1301809978891
3008305,374.61337718911096
3008306,2.6843752204330333
3008307,12.395910711803435
3008308,505.1076644294045
3008309,76.5358868320057
3008310,1684.51352084899
3008311,24.473643918041258
3008312,17.755889130486484
3008313,3.480981308446152
3008314,0.15606651605489866
3008315,6.716405631663134
3008316,2370.714441211737
3008317,0.0
3008318,552.9693968425353
3008319,6.410886442580307
3008320,648.8225562367304
3008321,648.0513175617438
3008322,240.73449195853345
3008323,166.3620799278673
3008324,26.138337221060727
3008325,2873.6826330625727
3008326,20.884940726383064
3008327,0.8673954249466431
3008328,14.675754055286479
3008329,17.549840921479507
3008330,0.13649364518723509
3008331,224.18120514019253
3008332,8.627275900536043
3008333,3.6184692408383126
3008334,6.549611940693159
3008335,60.8135194965584
3008336,2.018526207217498
3008337,52.12001461517444
3008338,194.28665094550394
3008339,3.6494217431450195
3008340,6.70074628246615
3008341,174.1559220569593
3008342,26.576622688489596
3008343,1503.8943241742802
3008344,72.3888741130033
3008345,9.59411500511474
3008346,7.903834898132887
3008347,0.5608118450732611
3008348,2.9212664132888744
3008349,3103.5851877015466
3008350,0.012806830775108996
3008351,241.7843294264193
3008352,6.75562868473155
3008353,971.1646148554661
3008354,405.87779547497473
3008355,325.76272719152087
3008356,71.06895719151599
3008357,44.00786464109428
3008358,3686.8803358422597
3008359,33.13542822521366
3008360,1.3094108178502541
3008361,13.928581028627956
3008362,17.22748209646166
3008363,0.17258656349100263
3008364,210.44309569415864
3008365,11.138655139286824
3008366,0.013014165931889539
3008367,3.9976624334059716
3008368,38.462240595389545
3008369,2.924963301730508
3008370,141.91685612247204
3008371,211.16224692371327
3008372,1.4216502062561747
3008373,6.343004577469524
3008374,132.1332317444712
3008375,29.91219682712746
3008376,553.6916750496542
3008377,4.948533026997184
3008378,4.449561341215758
3008379,9.097423827450495
3008380,0.02650424526531466
3008381,10.657793114709298
3008382,3787.7248406786152
3008383,0.04321060571438631
3008384,827.8225279081003
3008385,12.581497324844515
3008386,1051.4947572407561
3008387,1085.0756236802918
3008388,282.4194125456551
3008389,230.1879195822981
3008390,126.9836951874431
3008391,4578.119031343023
3008392,51.53631863436627
3008393,2.607768923548333
3008394,21.11322536539509
3008395,33.11784887291897
3008396,0.17852955837672094
3008397,339.2648983016686
3008398,34.84396113555766
3008399,18.85198778186598
3008400,5.842003579212431
3008401,103.42386016406392
3008402,12.137221709522471
3008403,489.7266300655136
3008404,310.20134118961124
3008405,11.384811874835533
3008406,10.323051156356915
3008407,548.5212335060038
3008408,134.1192216550789
3008409,2825.975974955793
3008410,0.04040241100271764
3008411,38.411986742975586
3008412,10.749213856395555
3008413,0.13100513121527052
3008414,9.079418054459873
3008415,5053.8918797843
3008416,0.06533736892920024
3008417,839.1136364874635
3008418,10.34864246690424
3008419,2112.0106633839373
3008420,1179.1343416691725
3008421,890.837354398552
3008422,161.63031628016344
3008423,97.28272972779479
3008424,7896.866025493283
3008425,21.33140612970049
3008426,0.6060235816057761
3008427,28.98965287597957
3008428,22.88904910007055
3008429,0.06884269518347284
3008430,509.1471876508633
3008431,3.5662817383061203
3008432,7.826569524902659
3008433,5.375371146785702
3008434,74.08372008788326
3008435,1.702600054419066
3008436,393.6588379574318
3008437,585.6070420589147
3008438,5.369081785432412
3008439,8.910811453398992
3008440,506.6963562434648
3008441,95.56126566420505
3008442,1627.9142420996252
3008443,81.03838587052229
3008444,17.7149495422176
3008445,14.11089876970101
3008446,0.4286831070119169
3008447,5.952925189149242
3008448,4346.010419267451
3008449,0.0657252980841731
3008450,721.2266843866441
3008451,8.196766706807058
3008452,1951.0376282640996
3008453,979.848896209765
3008454,501.6307820887648
3008455,384.08102373301847
3008456,93.19654448435642
3008457,5633.507530235513
3008458,25.502833384031725
3008459,0.5976988952912881
3008460,46.08426313497074
3008461,41.70002348626593
3008462,0.34290848129057905
3008463,481.56418375193255
3008464,5.769138147383663
3008465,3.6424931495546433
3008466,12.014567793532125
3008467,96.19529031591794
3008468,2.6349845964554155
3008469,157.68779976152783
3008470,459.73266023017226
3008471,3.5174125141020327
3008472,7.742234893268305
3008473,248.08494787951847
3008474,192.14534371987335
3008475,1505.6998384550166
3008476,0.6392565373158021
3008477,8.529278720167667
3008478,5.023660973831295
3008479,0.1605857945253012
3008480,1.8039764035102803
3008481,1798.0674965299443
3008482,0.014667139476621897
3008483,186.0850180668215
3008484,7.510760496921445
3008485,787.8455369852219
3008486,376.38563504073255
3008487,172.5916228544452
3008488,53.792845265134964
3008489,48.38155416316804
3008490,2738.619973148159
3008491,9.230471313730312
3008492,0.6337751146129137
3008493,24.685928074486633
3008494,19.66490798744714
3008495,0.017791697040836992
3008496,185.0422850856406
3008497,0.9847869726318658
3008498,0.01948849667050831
3008499,3.7245322661204514
3008500,59.22920092942502
3008501,2.601158348616162
3008502,98.37073997012173
3008503,183.3314356023605
3008504,1.244316081342925
3008505,6.478196629965231
3008506,164.64415668603786
3008507,33.464235593207874
3008508,481.72103305258827
3008509,7.137650325718191
3008510,1.9106864256283453
3008511,2.298682935917929
3008512,0.014169727922940474
3008513,2.82864928649839
3008514,1926.2890987735693
3008515,0.1229301080743112
3008516,287.6373067896058
3008517,12.057466460465442
3008518,594.3217920935474
3008519,565.2258207458493
3008520,140.1057069831578
3008521,52.35084464088786
3008522,65.41302876483718
3008523,2492.2522124300453
3008524,21.957589510736245
3008525,0.40839781655097696
3008526,13.061641631307188
3008527,17.91462232490722
3008528,0.18442233606716082
3008529,163.61283509607028
3008530,15.587635595264414
3008531,2.4008048299071656
3008532,4.758311432199176
3008533,63.30769349113219
3008534,5.590091019830173
3008535,656.0838334826948
3008536,192.58466416553358
3008537,3.7163524861471915
3008538,5.913360834489131
3008539,336.492456383179
3008540,34.18261332405352
3008541,1373.7296083046729
3008542,0.009640808557579412
3008543,8.75360144409516
3008544,2.9788620442222165
3008545,0.12935910175173201
3008546,4.785153663267735
3008547,3529.764634993705
3008548,0.02119394108038588
3008549,692.0050777075138
3008550,16.47230168975948
3008551,1124.2346783773908
3008552,1212.1992095343762
3008553,269.8591714242472
3008554,193.06247570802395
3008555,141.1438267837019
3008556,3789.944812995616
3008557,26.5925537159493
3008558,0.9368950122676492
3008559,20.545730933220312
3008560,34.98373597292198
3008561,0.015032094047110277
3008562,257.6291314475417
3008563,14.092039834453344
3008564,33.86435979782649
3008565,9.291697172750988
3008566,86.5055457112092
3008567,13.060957551983982
3008568,366.9793973781471
3008569,294.7469015797673
3008570,17.3326620280797
3008571,10.675414978185303
3008572,477.7817025987414
3008573,108.37182601987307
3008574,3111.755410918085
3008575,0.0054101566027521635
3008576,22.328427551043486
3008577,2.9445882165685746
3008578,0.08320619077414494
3008579,4.330163912209464
3008580,3098.8595125196853
3008581,0.0
3008582,311.4402866551392
3008583,5.859548994709997
3008584,529.4793097170832
3008585,775.492920730399
3008586,196.10924803387542
3008587,53.02542994256536
3008588,33.83480840309654
3008589,2707.9671338978974
3008590,14.399939016787124
3008591,0.9851888832420106
3008592,12.497784176195932
3008593,12.420816121895564
3008594,0.04258827341515107
3008595,142.95015774613412
3008596,0.018561512734340337
3008597,16.15480456719154
3008598,3.537319145613479
3008599,215.30123970407033
3008600,7.961194982442775
3008601,87.31795566354978
3008602,143.58873995271355
3008603,4.49946369761889
3008604,6.031723034569507
3008605,76.65225639576015
3008606,24.893250590024678
3008607,1960.842419628431
3008608,0.6898911160979344
3008609,3.759438447003716
3008610,5.301106998820561
3008611,0.01689898894657038
3008612,0.42038760383609713
3008613,1216.225946052816
3008614,0.02261612821777943
3008615,248.7808625946295
3008616,6.255692054494016
3008617,496.7909982547078
3008618,307.26657193815623
3008619,104.95179440621669
3008620,44.63043684981207
3008621,38.35975473483719
3008622,1848.323933454973
3008623,12.192680731179074
3008624,0.6787638452445243
3008625,11.618869840885122
3008626,11.269286643424712
3008627,0.3179154411270266
3008628,117.75240394716849
3008629,0.3012564136057354
3008630,7.074619458840282
3008631,0.9770467600355647
3008632,28.093561630951317
3008633,0.2757225889858735
3008634,314.33261209281187
3008635,178.40792753004206
3008636,2.8435674564195597
3008637,1.4796559263540112
3008638,185.83959616952941
3008639,25.638169989793138
3008640,544.4108312593019
3008641,0.5561265985928238
3008642,2.593273106422973
3008643,8.903654582391091
3008644,0.28572352278530516
3008645,5.605603855031099
3008646,4135.672573457793
3008647,0.24695999971302743
3008648,816.110459645134
3008649,19.8620411187823
3008650,1078.7091609764313
3008651,1224.4288996399944
3008652,356.3640898164218
3008653,301.00987270566344
3008654,200.84577135926259
3008655,4797.521539971126
3008656,34.55083679040909
3008657,2.8327741887798927
3008658,27.01891190810117
3008659,34.13610664494458
3008660,0.249762142790155
3008661,324.75612316019505
3008662,9.777584443135146
3008663,38.92254467053393
3008664,10.205595227283537
3008665,272.13859189661406
3008666,5.010754135451896
3008667,363.0100389100335
3008668,317.3082490357894
3008669,14.365688739759891
3008670,12.875538528076067
3008671,499.39724157051705
3008672,108.88764869327058
3008673,3123.608298708638
3008674,1.2555418315781899
3008675,20.81579768608351
3008676,9.286223609841796
3008677,0.045624390579267836
3008678,3.4884515009671992
3008679,4250.623845330972
3008680,0.04837853858712412
3008681,896.5634662419664
3008682,17.172086567449924
3008683,1530.121111077053
3008684,1129.8615229571947
3008685,467.6062266334349
3008686,323.7094854125937
3008687,86.67371590505353
3008688,5416.7919654304715
3008689,18.782767378963054
3008690,0.9514898809563161
3008691,38.028024844167334
3008692,26.16620856286115
3008693,0.6029531335291487
3008694,382.6231853124891
3008695,0.09973945999530787
3008696,5.780490711059943
3008697,6.134202924105999
3008698,75.63451336632916
3008699,1.5944812256675167
3008700,212.13505404359256
3008701,404.08162697544196
3008702,6.930568240747021
3008703,5.847460063425697
3008704,274.6443864382917
3008705,88.35956718247164
3008706,1795.2023567437259
3008707,2.7480732485477244
3008708,4.276136072762073
3008709,8.279239231351754
3008710,0.37949012807806354
3008711,3.4968925889944864
3008712,3263.3453943425334
3008713,0.03788229647188317
3008714,750.9168349134025
3008715,13.122164208697846
3008716,1129.4724965890166
3008717,855.0852623809185
3008718,345.4395761340954
3008719,264.495149080795
3008720,89.7829671519592
3008721,4218.864016336542
3008722,26.061829652995232
3008723,1.3656491948791216
3008724,33.73179258158882
3008725,25.69645661973423
3008726,0.04184327235494179
3008727,297.9905766387168
3008728,0.08375426648693636
3008729,6.4869191083531
3008730,5.556925691877217
3008731,128.14802535184663
3008732,1.8727403300666081
3008733,130.0945710910878
3008734,306.0336381846885
3008735,6.747985688100375
3008736,6.037438821643185
3008737,210.9147949659336
3008738,72.8408113777988
3008739,1415.333996784095
3008740,2.015761742973047
3008741,8.05998220647275
3008742,15.50083239930601
3008743,1.0359749017605944
3008744,20.70064080830291
3008745,10080.904548900788
3008746,0.09333283137906509
3008747,1538.3516432370022
3008748,49.37138144539803
3008749,2317.8838714529884
3008750,2645.524715886822
3008751,462.4410235934764
3008752,603.8101361363481
3008753,429.747363160646
3008754,10169.149325028684
3008755,104.8694746455071
3008756,3.107351773404918
3008757,65.36316225046434
3008758,72.05184488161304
3008759,0.4275875370647409
3008760,752.1297735673556
3008761,58.16895619060375
3008762,60.7169089372485
3008763,33.28198842157413
3008764,267.5006631265939
3008765,37.78685792016512
3008766,884.8058095659466
3008767,805.0624528100993
3008768,25.348984029246964
3008769,33.31030231516336
3008770,1389.6254225744708
3008771,330.44839900223485
3008772,9419.512265754656
3008773,1.1721095681034936
3008774,92.88504149849284
3008775,2.938496685366111
3008776,0.28393056902838393
3008777,0.6918338420771744
3008778,1493.2312940159675
3008779,0.002451851376331127
3008780,179.4408237652718
3008781,4.1653860298997705
3008782,634.4556700379528
3008783,296.3049160541385
3008784,133.4771093206755
3008785,145.36686172520325
3008786,44.58904260228403
3008787,2030.7738699052627
3008788,8.24172407308814
3008789,0.2424351453511684
3008790,12.741409967452492
3008791,8.060718487687067
3008792,0.22557612942101146
3008793,151.17871434526575
3008794,0.4573743619064531
3008795,0.010196951082116813
3008796,2.6605676058393946
3008797,32.75215997691185
3008798,0.8710193829884015
3008799,58.23683013375472
3008800,97.60916209063006
3008801,2.123528710913789
3008802,4.146953144669543
3008803,109.67870656867576
3008804,20.426977987522616
3008805,387.66573225585734
3008806,0.08231344959286495
3008807,3.870187695531327
3008808,10.093066424649447
3008809,0.19677989862061826
3008810,3.6733207599207027
3008811,3839.2058293359914
3008812,0.021717010437225594
3008813,767.909999820799
3008814,9.48620522580059
3008815,1544.463609105549
3008816,974.8229461380627
3008817,308.43544003609435
3008818,386.2996907977721
3008819,95.93280421456168
3008820,5441.994592894239
3008821,18.68601706735371
3008822,0.34827322750356277
3008823,28.005775702564573
3008824,23.105028305135423
3008825,0.15486058906300526
3008826,371.1700441935113
3008827,1.41429248949312
3008828,5.8190745931073655
3008829,10.718232069388407
3008830,16.764344068825626
3008831,1.628052366664669
3008832,419.42960589037125
3008833,375.50776416170356
3008834,4.2944882340727135
3008835,9.72283751864005
3008836,169.0513683953129
3008837,75.75289253755707
3008838,1544.816643837827
3008839,1.7214160831143233
3008840,5.631721636084353
3008841,1.424123083913789
3008842,0.0
3008843,0.7868205419303166
3008844,1028.1904761636044
3008845,0.0059489232892312345
3008846,158.9153767029777
3008847,3.187914894866127
3008848,598.0357125061832
3008849,174.24244084418953
3008850,88.0635486563759
3008851,185.08975848244637
3008852,21.48807277114214
3008853,1698.1974502143162
3008854,4.651236892426513
3008855,0.26619888085549037
3008856,10.359503918859607
3008857,4.055502331928862
3008858,0.09881943607449989
3008859,91.4501950605939
3008860,0.03276585230736565
3008861,0.017177005153114322
3008862,0.3396473689860165
3008863,27.45961215997089
3008864,0.37040574989427527
3008865,70.01381489121975
3008866,91.91474781828497
3008867,0.48646146406563534
3008868,1.1574929206509612
3008869,61.14252416246813
3008870,11.797083342415867
3008871,220.47109348049824
3008872,0.0
3008873,1.686787488094244
3008874,9.039388862025918
3008875,0.008036891396033983
3008876,2.191932172919903
3008877,2662.4715557409886
3008878,0.010637394991342768
3008879,313.6690169337791
3008880,7.457645828798577
3008881,1187.6980835781635
3008882,543.5702093825722
3008883,201.2623894048259
3008884,176.572957519216
3008885,58.27857116600919
3008886,3552.0928933406135
3008887,4.1196950314516725
3008888,0.5625999101533583
3008889,29.528166785697504
3008890,18.385382440353258
3008891,0.22881486513038335
3008892,269.56308838562813
3008893,0.04151589500115496
3008894,0.013534350650372251
3008895,13.504574574082095
3008896,31.728048529597167
3008897,1.491869661905298
3008898,299.6064239384869
3008899,276.63750298199636
3008900,1.8273097270123904
3008901,4.426975029305681
3008902,202.15528047855975
3008903,30.22963193817302
3008904,1411.0080746131136
3008905,0.01023832527901677
3008906,0.6616457533273452
3008907,3.339702650000659
3008908,0.24393246229689647
3008909,1.8328449218747478
3008910,2561.874841821461
3008911,0.008941603341512297
3008912,731.7667578840046
3008913,7.745105082166678
3008914,910.983044654997
3008915,655.3003173384607
3008916,240.3516116523921
3008917,116.31685234085495
3008918,66.86495797665404
3008919,3964.0311664025726
3008920,10.388414335059181
3008921,3.639049728733329
3008922,29.070449599722597
3008923,39.24555274183133
3008924,0.16672522780390323
3008925,203.34057291780044
3008926,2.0067217196935987
3008927,4.785834620949605
3008928,3.2217735093203705
3008929,31.372767699953755
3008930,2.384305615658381
3008931,166.6033112415463
3008932,265.1746981196299
3008933,3.154459500997134
3008934,7.049467644695695
3008935,137.12112864679762
3008936,33.555429898003496
3008937,626.0133550458102
3008938,3.187892406730718
3008939,2.5434614835888256
3008940,4.040069329501979
3008941,0.0
3008942,0.44982367762304065
3008943,1809.7748512665512
3008944,0.001512393345502476
3008945,151.19313251983016
3008946,3.0561017421826357
3008947,608.9648038115187
3008948,253.95577203537997
3008949,118.27420031779762
3008950,206.48445224456577
3008951,50.26640713678064
3008952,2430.4890489957093
3008953,12.509861827448768
3008954,0.4173346500432733
3008955,12.219645965143375
3008956,9.021338360114985
3008957,0.17317604343530849
3008958,142.1121550177829
3008959,0.02596677992455422
3008960,0.009020507957108105
3008961,0.2831158387234917
3008962,67.02438100204303
3008963,0.695435088324347
3008964,209.20076359967456
3008965,128.08557056498805
3008966,0.9290724627774029
3008967,1.176925402280906
3008968,58.08110403959507
3008969,22.63869345025005
3008970,385.2180265377657
3008971,0.06292156661937458
3008972,0.5715654136978325
3008973,4.9039409463703025
3008974,0.0
3008975,0.8410998698321275
3008976,3447.5302759444294
3008977,0.0007271754572197759
3008978,637.7802031128836
3008979,7.872916663836462
3008980,950.4727772080926
3008981,774.7527157718783
3008982,247.54686441103254
3008983,151.4147313347479
3008984,112.00583079645602
3008985,4177.423364330473
3008986,10.300368270610877
3008987,0.3665987941863161
3008988,24.877866235379383
3008989,12.205422519914594
3008990,0.1493721769731732
3008991,239.0409741249632
3008992,0.02516238901163753
3008993,18.90104753436324
3008994,2.4555914632830302
3008995,66.83900003490193
3008996,1.1199004024729233
3008997,228.05081240689606
3008998,240.83978708453674
3008999,2.51744959869324
3009000,3.6403900443901143
3009001,145.89490844599334
3009002,45.46265965016218
3009003,1316.4456649243741
3009004,0.8100150899880882
3009005,1.0390957146493371
3009006,3.390716235444725
3009007,0.0
3009008,8.45037319872983
3009009,2682.812119134515
3009010,0.0022586680490823885
3009011,496.418385421756
3009012,6.775221540541175
3009013,849.9756603331152
3009014,836.2223648097039
3009015,159.98605217210883
3009016,130.50194165732893
3009017,90.09537032228069
3009018,3305.890816263016
3009019,48.095966725079805
3009020,1.2449742886848572
3009021,24.725943887965308
3009022,25.635441593619056
3009023,0.2021618329363062
3009024,251.2586263236323
3009025,25.103702074410972
3009026,18.145138670376213
3009027,1.3664915463136047
3009028,100.86919029330647
3009029,10.196642517072316
3009030,197.43668254970154
3009031,263.1555519393907
3009032,12.621398201662474
3009033,13.548928884476528
3009034,243.36154280360807
3009035,65.22804391522929
3009036,2281.4109276861736
3009037,0.0
3009038,11.638745903367209
3009039,7.459378853122059
3009040,0.029128770338313202
3009041,10.999835945956773
3009042,3245.940773140042
3009043,0.04037135494083516
3009044,583.4900263312866
3009045,14.432317980780454
3009046,1285.3648950264487
3009047,984.3084975569585
3009048,185.45090507358717
3009049,122.45604401276617
3009050,122.28018208118122
3009051,4700.902506808258
3009052,30.73160020926077
3009053,1.3168004126132473
3009054,44.686691869610286
3009055,57.8784046632879
3009056,0.03709595989281083
3009057,469.4601924988311
3009058,33.7786441985666
3009059,20.26694719563042
3009060,10.378059531439424
3009061,109.1482863223044
3009062,16.62568561917126
3009063,161.251271211638
3009064,563.8520198188753
3009065,10.278798869312853
3009066,12.72333721207076
3009067,157.24299591224087
3009068,104.41926093692301
3009069,2345.0685887283084
3009070,1.763202343380986
3009071,18.516988137902846
3009072,12.204232223389354
3009073,0.26372521956051587
3009074,4.8794655873935415
3009075,4471.122138439896
3009076,0.03384046020132442
3009077,912.503572539531
3009078,8.059292773340776
3009079,1900.665030968646
3009080,786.0423297703421
3009081,247.41541044662472
3009082,473.5436326258735
3009083,76.91811970261533
3009084,5593.185775650813
3009085,41.36873504911467
3009086,1.8974216832728361
3009087,32.81771818681419
3009088,22.28773130627143
3009089,0.15589325856754443
3009090,436.0403740851639
3009091,8.058675742133008
3009092,14.771253675257341
3009093,9.459193937650992
3009094,66.44594201660193
3009095,4.599535682406317
3009096,188.0279699965189
3009097,423.70610308561055
3009098,8.90358628637617
3009099,12.818278393398872
3009100,287.81229627818
3009101,63.21525408783204
3009102,1931.8096515094185
3009103,17.138247688369663
3009104,17.13134037070522
3009105,5.1898773578732
3009106,0.351380465080388
3009107,7.609094184219034
3009108,3435.5973787234093
3009109,0.09311379720325115
3009110,507.00358010727166
3009111,9.159647781002034
3009112,1063.1997848310248
3009113,994.1805686029797
3009114,280.8698421206535
3009115,192.67278298533182
3009116,115.33353040206187
3009117,4330.553834436065
3009118,31.115137821520413
3009119,1.4687901035359148
3009120,17.751502995398667
3009121,14.069560100820246
3009122,0.15500486857282325
3009123,362.6471239443354
3009124,29.750809854509598
3009125,24.775765794248706
3009126,2.2472916641162617
3009127,113.69507765465332
3009128,9.6388821389942
3009129,459.8824053238334
3009130,360.6596696152967
3009131,8.730510786354827
3009132,11.712136465765148
3009133,516.3552209715274
3009134,62.77787264404607
3009135,2934.482166165132
3009136,0.09568471842918287
3009137,32.75021266980657
3009138,3.9825733506126837
3009139,0.12915659354543566
3009140,3.456658301140158
3009141,4203.256196483523
3009142,0.0022114392769552425
3009143,527.6187872488547
3009144,8.262282196602543
3009145,1778.2618125477436
3009146,726.1635836430496
3009147,286.6558597272394
3009148,170.85482131648766
3009149,67.07991678537581
3009150,5533.016321473471
3009151,12.796008431007
3009152,2.018192263385572
3009153,25.089973847194102
3009154,24.5524581363146
3009155,0.22584504361570507
3009156,438.56446884338453
3009157,0.022364768628135856
3009158,0.18213950156912337
3009159,7.675614475237857
3009160,26.31045360942767
3009161,2.2703883528025783
3009162,135.8457137902132
3009163,339.9214186226256
3009164,3.179695478411412
3009165,9.827070610693095
3009166,201.6330822951628
3009167,56.99038463160552
3009168,1189.108960680398
3009169,0.0
3009170,4.809013250696881
3009171,9.217993317977536
3009172,0.08261305870021923
3009173,10.968350346461177
3009174,4074.002509634879
3009175,0.03681840729991018
3009176,665.2056123618639
3009177,13.214715779824381
3009178,1860.2412096497524
3009179,1027.230290069173
3009180,326.6536068255689
3009181,180.32489621165158
3009182,166.04924113051436
3009183,5169.725490328128
3009184,45.56983236754972
3009185,1.417511750454765
3009186,32.8221696751518
3009187,40.65704196939651
3009188,0.0925593075820525
3009189,376.87474616532654
3009190,27.214431927998028
3009191,22.782518212382712
3009192,10.699552742082226
3009193,111.42219873301858
3009194,16.614003116085673
3009195,287.94537307905654
3009196,576.9457520359506
3009197,16.34410096813717
3009198,11.959716883431659
3009199,264.08978393563217
3009200,70.84803669103806
3009201,2676.6577150058934
3009202,0.5427473817824602
3009203,8.134720389126995
3009204,4.232376009373214
3009205,0.0258185877938104
3009206,6.856665038135118
3009207,3449.3841787948304
3009208,0.04081931612327812
3009209,586.232346544162
3009210,10.515093351965314
3009211,923.6538866042157
3009212,1035.300415626482
3009213,205.6310438249051
3009214,164.77393334931224
3009215,125.34847254855542
3009216,3947.9341624763124
3009217,37.61136083672927
3009218,1.081420977425882
3009219,27.3030924680785
3009220,27.608258877538486
3009221,0.08916870042398191
3009222,276.93890737636343
3009223,24.130621658731993
3009224,41.112243604253706
3009225,6.088801617199689
3009226,85.95806797059234
3009227,13.352207290410334
3009228,260.06377878638057
3009229,307.928825364296
3009230,11.13688822407616
3009231,11.38802820477642
3009232,281.68191112796313
3009233,67.82572862980486
3009234,2870.8597924416727
3009235,0.21665203565154723
3009236,18.221852561140835
3009237,6.556276209379138
3009238,0.10204811452635787
3009239,4.330117932375635
3009240,5154.239442129247
3009241,0.0142988758333503
3009242,747.2852502180702
3009243,17.463461017016435
3009244,1387.748615258448
3009245,816.9263535424333
3009246,335.97345870962823
3009247,184.0032304647969
3009248,58.75830258003142
3009249,5095.764805555461
3009250,10.88365445240295
3009251,0.21143932740860982
3009252,21.03917404059166
3009253,22.27375489612599
3009254,0.13018928857153494
3009255,289.87914445560534
3009256,0.05489035961287005
3009257,7.592330408955714
3009258,1.208088827637105
3009259,99.34044186206701
3009260,3.316385671552675
3009261,193.5449072216114
3009262,327.4230051615342
3009263,3.6547296829712725
3009264,2.985756345364639
3009265,241.10914357210578
3009266,138.42898800953546
3009267,663.6190173321977
3009268,1.7571791989297512
3009269,0.7455876777591743
3009270,18.916359799056316
3009271,0.04754919769579343
3009272,24.885703093240846
3009273,11506.052744735618
3009274,0.0684336177606833
3009275,2138.4294650783327
3009276,32.96886136720765
3009277,3602.9015679062995
3009278,3530.9438383558095
3009279,881.3388302998102
3009280,845.8770380002959
3009281,546.0241125224601
3009282,12001.74888364709
3009283,108.9719537718565
3009284,5.225634719170806
3009285,152.5351295612286
3009286,158.24792475248393
3009287,0.35688604944025354
3009288,1136.901763978993
3009289,52.482234204958054
3009290,31.636040719179174
3009291,46.326314285811556
3009292,465.56762209472305
3009293,37.448330986067084
3009294,1060.5627255126092
3009295,977.5361317929369
3009296,52.81085933365295
3009297,52.26697204663314
3009298,1501.3563214639003
3009299,409.30603614698424
3009300,10211.063983928365
3009301,369.65315637614606
3009302,107.4517710733306
3009303,23.416618335644742
3009304,0.04832802803941783
3009305,21.154463349461423
3009306,11306.464949040548
3009307,0.15983720234027793
3009308,1715.4895099418336
3009309,31.35600655362414
3009310,3691.4513335258207
3009311,3042.983262338022
3009312,1030.9446867012791
3009313,516.7884117320307
3009314,439.43880131590697
3009315,12023.69485082991
3009316,166.81030445896388
3009317,2.0792125119942693
3009318,87.03518179286854
3009319,113.69547226994098
3009320,0.8949177885546412
3009321,1021.4967224061733
3009322,45.79141632934505
3009323,46.57799454405689
3009324,14.743665585713755
3009325,298.5968696876636
3009326,28.99119512322876
3009327,1527.1721782432935
3009328,1098.1557677238993
3009329,37.43209909822264
3009330,39.810229663998456
3009331,1567.9132872445664
3009332,347.3237153696273
3009333,7986.55264725477
3009334,361.38987181281675
3009335,115.39696308382467
3009336,16.544617090588783
3009337,0.05699308468704472
3009338,27.90266666664411
3009339,8949.496665706742
3009340,0.2616924242842103
3009341,1270.782630543215
3009342,17.61778358436924
3009343,3567.6616948564056
3009344,2210.773998465306
3009345,1151.782084375567
3009346,227.38595458075747
3009347,326.5746737751797
3009348,11918.43734958593
3009349,60.27215426671825
3009350,3.45457475436715
3009351,52.423249717921
3009352,40.98051187896296
3009353,0.42673189069658496
3009354,1042.1894908128365
3009355,53.36745535135702
3009356,32.43310662766573
3009357,14.53044565448477
3009358,156.07953790604435
3009359,14.221759149912028
3009360,1183.6108147185842
3009361,1132.8073546614958
3009362,36.19934857866826
3009363,57.27887959727422
3009364,1130.7096281037043
3009365,185.02556086702754
3009366,4090.3992182070097
3009367,326.49130016120756
3009368,58.29572205124614
3009369,23.531405665841476
3009370,0.04832802803941783
3009371,28.74197253149133
3009372,11110.36035474191
3009373,0.17862569835520228
3009374,1563.8487871168543
3009375,25.72635563906457
3009376,3378.3693649559214
3009377,2950.1128042820774
3009378,1005.0570671908644
3009379,488.1434521189194
3009380,341.97503300156234
3009381,11927.0597495741
3009382,65.15717406749937
3009383,2.020839730343235
3009384,77.06331043233553
3009385,99.65121352615962
3009386,0.7284767395055777
3009387,1023.2341666431279
3009388,52.63005370345551
3009389,35.67557231150967
3009390,13.919356087723523
3009391,281.0949450438017
3009392,21.53273870723939
3009393,1025.7122198672666
3009394,1102.083574830239
3009395,33.55601830117963
3009396,45.0031869670454
3009397,1468.177697612481
3009398,319.416438494569
3009399,7557.781600030982
3009400,436.03824302528494
3009401,84.37939566973685
3009402,18.65260311650083
3009403,0.06954001919700147
3009404,29.09799820884589
3009405,7511.191923798325
3009406,0.07298168788024056
3009407,1204.4898832324893
3009408,23.364246611798222
3009409,3289.16260266901
3009410,1962.9675873441618
3009411,1012.6116943528846
3009412,180.90984874927508
3009413,274.8454967922316
3009414,11027.336117340006
3009415,59.997557969094245
3009416,0.6606569621118645
3009417,46.15578232319956
3009418,70.27748512962964
3009419,0.24604243931857014
3009420,985.269095802951
3009421,44.366182343280045
3009422,16.24766054648665
3009423,6.2029571294412715
3009424,146.74342247199718
3009425,9.639127326082164
3009426,1168.2467943449064
3009427,1152.912909103868
3009428,26.58827730509536
3009429,37.30190578137351
3009430,1189.9135428734576
3009431,144.92133631279063
3009432,3097.2555455483775
3009433,395.5358314562606
3009434,33.31949157479422
3009435,13.7331578109265
3009436,0.022159482823804234
3009437,14.726972303501565
3009438,8635.88076243818
3009439,0.04253772191706934
3009440,1482.6212633484806
3009441,27.285346964147205
3009442,2225.4776065870633
3009443,2572.277835743432
3009444,578.1063354206219
3009445,560.0767983547371
3009446,379.55923335916054
3009447,9833.955545561103
3009448,75.61006885452016
3009449,1.586684242695877
3009450,50.55041557729127
3009451,64.25989277690861
3009452,0.38912139494592646
3009453,726.8870582476925
3009454,26.884030868140123
3009455,30.927004257213184
3009456,16.899979891457992
3009457,269.78511367403195
3009458,23.98629589324141
3009459,891.8891986296392
3009460,769.5402976357781
3009461,25.879283750253872
3009462,41.07948589074206
3009463,1138.0123043147278
3009464,294.9907449323619
3009465,8685.941502319107
3009466,448.7031794387298
3009467,79.27203294566343
3009468,6.924080607367419
3009469,0.3432998759447418
3009470,8.969878962418859
3009471,2449.283001340567
3009472,0.03538419773064073
3009473,432.87611946826195
3009474,24.410325320798638
3009475,1044.1398724882765
3009476,702.1204762625506
3009477,258.82104999831137
3009478,102.06640811405481
3009479,91.31134293461326
3009480,3666.6955069279584
3009481,52.01458503609747
3009482,1.2584710966964137
3009483,26.202379156873114
3009484,21.975692012002305
3009485,0.20378200044485206
3009486,287.2787661364584
3009487,17.25197965961376
3009488,8.693601852635249
3009489,11.278147018243057
3009490,59.56086053739402
3009491,9.06498325702338
3009492,283.8400110696593
3009493,315.78069482829824
3009494,3.9846529587340687
3009495,8.496254831429695
3009496,271.89525937999457
3009497,61.53512929416371
3009498,1811.9064294633863
3009499,0.7129798295025835
3009500,9.70194571202256
3009501,14.050868491862792
3009502,0.0420803053631138
3009503,19.78600104652463
3009504,6426.619494515332
3009505,0.1158007395111986
3009506,788.9172593670929
3009507,36.58241137807895
3009508,2293.4416350186
3009509,1573.43702773602
3009510,653.1151684725171
3009511,142.5611577401043
3009512,171.313566282426
3009513,8824.634385751791
3009514,114.18955923550114
3009515,1.5395079482871437
3009516,59.47067801997845
3009517,44.86349063653414
3009518,0.25770833416922634
3009519,718.4821297075356
3009520,34.14151302981996
3009521,10.891105886186672
3009522,3.9611544043426488
3009523,143.8375996604315
3009524,13.97374190261982
3009525,616.8333039432538
3009526,830.9875487501572
3009527,16.62542678107867
3009528,34.71953075424865
3009529,528.1326377301672
3009530,102.91924374580609
3009531,2790.322390236746
3009532,412.10042256256713
3009533,23.95127915408411
3009534,9.845297167795062
3009535,0.020982196088444066
3009536,7.972320658258054
3009537,5136.072341278972
3009538,0.03746274634247492
3009539,990.3861795200346
3009540,10.230009568658923
3009541,1641.174072323648
3009542,1784.5621269859032
3009543,289.4849847141495
3009544,377.62120064501454
3009545,298.25263389003993
3009546,5707.430509479912
3009547,49.39799681171802
3009548,1.8613256310243496
3009549,37.55172492372089
3009550,48.462298966194844
3009551,0.2938239481787547
3009552,446.553963592837
3009553,3.246575554135068
3009554,46.80297451764137
3009555,6.270547496146815
3009556,209.7843693429966
3009557,13.1225497175651
3009558,657.9126942802068
3009559,355.4662260294994
3009560,24.348154268165842
3009561,13.050910235073435
3009562,790.9776051587729
3009563,147.02805683657155
3009564,5122.732443373345
3009565,3.4536883717987026
3009566,49.36730521865678
3009567,13.207255929603742
3009568,0.002199908333934627
3009569,11.050736034550582
3009570,5325.455495270623
3009571,0.009763984683800462
3009572,1170.9281327012043
3009573,11.905912100202572
3009574,2039.8583098851202
3009575,1479.6534391737473
3009576,467.91817139638823
3009577,216.8032024802685
3009578,260.50848812070706
3009579,6350.576261953854
3009580,52.9138321155241
3009581,3.133734068640107
3009582,35.761438019128754
3009583,59.31031448765331
3009584,0.2784445052405809
3009585,478.05410441713946
3009586,9.870034464199037
3009587,51.33080939565793
3009588,8.964017016278975
3009589,224.53953828658385
3009590,11.670907127715076
3009591,470.6810575996794
3009592,452.8699230066922
3009593,17.094643443008387
3009594,31.199326638748833
3009595,513.0616866113425
3009596,116.41172652447878
3009597,3668.819197942635
3009598,5.823872265030485
3009599,12.343116243426485
3009600,14.611508762401115
3009601,0.37672387360055276
3009602,6.630573805536458
3009603,2326.01221644606
3009604,0.3822884551456164
3009605,491.7708300268627
3009606,10.870451060585635
3009607,1003.2120656214436
3009608,569.2674157520889
3009609,271.0430681759396
3009610,88.9715741641095
3009611,101.68893730676639
3009612,2872.7838494187613
3009613,22.798816566628144
3009614,2.2385434069085792
3009615,35.00741839014778
3009616,33.36267624565042
3009617,0.570936576094672
3009618,271.3291310136116
3009619,9.925992679546079
3009620,18.7534408250511
3009621,11.766147983783291
3009622,97.29985581972167
3009623,6.250830696908452
3009624,229.70384122565622
3009625,280.26400220930066
3009626,8.11424571799508
3009627,10.798371668233433
3009628,199.94644829227855
3009629,66.06845172367647
3009630,1720.1210531975887
3009631,0.7064246277997535
3009632,5.24792236269746
3009633,10.74736318842272
3009634,0.37672387360055276
3009635,5.3481171429731
3009636,3812.932842092815
3009637,0.3822884551456164
3009638,308.26139087077973
3009639,6.491516789073125
3009640,1033.6322484599884
3009641,277.67690130039057
3009642,230.44892128533877
3009643,66.98144435859862
3009644,40.76127966834682
3009645,2968.577072726516
3009646,15.383086472831586
3009647,1.6760869992385194
3009648,31.53088341074541
3009649,13.731952886130989
3009650,0.5478934666555313
3009651,266.06261808722496
3009652,0.45857281481302453
3009653,0.38473219754044824
3009654,5.511454164201549
3009655,30.27421895192762
3009656,2.0572570769626597
3009657,54.5197642676576
3009658,232.05452889775466
3009659,0.7115744063032001
3009660,3.3342919493015986
3009661,61.58043529102431
3009662,81.66866308345544
3009663,596.1146903242312
3009664,0.3573756085150637
3009665,3.6827821845644646
3009666,9.721079870717729
3009667,0.09607564365115807
3009668,9.3693906941584
3009669,4929.829328637726
3009670,0.04632168796091631
3009671,743.1121796513157
3009672,14.430919165344505
3009673,1739.8943712883367
3009674,1323.1400884020968
3009675,476.7019042705116
3009676,253.1994532615
3009677,176.6087630242504
3009678,6239.199829738979
3009679,44.288485752277964
3009680,1.2728647770187378
3009681,35.945092320164065
3009682,59.90831363527483
3009683,0.04597431157847184
3009684,505.6889930555518
3009685,38.65631902069854
3009686,20.787818741059684
3009687,16.635938201675163
3009688,132.04363814752827
3009689,10.707101645469159
3009690,589.3958028215384
3009691,481.7896029404955
3009692,14.075432699351854
3009693,19.424256146157255
3009694,730.531669574883
3009695,134.1585438554923
3009696,3389.5221495911396
3009697,0.0518503895000435
3009698,44.31730022677906
3009699,5.108272624452763
3009700,0.10273158079682311
3009701,6.865226515743635
3009702,3985.209851731934
3009703,0.10201359396193561
3009704,675.4442117140316
3009705,14.756026852965809
3009706,914.6752035549589
3009707,1242.2961460705862
3009708,204.95875207168703
3009709,262.8417059667414
3009710,217.77034415590836
3009711,3636.8696005982547
3009712,34.66353048663364
3009713,2.2990687889266574
3009714,27.412714919978292
3009715,30.341164949239825
3009716,0.602831413417713
3009717,248.44020697366923
3009718,15.321834528713053
3009719,36.081030338283796
3009720,10.214537993346378
3009721,181.11368062300977
3009722,13.588524509123427
3009723,427.1701854118124
3009724,246.28668112611362
3009725,7.675959737266957
3009726,14.512751815368597
3009727,590.64526611955
3009728,134.0932307153272
3009729,4614.975702548031
3009730,0.22795148827353692
3009731,34.94490199499223
3009732,5.80151398992924
3009733,0.4945101865616883
3009734,15.378016577790003
3009735,6076.821861500578
3009736,0.09820208299397015
3009737,1013.6099500998002
3009738,23.29514676363861
3009739,1552.4901472554977
3009740,1767.7524987741276
3009741,411.46822487838983
3009742,426.5561001700184
3009743,198.07227840705175
3009744,5915.9803048189115
3009745,45.53409217379878
3009746,4.0293888800794155
3009747,39.71741502029456
3009748,60.07079642466667
3009749,0.04536453979651948
3009750,483.1851860829273
3009751,42.32827491271739
3009752,39.1133910464092
3009753,27.81769520677277
3009754,144.9919801059881
3009755,24.279347593256887
3009756,546.0504812269153
3009757,485.1454798220773
3009758,25.94394586327711
3009759,23.52327866451553
3009760,725.9561434544023
3009761,189.14579642798304
3009762,5517.499981689336
3009763,0.8488136476366857
3009764,43.50570001808811
3009765,14.983573429608029
3009766,0.29367301262936
3009767,10.73187180668809
3009768,4167.930433578891
3009769,0.027324192849696748
3009770,722.3616739825862
3009771,17.045954803341257
3009772,1898.9352390687925
3009773,1069.5096764590796
3009774,665.9993635769828
3009775,258.23429884483556
3009776,131.14684608603875
3009777,7215.621127085752
3009778,18.67939394863097
3009779,1.3702397142828235
3009780,53.17853105057237
3009781,47.51514911780318
3009782,0.031165515105925103
3009783,524.6721613819933
3009784,17.802955943017178
3009785,5.669836349878595
3009786,13.58966374062285
3009787,78.3591780708493
3009788,4.100060967560047
3009789,438.0162204627821
3009790,580.413886123017
3009791,9.334222520605612
3009792,11.049440233181858
3009793,520.1351287628163
3009794,114.74214574550605
3009795,1931.2779992825651
3009796,149.69967386741234
3009797,19.41087067241903
3009798,3.7979069564927346
3009799,0.06342544345699265
3009800,3.5675385214967243
3009801,1929.6821434462058
3009802,0.1169095159469163
3009803,349.93570916056973
3009804,10.7054856226474
3009805,585.85768528027
3009806,680.1916502900042
3009807,139.79291060341376
3009808,131.7741867846739
3009809,110.02553152535454
3009810,2385.8093365602745
3009811,16.25318955997805
3009812,1.282094245322754
3009813,15.899742405663815
3009814,21.8767303875407
3009815,0.3286625470748976
3009816,199.4244653622238
3009817,11.181570226847922
3009818,14.210454597932848
3009819,4.950544751070152
3009820,74.31152387858147
3009821,5.198450171260321
3009822,308.9260112178179
3009823,168.00944722258427
3009824,3.6194296781160995
3009825,7.9685895658773305
3009826,292.97547589096786
3009827,67.2174100953952
3009828,2249.255740431018
3009829,0.04950361918621174
3009830,22.69556131623085
3009831,1.11810808359618
3009832,0.0
3009833,1.2012404652605795
3009834,1253.7119760430921
3009835,0.0
3009836,99.99403724465756
3009837,2.921947309896474
3009838,681.2533886793611
3009839,284.8602626966677
3009840,221.08365841283228
3009841,66.09464567721545
3009842,25.368180467502604
3009843,2495.0807155523694
3009844,3.558357880350605
3009845,0.28378841185243897
3009846,6.357544405864588
3009847,5.413861793530365
3009848,0.02343484374083508
3009849,168.291983803961
3009850,2.2078678426283838
3009851,0.0
3009852,1.0528106675507876
3009853,7.545982930651387
3009854,0.2923318410255942
3009855,153.54603898697383
3009856,159.97376916736957
3009857,0.647942746110324
3009858,2.9327014730620946
3009859,133.28639105638362
3009860,22.66406490809434
3009861,231.84819959426335
3009862,2.245542087233252
3009863,0.9720901473041631
3009864,5.4584662006648434
3009865,0.16309424359544716
3009866,3.3067912802654367
3009867,4137.164722375212
3009868,0.01955449659366324
3009869,633.6517672231612
3009870,9.70817082271378
3009871,1659.8028239253608
3009872,620.0861139211395
3009873,470.60836675910986
3009874,298.81610512371867
3009875,69.21080751299642
3009876,6703.782936644334
3009877,20.412455521699762
3009878,0.5356968829028588
3009879,20.82313182761982
3009880,18.96421904874132
3009881,0.13528000625147038
3009882,429.5064701115919
3009883,8.998799721123406
3009884,1.2102885359625413
3009885,7.1405366468513645
3009886,27.218067963269032
3009887,1.807334960072396
3009888,478.74282218416556
3009889,350.4553174026182
3009890,1.949374811368923
3009891,12.095528737856869
3009892,317.8073500694861
3009893,86.56671258960276
3009894,1396.3527900401514
3009895,26.100851269635896
3009896,7.747888998040114
3009897,4.442631149361405
3009898,0.012617171193595789
3009899,1.8467845299887002
3009900,1647.8991649912934
3009901,0.017657080261205688
3009902,193.2361004637169
3009903,8.992639387533439
3009904,890.5615208299974
3009905,392.8133377065916
3009906,182.5369338902331
3009907,81.92226737753808
3009908,31.285842262084447
3009909,2917.0423910419768
3009910,6.084847417745126
3009911,0.30710979001512667
3009912,10.569827558948598
3009913,16.544569390919992
3009914,0.24455300095320523
3009915,179.85749004161354
3009916,4.112660687969987
3009917,0.0
3009918,7.720389664825875
3009919,27.228275065906946
3009920,1.1319798557221818
3009921,144.05998722469545
3009922,165.33156144941316
3009923,1.086383406490831
3009924,5.246586795447711
3009925,161.52880608194508
3009926,28.143820644950118
3009927,309.03788407167747
3009928,6.668479017907885
3009929,2.5727736954283476
3009930,3.6800656504847256
3009931,0.0
3009932,2.244643032775914
3009933,1473.8891882214687
3009934,0.0057234017454823065
3009935,119.02138992686443
3009936,4.948194613702577
3009937,729.6996164877405
3009938,267.41476789619173
3009939,161.79990645844913
3009940,57.34147224250553
3009941,25.222867354277767
3009942,2697.107318050988
3009943,9.072634621764323
3009944,0.11027291089895691
3009945,13.216135033914453
3009946,8.513929724134771
3009947,0.0375243368876419
3009948,148.21196106176268
3009949,0.9598935696227306
3009950,0.0
3009951,1.658506286747505
3009952,25.363754012088233
3009953,0.7788265650794165
3009954,146.6849407728077
3009955,216.64153941924855
3009956,0.4097916179972665
3009957,3.9955184561789348
3009958,75.49515868149525
3009959,19.12901788270234
3009960,169.44393189391656
3009961,4.15418501358833
3009962,1.0667024627704942
3009963,2.7738411857385294
3009964,0.005222255879982758
3009965,1.1686413207579576
3009966,1563.4036849067088
3009967,0.010874941595075995
3009968,165.58024636109235
3009969,5.966413945200981
3009970,1061.3373685507831
3009971,355.7523652462249
3009972,229.0851936416757
3009973,42.23394997346757
3009974,32.663634159738535
3009975,2776.8674886963227
3009976,5.383606818981043
3009977,0.26945249209966715
3009978,7.488640491416667
3009979,17.77135228658288
3009980,0.12313662631815761
3009981,216.37851845942393
3009982,0.6507726761697978
3009983,0.0
3009984,2.00695343452146
3009985,11.848429929735758
3009986,1.5713424838158796
3009987,231.85607200538408
3009988,238.15379057169105
3009989,0.8677177559855922
3009990,3.7777968475419446
3009991,73.04750881962102
3009992,79.02128130541459
3009993,384.1800103214897
3009994,4.787994938233753
3009995,3.179348472330352
3009996,2.9184518215398456
3009997,0.544165641834467
3009998,3.5259785143512787
3009999,1727.665602100688
3010000,0.028774525504688772
3010001,156.97029426811923
3010002,2.415537468560299
3010003,825.7833587377608
3010004,372.8683127925037
3010005,256.7817230990589
3010006,120.03336711661149
3010007,53.608305848940894
3010008,2572.726292954298
3010009,5.889644880174186
3010010,0.8157942530288678
3010011,13.466702754832717
3010012,14.333032404314665
3010013,0.16966406137495785
3010014,207.38245370823034
3010015,6.325481488233101
3010016,0.011503600735097817
3010017,2.9752701630966483
3010018,15.985079963936318
3010019,1.4080670823713455
3010020,131.62081623222832
3010021,176.41703411743256
3010022,0.8048838032095755
3010023,3.9598588335612575
3010024,110.88828826398759
3010025,35.594488005206124
3010026,611.924796808742
3010027,6.392356736259444
3010028,3.627474520353274
3010029,3.3139733577975323
3010030,0.12994997450269258
3010031,0.8049123809419031
3010032,1238.6295902502875
3010033,0.0
3010034,162.0760148302598
3010035,3.608517754713673
3010036,696.4234620836944
3010037,245.6337273135938
3010038,159.53958804032237
3010039,163.62955489959486
3010040,25.294169708037767
3010041,2077.1004201407186
3010042,3.23412847134931
3010043,0.2006797728690834
3010044,9.91518009891168
3010045,10.819820538507154
3010046,0.21500753724953983
3010047,158.27089225709895
3010048,0.0
3010049,0.0
3010050,1.4782235751809583
3010051,17.562074489052627
3010052,1.085945291468402
3010053,48.71941211557797
3010054,134.14163765887585
3010055,0.746936516688045
3010056,2.1353448432933444
3010057,58.072230638157315
3010058,29.46187671554572
3010059,491.12890609855305
3010060,0.0
3010061,0.7540245392570472
3010062,5.949949261557814
3010063,0.4042344845086521
3010064,3.217951617792927
3010065,2799.692977545996
3010066,0.004918022400989644
3010067,322.71499595534164
3010068,4.473486837322402
3010069,1052.8640268232498
3010070,675.804791245442
3010071,419.7004191177911
3010072,296.2427497120163
3010073,82.30723676691092
3010074,4400.331816762443
3010075,11.794716383088211
3010076,1.0314044540084495
3010077,19.255248791243822
3010078,21.337520366707004
3010079,0.13888120244645852
3010080,284.0617095301937
3010081,0.37823288839779245
3010082,0.0
3010083,6.377258804856374
3010084,27.283469980954735
3010085,2.605309069468311
3010086,245.23789317168854
3010087,273.3669497631691
3010088,1.5980356695947955
3010089,6.720442920562808
3010090,355.50839988935684
3010091,57.08759116902004
3010092,1215.4347856657264
3010093,16.376017433665094
3010094,9.935733951284838
3010095,2.180021813838592
3010096,0.10690246935599956
3010097,4.530785251266499
3010098,1598.9714461762082
3010099,0.0
3010100,344.415957726611
3010101,4.693135559739064
3010102,447.7063504224345
3010103,462.46010050761635
3010104,166.96949386214604
3010105,160.91417153763624
3010106,19.473113287850918
3010107,2252.807567637709
3010108,6.537965454371784
3010109,0.6019441844697706
3010110,9.072634818666375
3010111,8.472835331015185
3010112,0.08340736530033399
3010113,142.3748716978013
3010114,4.64830333054556
3010115,2.0800073333446005
3010116,5.266110003219024
3010117,33.41924226350558
3010118,1.3501671966869795
3010119,31.114397897175998
3010120,126.46483922360552
3010121,2.326341868300285
3010122,4.377518238742978
3010123,104.59074743952138
3010124,21.293867138496505
3010125,920.3970787844905
3010126,70.6941751299133
3010127,5.904778507076192
3010128,4.811500463594344
3010129,0.4745231449629295
3010130,2.060264230552199
3010131,2567.311910507743
3010132,0.011476341732273005
3010133,170.11434561058942
3010134,4.51831051787734
3010135,846.7984589357214
3010136,340.1950049587614
3010137,270.71332789435706
3010138,84.69261991986095
3010139,34.15735830709983
3010140,3481.6662735874856
3010141,26.670641537667038
3010142,0.9226212960333435
3010143,10.146813339204478
3010144,12.755153712156442
3010145,0.12254802060994831
3010146,168.67088746502552
3010147,6.387368837530174
3010148,0.0
3010149,2.978381300282574
3010150,23.65461309982787
3010151,1.855299708170419
3010152,115.52129377640146
3010153,177.38679630375128
3010154,1.0780339326822717
3010155,3.955527905243921
3010156,104.46394014961164
3010157,24.246211265621902
3010158,428.63228792019635
3010159,4.857580044438653
3010160,3.14235316641801
3010161,5.244896560098207
3010162,0.018353888226300612
3010163,6.7201831766973585
3010164,2872.138263531451
3010165,0.03286716752928362
3010166,609.8823293259057
3010167,9.112048336046003
3010168,836.5048856901044
3010169,790.3244797859844
3010170,227.12703957865236
3010171,153.65259286723267
3010172,89.62915107833564
3010173,3645.6313483731255
3010174,36.245626653557295
3010175,1.1365168719237837
3010176,14.483136664287999
3010177,24.754231612776344
3010178,0.15312545874505132
3010179,247.34638800495745
3010180,16.979403554410272
3010181,11.072019966891299
3010182,5.220905964617285
3010183,63.375561963580964
3010184,7.571917511315154
3010185,387.23300813069835
3010186,266.79807615348005
3010187,6.838904806301289
3010188,6.697253821892259
3010189,419.9399675147762
3010190,112.19853235672957
3010191,2042.932172382144
3010192,0.010935869818935214
3010193,27.145885827452773
3010194,5.135704584443226
3010195,0.023058826135885082
3010196,4.762712199656125
3010197,2952.4327377819636
3010198,0.0
3010199,426.4290005766792
3010200,5.415979322670232
3010201,1331.1072050936282
3010202,662.378800377217
3010203,551.7639968489113
3010204,133.8797958605896
3010205,58.16928216586191
3010206,4626.962462010991
3010207,9.019286945920895
3010208,0.31756891781743213
3010209,16.322582341299356
3010210,12.717079698934384
3010211,0.0
3010212,280.9530924354626
3010213,1.6684651276516522
3010214,4.246967887081616
3010215,2.5019838685168034
3010216,28.762854355518378
3010217,0.9586739285787144
3010218,250.63559598436694
3010219,317.2060231581573
3010220,3.0667129490794607
3010221,4.729981603279532
3010222,268.9153861687088
3010223,55.11447241419901
3010224,819.0827904305942
3010225,47.00529719871148
3010226,10.172302302688598
3010227,7.8344463886545785
3010228,0.2139173833833813
3010229,3.5309251267277024
3010230,3213.547095487473
3010231,0.0
3010232,426.3055130341347
3010233,4.7948763165505035
3010234,1304.2637042969754
3010235,566.0743327996205
3010236,310.6106714261358
3010237,360.19605791368076
3010238,61.41050307887815
3010239,3925.7681772910196
3010240,11.629517755700773
3010241,0.38701841365564976
3010242,23.412577608888306
3010243,26.67487966740202
3010244,0.21438048292408274
3010245,289.7009518752181
3010246,2.621320752942565
3010247,1.9170397313982654
3010248,7.403000585275348
3010249,53.232673113493284
3010250,1.282048474842282
3010251,103.31132160651897
3010252,267.2784967719701
3010253,1.9603170557858238
3010254,5.12608096207349
3010255,144.26160409271597
3010256,130.47403178328955
3010257,1158.9784101644595
3010258,0.377196305535421
3010259,5.00473097203121
3010260,3.623382714365307
3010261,0.14709941671039908
3010262,1.3868405692155987
3010263,1547.9509147689253
3010264,0.013252110601734377
3010265,174.523151716028
3010266,5.785261420032291
3010267,610.3804651602409
3010268,329.62142746692103
3010269,154.3517643601571
3010270,68.57041647722683
3010271,40.64314575979508
3010272,2656.156642948551
3010273,6.999316087663586
3010274,0.5595277628976698
3010275,19.649083964334018
3010276,14.271820135028056
3010277,0.012046921649704265
3010278,150.50835921876106
3010279,0.6518451362736128
3010280,0.0
3010281,3.3845538233937877
3010282,47.110263267069634
3010283,1.858447681177242
3010284,104.62410916898344
3010285,180.4396706455086
3010286,1.0094530069615353
3010287,4.568282009357683
3010288,158.87654132554547
3010289,24.87852253240144
3010290,545.8087537299093
3010291,7.832026290630936
3010292,1.5061586406864687
3010293,1.5752048728265888
3010294,0.01091286828507233
3010295,3.1853574514607272
3010296,1273.2454817649443
3010297,0.10722545732135581
3010298,270.93028242105487
3010299,8.735937304046294
3010300,503.5650908853245
3010301,492.19492152107387
3010302,122.60375133639755
3010303,41.00087706673558
3010304,55.423452363869394
3010305,2323.5000167599433
3010306,18.546511681805757
3010307,0.2846031323316692
3010308,10.628084748154244
3010309,14.27867624463868
3010310,0.16044562487263772
3010311,134.1506181639191
3010312,9.554317023590894
3010313,1.435348687538969
3010314,3.0812360316898975
3010315,36.58387606983635
3010316,3.8179641082007305
3010317,467.0568305080822
3010318,138.7633999544626
3010319,2.7345679042183266
3010320,4.137214076970388
3010321,319.6468784854427
3010322,27.849287528330567
3010323,1076.2526275065095
3010324,0.0
3010325,6.346826042180065
3010326,2.353524375319551
3010327,0.15081310895893674
3010328,5.172928851702861
3010329,3258.3262208152323
3010330,0.04656289059363781
3010331,634.1532964641597
3010332,14.450799306859427
3010333,892.5287484441051
3010334,1203.2660811829617
3010335,264.4178338359761
3010336,202.96112397569047
3010337,147.62717350010485
3010338,3728.0709707305246
3010339,28.120608451952293
3010340,0.7520074406969292
3010341,18.501911573882868
3010342,27.63176564734261
3010343,0.03639764159594475
3010344,245.30850646750392
3010345,10.768663720098527
3010346,26.184292618695274
3010347,8.477807698419708
3010348,68.53706197591528
3010349,10.624169437088819
3010350,356.4248148552648
3010351,259.38073031003046
3010352,14.086208816147385
3010353,9.066272718956318
3010354,454.1045681347111
3010355,101.41687270325964
3010356,2919.66093776802
3010357,0.0241745666373552
3010358,19.958888276776637
3010359,2.103890261640804
3010360,0.07877313516045042
3010361,3.349186186893375
3010362,1733.4393797527807
3010363,0.0
3010364,297.3947751184894
3010365,3.982452219309436
3010366,343.93386096627336
3010367,477.70855060717076
3010368,121.75257713417803
3010369,39.49054773864026
3010370,29.954122850455406
3010371,1715.571693507477
3010372,9.346309615141157
3010373,0.760782903419979
3010374,7.6305234098064405
3010375,12.57568835521037
3010376,0.0
3010377,87.0045165557803
3010378,0.0
3010379,9.072260957067968
3010380,2.780818024598598
3010381,126.57300041217253
3010382,5.779502551084672
3010383,54.61453469569203
3010384,85.48243670464178
3010385,2.9397137625506016
3010386,4.176144392370139
3010387,61.196736445055095
3010388,15.783132252853685
3010389,1121.3496845371399
3010390,0.5109469995054307
3010391,2.6081026282541813
3010392,3.331669275442041
3010393,0.0
3010394,0.23909857660328074
3010395,967.809997986059
3010396,0.0
3010397,211.99297266603747
3010398,3.71210878649007
3010399,384.8667969342397
3010400,258.55807311400673
3010401,83.52605624022108
3010402,28.855246886402057
3010403,25.620585420158402
3010404,1738.9062548199402
3010405,8.622252901047055
3010406,0.3859331253133399
3010407,8.050793023292256
3010408,7.01436339920747
3010409,0.21980988312640548
3010410,83.32333511856442
3010411,0.09813822867538888
3010412,3.6447455391916104
3010413,0.7134787380767919
3010414,15.026205181394925
3010415,0.14182782457754345
3010416,263.5755095989162
3010417,125.70719296579594
3010418,1.79775127611737
3010419,1.0306925311876338
3010420,145.71168864052686
3010421,18.22814462051924
3010422,490.7892909577021
3010423,0.3461792806677164
3010424,1.7977162391800414
3010425,5.109880780125883
3010426,0.2304337997267801
3010427,4.046474674351109
3010428,3586.049058974005
3010429,0.1317925181719904
3010430,678.5907799745748
3010431,12.374379509123814
3010432,915.0708053514368
3010433,1134.2176691320806
3010434,293.30352684050996
3010435,247.60858325720497
3010436,109.20645546384111
3010437,4325.535171034846
3010438,22.367729679638234
3010439,1.815227153717272
3010440,17.796229416207392
3010441,23.233558673108146
3010442,0.16050217831218835
3010443,273.32944525134013
3010444,5.132803690152426
3010445,24.114169067108875
3010446,6.657209754341969
3010447,121.28774763813793
3010448,3.0272774055176708
3010449,312.5002914293993
3010450,268.15105200633536
3010451,9.005603682687008
3010452,7.762441367198404
3010453,399.2721158298557
3010454,83.1162996668339
3010455,2652.2643321086443
3010456,0.8338264402718815
3010457,13.00898477256606
3010458,5.425167265890482
3010459,0.0
3010460,2.106290645896963
3010461,3625.5713262872614
3010462,0.0
3010463,686.5417890306056
3010464,10.740949843606868
3010465,1330.403872658477
3010466,995.0003324396207
3010467,360.69661722981186
3010468,308.98020670566643
3010469,61.86475244238042
3010470,5047.724284791744
3010471,8.99209941491732
3010472,0.6278363542515407
3010473,25.849726395324883
3010474,16.46044467905881
3010475,0.41476855216772684
3010476,288.5748258560959
3010477,0.0
3010478,3.5091591948678573
3010479,3.973710037328054
3010480,36.3888976689623
3010481,0.988447538468628
3010482,193.80366656960197
3010483,294.38757879230235
3010484,3.7627117825772176
3010485,3.5650569988751384
3010486,236.41874647618783
3010487,80.26048772717311
3010488,1564.6428680908948
3010489,1.774911306883528
3010490,2.855477686427562
3010491,4.808444918842981
3010492,0.31735832628480726
3010493,2.123637428504109
3010494,3250.831532816811
3010495,0.006349300507977333
3010496,661.4914420816867
3010497,7.914187054955941
3010498,931.8948554050284
3010499,817.7836799816687
3010500,275.0649948768274
3010501,353.0634601683764
3010502,63.96791048793188
3010503,3971.434035503694
3010504,12.295466278965895
3010505,0.901674654901862
3010506,20.62256391842159
3010507,13.832832451662261
3010508,0.005570616919451212
3010509,264.8951594908701
3010510,0.0
3010511,3.6518338816621125
3010512,3.5587510637988586
3010513,50.72865899255122
3010514,1.1873262724918852
3010515,113.05794330374759
3010516,290.593360289264
3010517,3.889185715889635
3010518,4.044311167939556
3010519,178.74116243437672
3010520,61.73408822145206
3010521,1158.3779463019916
3010522,1.278769281800681
3010523,4.784010703675616
3010524,9.026487447291546
3010525,0.7745199010528372
3010526,13.007066277105576
3010527,7889.780192323669
3010528,0.05938096324204232
3010529,1149.369648568618
3010530,37.371744897058676
3010531,1771.6852601539863
3010532,1923.554344497476
3010533,320.9367300557074
3010534,423.7124027496648
3010535,295.32494984490063
3010536,7816.07934955369
3010537,77.13106786513255
3010538,2.1310286484121512
3010539,42.750154415901065
3010540,49.459536854031896
3010541,0.24424233649097732
3010542,473.85729756034976
3010543,33.854139076803044
3010544,42.7424869968949
3010545,19.11755546555019
3010546,163.84845517143552
3010547,22.30941415766942
3010548,654.0700300072772
3010549,517.750340207943
3010550,14.803099069308162
3010551,20.932857765943556
3010552,987.5417006784378
3010553,261.4177643197531
3010554,6650.917166671206
3010555,0.8278754453856224
3010556,68.70756241922601
3010557,2.465822246605904
3010558,0.29691121250013947
3010559,0.42400694934912364
3010560,1388.924245295596
3010561,0.014271686997103907
3010562,156.7245921783728
3010563,3.03272456422303
3010564,521.42794137571
3010565,288.26526520676293
3010566,113.3150761089788
3010567,180.46458112547757
3010568,37.37728513145646
3010569,1947.2939969542833
3010570,3.7606232628030467
3010571,0.19959267568619782
3010572,11.282464763829148
3010573,7.075948297407921
3010574,0.24033751522938426
3010575,132.3037273209307
3010576,0.3367867146233555
3010577,0.0
3010578,2.274402158423139
3010579,17.623919383126378
3010580,0.6325239071095918
3010581,51.54918717410675
3010582,81.70119095609313
3010583,1.6649461749810437
3010584,3.4944104142806265
3010585,96.96002815211067
3010586,18.320657788204013
3010587,385.49265031297705
3010588,0.0753962609865512
3010589,3.415512585135594
3010590,6.225959509988357
3010591,0.17327586858621222
3010592,1.7181269431085786
3010593,2908.574356020841
3010594,0.012717695507933478
3010595,501.48624658974984
3010596,7.314731956243033
3010597,1191.2659510863455
3010598,632.2177067055692
3010599,212.69929686030562
3010600,416.42903908099186
3010601,65.88251211390272
3010602,4028.48787379119
3010603,11.00602489625249
3010604,0.25211161062774406
3010605,18.303761629499416
3010606,17.914751160530084
3010607,0.04607210013314751
3010608,260.6124928557491
3010609,0.8242591704945612
3010610,3.2399387974937803
3010611,7.462325322006726
3010612,12.747807282735156
3010613,1.1406057025578655
3010614,332.52516597077926
3010615,242.45683754140978
3010616,2.972840113317373
3010617,5.576224732718193
3010618,113.89627712839402
3010619,58.60492661508508
3010620,1120.7557415505298
3010621,1.1924772025438763
3010622,3.901802892418883
3010623,1.065781283422586
3010624,0.0
3010625,0.5874148449780149
3010626,977.5482897440578
3010627,0.0
3010628,128.08390656038918
3010629,2.4383890347644672
3010630,789.1502875991298
3010631,169.68594973166535
3010632,77.290385588598
3010633,289.75939509756995
3010634,14.61471244448324
3010635,1609.8785094520963
3010636,1.3040232312178985
3010637,0.23874713230563788
3010638,6.448811083740445
3010639,2.9284570958142027
3010640,0.07873933843106778
3010641,76.90316006814268
3010642,0.0
3010643,0.0
3010644,0.33117352147596163
3010645,19.348971626008016
3010646,0.27488670717664093
3010647,57.901399478059346
3010648,70.09477467048431
3010649,0.392067764185742
3010650,0.8596440256128723
3010651,49.756278433218306
3010652,8.48141624127025
3010653,198.31693853503066
3010654,0.0
3010655,1.2344801184631295
3010656,5.650873294750446
3010657,0.0031604371350739667
3010658,1.3961519550711268
3010659,2346.111863157579
3010660,0.009244012382247873
3010661,235.2260418554296
3010662,5.255943547235322
3010663,908.7636058834639
3010664,392.86010299193424
3010665,151.42364138743613
3010666,279.5073487646032
3010667,45.465402597528374
3010668,2935.7100644664424
3010669,2.293452506721167
3010670,0.4545397245281697
3010671,21.747639022305563
3010672,14.874394744073083
3010673,0.1478341815195883
3010674,185.41162622222777
3010675,0.0
3010676,0.0
3010677,9.698038333835338
3010678,17.11015667574565
3010679,1.1243206946718978
3010680,232.81959175690665
3010681,189.63263331846014
3010682,1.2634641594065472
3010683,3.2840051038130826
3010684,173.52588171697056
3010685,22.123376146304548
3010686,1128.9538100529462
3010687,0.0
3010688,0.5280733960265355
3010689,2.85382190132878
3010690,0.27333642617128456
3010691,1.4670897248161816
3010692,2230.0684595189377
3010693,0.032681733468456896
3010694,578.735631399266
3010695,6.534693161141514
3010696,824.3555731982132
3010697,596.7362666830944
3010698,216.4509318411214
3010699,179.00075831386008
3010700,58.43161694754505
3010701,3564.797356694104
3010702,5.0733778742140405
3010703,2.8921870236777103
3010704,21.80972201172709
3010705,32.89576303094648
3010706,0.1775360939841694
3010707,193.33147011378304
3010708,1.5412452043857083
3010709,3.742827493116504
3010710,3.029305032482415
3010711,20.26943395558312
3010712,1.7580943581457904
3010713,154.00849708333934
3010714,261.51307749742443
3010715,2.5927156338054775
3010716,5.171056713090415
3010717,132.56111014099505
3010718,26.962576036996605
3010719,553.7724798767508
3010720,2.6591070447838034
3010721,2.3482811716848597
3010722,3.0282618084934043
3010723,0.0
3010724,0.33495027958082074
3010725,1474.4842998763247
3010726,0.0
3010727,95.0959173582633
3010728,2.137156919767956
3010729,446.66405334624113
3010730,164.71694003870533
3010731,86.05758957653245
3010732,208.80722550810972
3010733,33.57827697531556
3010734,1852.785928218873
3010735,4.542040423602032
3010736,0.321410853040179
3010737,6.819661751026814
3010738,5.7032290151512575
3010739,0.1422653705858002
3010740,95.15097645636739
3010741,0.0
3010742,0.0
3010743,0.2634129273585792
3010744,23.9715644205656
3010745,0.4920395367514169
3010746,170.25739122481383
3010747,79.91603809646656
3010748,0.7669314719655603
3010749,0.9023422773186098
3010750,45.078760743504
3010751,14.66753591703507
3010752,332.70322832695376
3010753,0.03132644329791411
3010754,0.5630397915555444
3010755,3.7312659381052136
3010756,0.0
3010757,0.7055499671651572
3010758,3156.00017621008
3010759,0.00741958909695996
3010760,497.4798444817389
3010761,7.103671422406605
3010762,792.9664377576777
3010763,563.7795526363664
3010764,189.94921311941056
3010765,150.06922524716498
3010766,65.9542480734432
3010767,3739.94189636374
3010768,5.356176568197754
3010769,0.2705147084377225
3010770,20.95170206944443
3010771,9.134282302813512
3010772,0.1166777910808399
3010773,213.45043557103315
3010774,0.0
3010775,14.127390595313761
3010776,2.180571048104229
3010777,39.241777144722626
3010778,0.8655775372686203
3010779,197.08545702540872
3010780,208.98309912650853
3010781,1.9497041460676412
3010782,3.096388449298585
3010783,110.86558827120467
3010784,38.94785645313569
3010785,1143.3261676792813
3010786,0.6330880146569383
3010787,0.8633606425741572
3010788,3.0510400147019983
3010789,0.04020456854533716
3010790,6.924782742150494
3010791,2611.9487677898537
3010792,0.05111398039224164
3010793,527.2237319765995
3010794,5.901149034049183
3010795,877.552899076013
3010796,864.9635419536369
3010797,165.6470565875523
3010798,123.24590331319109
3010799,94.19829158481069
3010800,3450.2396417622654
3010801,47.19122329948035
3010802,1.0927955232064415
3010803,21.053115210335214
3010804,24.46840556888719
3010805,0.2666017801999903
3010806,241.69457671155203
3010807,19.911810028686467
3010808,17.91387255074253
3010809,1.340139839466851
3010810,89.47245690014654
3010811,8.37771319207893
3010812,204.41761039901957
3010813,252.96666436801672
3010814,10.639868289861202
3010815,11.473432780163215
3010816,227.5048939381958
3010817,60.317594953715094
3010818,2264.3771393731727
3010819,0.03534353121800857
3010820,10.16336393486492
3010821,4.265230346470656
3010822,0.010593678789416637
3010823,6.396071677351379
3010824,2210.604298301925
3010825,0.016547958284986737
3010826,403.35540040151886
3010827,9.09520613485003
3010828,915.1731713234238
3010829,764.2302491110942
3010830,146.79520358769992
3010831,83.76628088168144
3010832,87.33216848166535
3010833,3561.7426214312286
3010834,21.103932101619698
3010835,0.8849688619320046
3010836,32.789643117998025
3010837,41.9015689209655
3010838,0.014727916728129255
3010839,286.15876615176217
3010840,18.797591085173092
3010841,11.978260396473777
3010842,6.353418101561516
3010843,75.13415309004657
3010844,9.284442163259266
3010845,134.9275360337533
3010846,360.5496605705916
3010847,5.790632727361605
3010848,7.926227432752098
3010849,108.97861799966925
3010850,71.91661840808895
3010851,1718.2787381683495
3010852,1.152057234982134
3010853,11.496143581723285
3010854,6.789875710282287
3010855,0.23215602597632412
3010856,2.4055033217816133
3010857,3767.8663790072965
3010858,0.021437299427648854
3010859,650.4666749013297
3010860,5.202382074630564
3010861,1586.9755597664735
3010862,634.6034107822159
3010863,178.7787865051203
3010864,746.0923693666326
3010865,54.72134071079997
3010866,4908.40848984949
3010867,26.49785082668343
3010868,1.271628334745908
3010869,18.468347336990085
3010870,15.68359686285648
3010871,0.12712035260153484
3010872,306.37461286471955
3010873,3.935715020031003
3010874,9.280006114942825
3010875,6.286706446315605
3010876,37.69585622456312
3010877,2.769889873995705
3010878,150.23338875149446
3010879,271.64126270334214
3010880,5.222286958029078
3010881,7.984602265187287
3010882,208.17204769121665
3010883,50.99292787491843
3010884,1471.610006218119
3010885,8.677525810942994
3010886,11.020613385801951
3010887,3.1276436696677403
3010888,0.27823477092688553
3010889,4.997899207243249
3010890,2264.745924250223
3010891,0.05769293324807254
3010892,359.99470536133254
3010893,5.529466168246989
3010894,715.0544627617742
3010895,709.3189471186763
3010896,184.66406859639707
3010897,130.15363633333314
3010898,74.85008002387978
3010899,3045.573879263767
3010900,18.415508840535654
3010901,0.9899682718669581
3010902,10.565112520965597
3010903,9.121471382312926
3010904,0.10188503703314565
3010905,217.23803051142423
3010906,14.985282874736852
3010907,14.212427691521384
3010908,1.541730672984601
3010909,57.75950645079696
3010910,5.641346810645591
3010911,336.4366168141196
3010912,232.33350204671513
3010913,5.340009130252903
3010914,6.832434349839874
3010915,321.3138977267064
3010916,52.057802018751005
3010917,1917.4411179031886
3010918,0.02513052249716307
3010919,19.77010610521521
3010920,2.938541199697422
3010921,0.1566223902959487
3010922,1.733441074002524
3010923,3420.1108515270394
3010924,0.019053939328475187
3010925,412.431643875078
3010926,7.201669919034861
3010927,1709.2956247231034
3010928,578.1803485902782
3010929,249.7386771882568
3010930,219.80856763640392
3010931,58.83137492869173
3010932,4786.352468201188
3010933,8.585510811478539
3010934,1.571005143443603
3010935,24.126938729299372
3010936,18.628977358076348
3010937,0.20636609564059746
3010938,511.6922399738657
3010939,0.005117061205174876
3010940,0.13429960750282482
3010941,6.607990781256858
3010942,27.831469958542826
3010943,1.6144899335600933
3010944,128.70053989397638
3010945,291.0635949627129
3010946,2.568388575326796
3010947,7.926080118035722
3010948,170.48322302529476
3010949,53.65558410808514
3010950,1068.7091738279655
3010951,0.0
3010952,3.783119356663781
3010953,5.562680437365525
3010954,0.05053652950992717
3010955,6.463847412428388
3010956,2408.0673921877556
3010957,0.02060096124035147
3010958,479.57278426433777
3010959,8.073522483141746
3010960,977.5855740414453
3010961,714.9591414948518
3010962,219.14585612990373
3010963,128.06672626510925
3010964,102.11694104228037
3010965,3692.0143153288245
3010966,31.13365651001784
3010967,1.0067427058271101
3010968,17.955430611405426
3010969,27.924820831439984
3010970,0.055359083089217234
3010971,263.6303761148109
3010972,13.052341702552859
3010973,12.665732034217847
3010974,6.483753013908135
3010975,91.20831362468579
3010976,9.33487942688726
3010977,196.57035442225626
3010978,378.8420379053714
3010979,10.200938858984733
3010980,7.999925079665313
3010981,186.41596476735532
3010982,52.795526984635515
3010983,1947.4204181093596
3010984,0.3944922483857241
3010985,5.472723848438749
3010986,2.772987080996414
3010987,0.01764354821930663
3010988,4.824411008012089
3010989,2937.7809312054837
3010990,0.03413916971386857
3010991,476.9152627403804
3010992,7.22590230836128
3010993,699.1363294123292
3010994,806.9375848185229
3010995,173.15445232982157
3010996,123.213546258564
3010997,93.87617775850731
3010998,2869.4375032016574
3010999,25.603328892021878
3011000,0.7926943627618555
3011001,18.525179122494418
3011002,17.181359341755698
3011003,0.059864753713131644
3011004,215.64169672740934
3011005,13.441166785823
3011006,27.681499329396146
3011007,4.36475750678272
3011008,57.305763671120474
3011009,7.783297137630356
3011010,203.18268628388347
3011011,286.59533965278524
3011012,6.99671934924903
3011013,7.088825387146184
3011014,203.7401251765042
3011015,54.83150837157526
3011016,2180.3233543665297
3011017,0.15139144311004554
3011018,11.855326871508657
3011019,4.435615524735612
3011020,0.10581302011264294
3011021,3.2227282298664397
3011022,5475.166132778781
3011023,0.0
3011024,587.3773158507919
3011025,10.460757026293122
3011026,1251.9981274135898
3011027,687.7933261833645
3011028,274.19120819724577
3011029,299.62834589910165
3011030,40.650306938324704
3011031,4734.314993009319
3011032,5.8099009232132826
3011033,0.13705964681767127
3011034,15.048913948192597
3011035,15.49031846304169
3011036,0.1108893238758805
3011037,242.76488030033744
3011038,0.0
3011039,4.454910803632875
3011040,0.8902098443261588
3011041,45.531770870835146
3011042,2.472850003224231
3011043,154.8989337727475
3011044,286.746990495965
3011045,2.5276321048089
3011046,2.0669405875503664
3011047,154.55443240016004
3011048,92.58980251489378
3011049,516.4948851169096
3011050,1.2167024761811374
3011051,0.6435700696509422
3011052,11.644834653771298
3011053,0.02170311323477818
3011054,15.07258701658879
3011055,8652.911741431913
3011056,0.03867025536357136
3011057,1469.4974868419731
3011058,21.450456413702067
3011059,2252.313949634045
3011060,2119.465891202926
3011061,525.6398566251465
3011062,514.0514503166385
3011063,354.8021223780971
3011064,8499.281477660756
3011065,75.13997120346993
3011066,3.1734034526676633
3011067,95.13631807714083
3011068,104.8822184322642
3011069,0.2485242733256385
3011070,663.1812434688787
3011071,28.815026061400122
3011072,19.25254504416509
3011073,34.15464024125381
3011074,253.78436261888848
3011075,21.513686863768175
3011076,764.6571401535685
3011077,534.6996804903819
3011078,31.117260288840942
3011079,32.73204443356336
3011080,1026.3707738281382
3011081,296.30466052838295
3011082,7443.010796504419
3011083,232.6021146435494
3011084,78.5561909961489
3011085,13.076106686953482
3011086,0.010357400490552471
3011087,12.884370815449113
3011088,8014.4435840745155
3011089,0.09374046361674937
3011090,1122.1383640886672
3011091,21.121246042904847
3011092,2461.7531971157596
3011093,1875.6134152673642
3011094,587.6705151006032
3011095,344.55265899329015
3011096,271.7230454975463
3011097,9117.40944256846
3011098,115.68699748842738
3011099,1.1854332355299937
3011100,47.37306920232718
3011101,73.14898766756355
3011102,0.6258915150525529
3011103,609.1029518889206
3011104,22.382385449727558
3011105,24.761709072307994
3011106,12.066918113200611
3011107,152.99635112605088
3011108,14.997638408939068
3011109,1015.8368225621475
3011110,727.0056055389446
3011111,19.136214308336054
3011112,23.064685291672436
3011113,1028.0201252184559
3011114,227.5551557628781
3011115,4995.690660173926
3011116,175.61604406044117
3011117,70.48351359606572
3011118,9.050454606746746
3011119,0.004797430519675597
3011120,15.562605100127705
3011121,5699.833661615547
3011122,0.12127349234087444
3011123,830.5883021349825
3011124,10.936224196474228
3011125,1962.618844551188
3011126,1733.9228658827737
3011127,705.3497862327628
3011128,123.17074053813725
3011129,182.48632900643597
3011130,8160.687879957528
3011131,38.86421277591637
3011132,2.005393199330468
3011133,28.08549315458614
3011134,24.572727305969806
3011135,0.3035564082178066
3011136,588.5476642069557
3011137,24.570178035133786
3011138,17.40126910767479
3011139,7.652965846862206
3011140,99.33151732694064
3011141,7.630966540162312
3011142,839.8626652085085
3011143,639.5981691077482
3011144,19.616876971964953
3011145,32.85392793725924
3011146,719.4201179448197
3011147,147.46924708220268
3011148,2384.031011893243
3011149,329.7862592473077
3011150,36.59567031802075
3011151,13.142824098502093
3011152,0.013339499115421713
3011153,16.91136054975461
3011154,7317.47936310744
3011155,0.08042141585089678
3011156,1080.296379857634
3011157,17.183718310800373
3011158,2659.524503607685
3011159,1880.7170057865312
3011160,598.3595505591005
3011161,324.2997732502565
3011162,211.17692311575098
3011163,9169.298686049548
3011164,44.779260970596646
3011165,1.283728152340093
3011166,46.00205808717929
3011167,67.25986110847626
3011168,0.5117305822568644
3011169,611.6895667751035
3011170,26.455701695576963
3011171,18.740327337979856
3011172,13.01664493658297
3011173,164.9548402006339
3011174,11.546016624390166
3011175,766.8282344280229
3011176,653.6173369225351
3011177,19.21151054294827
3011178,24.9300488432858
3011179,1073.7306609349218
3011180,231.81195451345224
3011181,4683.144373497077
3011182,512.8994646504054
3011183,62.500557601581555
3011184,9.244475445902294
3011185,0.0
3011186,16.324194257718016
3011187,4053.4644546822137
3011188,0.0
3011189,781.2836822874463
3011190,13.526913824095265
3011191,1888.7390207450667
3011192,1116.6626669223049
3011193,538.3065310197262
3011194,93.15632596306884
3011195,135.68415628732632
3011196,7281.00789814248
3011197,39.69127984196125
3011198,0.3455102947127379
3011199,24.434149928684167
3011200,44.88593640770068
3011201,0.10842124522619882
3011202,547.6447100480934
3011203,24.94105857153802
3011204,8.151864570158573
3011205,4.706099522855871
3011206,77.06988548465677
3011207,4.461242463323454
3011208,781.8190628122154
3011209,693.7803538176973
3011210,13.477562165568738
3011211,19.333006895313286
3011212,695.8208194762418
3011213,85.66909766940336
3011214,1639.8336295726258
3011215,342.2679104898276
3011216,18.803188126936003
3011217,10.513927931257145
3011218,0.026731931981479173
3011219,10.10643355257089
3011220,6810.694750418782
3011221,0.043782586317791305
3011222,1082.4516926186059
3011223,22.443737016508887
3011224,1643.6802170869344
3011225,1983.708286251613
3011226,405.0552489049666
3011227,416.41257138699393
3011228,286.96939874154054
3011229,7723.08980303491
3011230,58.759051152845714
3011231,1.297477734582559
3011232,40.66339457702349
3011233,56.64534333064565
3011234,0.3433364751290972
3011235,466.54704195859506
3011236,17.072788231553137
3011237,20.888201502336784
3011238,8.216594765860656
3011239,200.41209932753398
3011240,15.664211270104069
3011241,723.028185401117
3011242,467.30615901624014
3011243,16.89664138027889
3011244,26.947123655698448
3011245,953.9978240346006
3011246,217.11369965453173
3011247,6918.33217524196
3011248,363.13072647413753
3011249,68.33110350393116
3011250,4.787383297094861
3011251,0.32709852199138933
3011252,6.405339188632809
3011253,1886.3235317251062
3011254,0.04132325135665862
3011255,340.35430117874995
3011256,21.100226343156375
3011257,859.6147405529213
3011258,572.8033441590796
3011259,214.9762713923453
3011260,75.78563419859331
3011261,78.84657104265519
3011262,2981.5500502837986
3011263,43.74259512670515
3011264,0.920462482302766
3011265,20.166856898202052
3011266,19.268685682862156
3011267,0.20631130339032686
3011268,211.88948086483364
3011269,10.881867262076085
3011270,6.115241640539285
3011271,9.190043499692415
3011272,45.830538076292925
3011273,6.1157304950400375
3011274,233.9542937436759
3011275,260.7799862873162
3011276,3.006961374652344
3011277,6.030765263795264
3011278,209.5512678222794
3011279,55.90025980506931
3011280,1345.2211470482773
3011281,0.5835579411364252
3011282,7.653366258291064
3011283,7.895675459438179
3011284,0.008307313563030196
3011285,11.656034554026945
3011286,3928.854664185584
3011287,0.05437205177122909
3011288,527.7226501674508
3011289,25.48735044381015
3011290,1629.644141538541
3011291,1045.6744895631477
3011292,418.02569248441796
3011293,99.56790031993377
3011294,118.16084021670073
3011295,6407.380565101336
3011296,85.97736166294577
3011297,1.0160363657220821
3011298,38.145815966336784
3011299,29.470176983448255
3011300,0.15403148238415712
3011301,467.25769998279617
3011302,17.67637326087058
3011303,5.646167886026829
3011304,2.692712252195825
3011305,92.75415844978096
3011306,7.180423439619058
3011307,525.1576641636797
3011308,527.8399222818736
3011309,9.805386260658274
3011310,19.64577004104881
3011311,348.17417741435645
3011312,81.0164156916708
3011313,1913.6271501730562
3011314,373.8905768376639
3011315,13.795063066695374
3011316,5.675938764658365
3011317,0.01836458458324728
3011318,5.2161634126293235
3011319,4594.744641799294
3011320,0.03355384855696831
3011321,866.6679172264979
3011322,7.233973400936082
3011323,1411.5663451558428
3011324,1539.7761954948428
3011325,271.4607209807647
3011326,330.3149402566498
3011327,227.0500401499586
3011328,5227.442312261496
3011329,37.844673161687396
3011330,1.4088360065426795
3011331,27.711414751723176
3011332,33.88035107936494
3011333,0.28572068741110795
3011334,358.36095809372324
3011335,1.831953609054692
3011336,32.18801660228246
3011337,4.231128105650646
3011338,114.40659338343814
3011339,8.625268445101222
3011340,552.4209191799227
3011341,337.7932990157914
3011342,16.98305825235216
3011343,8.036081639734416
3011344,683.5714204472421
3011345,127.67901043080134
3011346,4688.636422173208
3011347,2.500917874913112
3011348,38.56508757869603
3011349,8.423436638768367
3011350,0.0
3011351,8.894452185483031
3011352,3690.8619297305204
3011353,0.0049954270222617924
3011354,838.6002077080755
3011355,8.754674844073644
3011356,1349.860923807882
3011357,1062.7194771004094
3011358,316.6115401604835
3011359,160.99809090187705
3011360,207.70277672018136
3011361,4458.619652296157
3011362,43.43051096245481
3011363,2.2543289966150817
3011364,40.70709556445202
3011365,41.47557899317245
3011366,0.26570515389525745
3011367,315.7886313423419
3011368,6.08314109261682
3011369,32.9113131788112
3011370,6.632385887427915
3011371,168.01902131134446
3011372,8.178530218769813
3011373,321.76069846326124
3011374,287.242440079641
3011375,11.120261537958628
3011376,18.77552971782876
3011377,324.33175431655434
3011378,99.15448966841275
3011379,2655.341658614444
3011380,3.9026015798158435
3011381,8.23670985993734
3011382,8.73550244565761
3011383,0.3361294999943739
3011384,5.266195523565792
3011385,1795.8981839647192
3011386,0.3427945484743033
3011387,342.3290393239714
3011388,7.248469059507288
3011389,732.8189596157152
3011390,409.5973884992037
3011391,200.33318141855972
3011392,60.78000737470445
3011393,72.8120765079465
3011394,2316.5026297506843
3011395,16.184279362072576
3011396,1.7956673746346437
3011397,20.8002138318766
3011398,22.690572178343558
3011399,0.5072038494392009
3011400,188.49162585053523
3011401,4.927421167427236
3011402,11.019953739517833
3011403,7.439505615553354
3011404,64.7924606288538
3011405,4.286758215262419
3011406,177.7287646519541
3011407,186.01716025714288
3011408,4.9646767667143665
3011409,7.090270160042971
3011410,141.3867153551531
3011411,52.21715116990272
3011412,1229.253308459356
3011413,0.5620860083808172
3011414,3.5466912330394886
3011415,6.840106786649105
3011416,0.3361294999943739
3011417,4.18088381893739
3011418,2505.8812003014777
3011419,0.3427945484743033
3011420,211.91313583093566
3011421,4.37562588318306
3011422,830.3138531893911
3011423,199.0848224882034
3011424,174.01818220796451
3011425,76.29969323407852
3011426,24.15420731107033
3011427,2378.5676619908872
3011428,9.934492146831802
3011429,1.2159384211574964
3011430,20.194855943247653
3011431,10.348170689559275
3011432,0.46547740052972136
3011433,184.17173461830856
3011434,0.31938238863354546
3011435,0.27776440600170643
3011436,3.987150492901882
3011437,17.688281288002155
3011438,1.54321112676291
3011439,39.963520117295865
3011440,151.051658555712
3011441,0.56698126159097
3011442,2.3966165815104814
3011443,45.42042082271182
3011444,61.7663941883235
3011445,440.5644760682254
3011446,0.2756731400856597
3011447,2.725624289113752
3011448,5.142211924200571
3011449,0.06104334968507396
3011450,5.645750683145157
3011451,3324.287654758109
3011452,0.016224223959530926
3011453,496.5533948583167
3011454,9.548326412576516
3011455,1153.6715340352634
3011456,894.489621795671
3011457,340.0277213602978
3011458,157.24185833628056
3011459,133.90575233858368
3011460,4698.499141057506
3011461,27.460383153467628
3011462,0.7872915700907086
3011463,20.755538922925055
3011464,48.54874684558271
3011465,0.016243650540031594
3011466,371.27293221384986
3011467,17.145280755574234
3011468,10.809041504470303
3011469,11.930722707432338
3011470,59.486911534064376
3011471,5.5668360559968
3011472,412.22234984230926
3011473,310.5185460233887
3011474,7.702030936862545
3011475,10.844843586063625
3011476,464.66845725678843
3011477,85.77038019198869
3011478,2303.89744772563
3011479,0.0
3011480,29.726780145723186
3011481,4.170470475732648
3011482,0.14126650194032572
3011483,5.866764367122974
3011484,3636.7335053452803
3011485,0.18472574888738685
3011486,674.6129197804195
3011487,14.690781273848357
3011488,950.5158224610373
3011489,1291.7376064358853
3011490,178.78622139250103
3011491,272.0113890626465
3011492,188.80731789476198
3011493,3660.702077725404
3011494,35.40817828999973
3011495,1.9866474895422845
3011496,24.586619692669718
3011497,29.874002409778708
3011498,0.6635822620527004
3011499,248.20402615333296
3011500,11.715419893249972
3011501,29.840867370643636
3011502,6.28548283240446
3011503,129.12150713570364
3011504,11.005913572562104
3011505,468.45355547905467
3011506,243.8856769596884
3011507,6.243383933442556
3011508,12.224017813780497
3011509,569.4872597405235
3011510,130.27294660358743
3011511,4667.81276174828
3011512,0.2768539482451966
3011513,34.62722219325046
3011514,3.6634200289901524
3011515,0.41727822051467145
3011516,10.943342972604578
3011517,3953.308992056489
3011518,0.08124664364993431
3011519,768.0410151744389
3011520,16.614083201935852
3011521,1072.7334555477414
3011522,1310.3043919831182
3011523,270.8182591525314
3011524,289.7637727373768
3011525,143.29748530695295
3011526,4454.208289368054
3011527,35.156901042879845
3011528,2.8031428309926345
3011529,31.884301398120773
3011530,46.368082043629535
3011531,0.042059744168730574
3011532,312.90375039880047
3011533,25.49122483269273
3011534,28.724053857389055
3011535,21.776501070065343
3011536,107.8979843653696
3011537,15.615735541751155
3011538,419.9587991890943
3011539,318.49782098575645
3011540,17.11398934385659
3011541,15.324306170191761
3011542,547.6113678333685
3011543,132.79934282008008
3011544,3854.6184734485387
3011545,0.6703944125653728
3011546,32.244629239802514
3011547,9.337694669317502
3011548,0.23071565306650607
3011549,6.491793537985363
3011550,2958.8397228413487
3011551,0.014832020466951104
3011552,499.33221177973655
3011553,10.157051986516533
3011554,1426.5047028513761
3011555,736.3556076687204
3011556,442.12949006408365
3011557,225.08642841638624
3011558,75.8724817553331
3011559,5719.964293315627
3011560,9.04969679648396
3011561,0.9344058201429877
3011562,35.15577927981144
3011563,32.78396125666942
3011564,0.013624952328196542
3011565,412.9480405759757
3011566,9.305201812969536
3011567,3.631005354516489
3011568,6.234462629015603
3011569,47.442275263514226
3011570,2.5611275001124745
3011571,318.23918370387355
3011572,375.4440409786552
3011573,5.484166594730651
3011574,6.218100693985655
3011575,321.1096270287564
3011576,90.18614031379134
3011577,1392.5068051623248
3011578,121.03408064872504
3011579,12.576427404512652
3011580,3.8518860063430176
3011581,0.058348954651195765
3011582,2.5389964816095616
3011583,2009.8784819800114
3011584,0.11367801024781966
3011585,340.5561868506555
3011586,10.670355585904955
3011587,581.4981837400234
3011588,632.3593994927231
3011589,134.52017190454566
3011590,119.52723524028039
3011591,106.3674194945378
3011592,2276.1588749388916
3011593,17.027838913946397
3011594,1.3191252451230837
3011595,17.82605102547817
3011596,21.773745023542624
3011597,0.3802862556447309
3011598,186.86357095915395
3011599,10.670679294150718
3011600,14.586347027333462
3011601,4.963638345435753
3011602,69.76956678832396
3011603,4.9563910026362485
3011604,245.4727762731038
3011605,153.50087357692738
3011606,3.5261265641815664
3011607,8.20082499137363
3011608,306.31625651063393
3011609,62.51264241000447
3011610,1992.316866815172
3011611,0.04446741343956644
3011612,20.070089061381857
3011613,1.0705190335356467
3011614,0.0
3011615,1.1878063786956075
3011616,1239.491886946401
3011617,0.0
3011618,93.32407963761347
3011619,2.9386372776820164
3011620,627.3040588583542
3011621,231.04045912493763
3011622,234.91490488223283
3011623,37.24712758372455
3011624,23.1973665347825
3011625,2475.0454508801186
3011626,3.420331794740846
3011627,0.2803184532511348
3011628,6.589213713070084
3011629,6.302600944017095
3011630,0.01616553022618268
3011631,137.06335662032018
3011632,2.2048685508332326
3011633,0.0
3011634,0.9841365252985776
3011635,7.592060162562319
3011636,0.2877759660000859
3011637,152.763531591278
3011638,159.61292878994874
3011639,0.5570889485590671
3011640,2.9655592910351185
3011641,128.04047124497157
3011642,21.252596886479886
3011643,335.3705812950225
3011644,3.3154229934878505
3011645,0.9600545563858051
3011646,5.202167769958166
3011647,0.1556614623777385
3011648,4.243777876989598
3011649,3888.3028130682906
3011650,0.015410659863312366
3011651,651.7785993210971
3011652,10.28656575608322
3011653,1577.5177995274053
3011654,629.6283154619272
3011655,482.1228568616326
3011656,254.60695443137533
3011657,68.41392776305953
3011658,6303.681623909891
3011659,22.74625512592056
3011660,0.5307239772341803
3011661,20.871835063687893
3011662,16.996352646221624
3011663,0.14620096714706365
3011664,412.4023613090426
3011665,8.670218441900616
3011666,2.4021483071461724
3011667,7.073449826016297
3011668,28.108668028623395
3011669,1.7545785590225715
3011670,535.2267826907479
3011671,321.0693668133079
3011672,1.8768740172636402
3011673,11.209449030251815
3011674,414.13846227345294
3011675,91.66530684007489
3011676,2053.275588912091
3011677,15.029749058015184
3011678,7.573472897081351
3011679,4.3310032957860205
3011680,0.006661761443385359
3011681,0.6648765868195998
3011682,1444.6428139931063
3011683,0.01471273731521325
3011684,175.24997869464016
3011685,9.378327683682661
3011686,768.750263677702
3011687,354.1637784348583
3011688,182.6757078609886
3011689,55.84870662119119
3011690,32.285435862882444
3011691,2655.999926269376
3011692,6.113818617431604
3011693,0.33624891201087875
3011694,11.670530011848962
3011695,14.036040713250864
3011696,0.23713594062201376
3011697,159.8375810484312
3011698,4.105803182635696
3011699,0.0
3011700,7.900587801787361
3011701,29.342092562235496
3011702,1.0372564444959687
3011703,171.65052795800287
3011704,161.99050162763834
3011705,1.0744367297268858
3011706,5.11126734397007
3011707,162.39597503681225
3011708,28.02434547453657
3011709,447.15813043473173
3011710,7.028928513874047
3011711,2.41961719907853
3011712,3.5526020202817956
3011713,0.0
3011714,3.316334449595284
3011715,1350.9495965791755
3011716,0.0016357795667266053
3011717,142.02017541389537
3011718,5.047037383590353
3011719,695.5691629446763
3011720,266.8885246090183
3011721,163.44489413712958
3011722,37.50206857600691
3011723,23.367662828220045
3011724,2516.8902071096213
3011725,8.524235866148548
3011726,0.10667761646692485
3011727,11.018679199993104
3011728,6.627596885262909
3011729,0.029602008677141113
3011730,130.7462553953669
3011731,0.9244792932576902
3011732,0.0
3011733,1.748456836811876
3011734,26.52160498054729
3011735,0.8463424909712904
3011736,155.8020958842391
3011737,163.96648285480788
3011738,0.3993554978946179
3011739,3.772803870077588
3011740,87.4292762353267
3011741,18.49959942251227
3011742,227.2006737968926
3011743,6.35831129364308
3011744,1.0798207465315228
3011745,2.911433306109739
3011746,0.00042361243891203375
3011747,1.0973616804408461
3011748,1400.2464071795027
3011749,0.006766381702722898
3011750,168.39451901229972
3011751,6.739299358680261
3011752,940.5747770071232
3011753,385.93248961019356
3011754,242.74602933131314
3011755,31.890122752387466
3011756,31.330475764457077
3011757,2684.0860119155222
3011758,5.550333782892569
3011759,0.2653417411016267
3011760,7.510464508099495
3011761,14.821049825490585
3011762,0.1163742021720221
3011763,175.2481374160834
3011764,0.6608126441796555
3011765,0.0
3011766,1.9216053832814755
3011767,16.702800797075266
3011768,1.508168855269054
3011769,238.91391439448515
3011770,230.4543815635719
3011771,0.877806172750357
3011772,3.749876647396737
3011773,68.28801423671045
3011774,77.99938027344943
3011775,537.540455147786
3011776,4.927061614189788
3011777,2.958541832700283
3011778,2.8468789821716594
3011779,0.5313751092509568
3011780,2.2772473427165347
3011781,1661.3595960005596
3011782,0.02579801693815969
3011783,158.36193241912247
3011784,2.3626872413636524
3011785,838.5392998124888
3011786,348.83199590618585
3011787,253.29456352573976
3011788,82.03233194397322
3011789,57.666078147613895
3011790,2672.001663356892
3011791,6.352493963135482
3011792,0.8360160655542528
3011793,11.168276842343028
3011794,16.73666898266723
3011795,0.1639886015568081
3011796,209.3808408714312
3011797,6.509643443979847
3011798,0.012831425792306379
3011799,2.7719995308523298
3011800,15.09707829350086
3011801,1.3781037628443422
3011802,121.85491403896512
3011803,175.88050670955127
3011804,0.7073411918982161
3011805,4.014138253402792
3011806,99.49586987084699
3011807,38.81636898029858
3011808,927.1603696639042
3011809,8.211911120753102
3011810,3.6052688667987596
3011811,3.283926238921156
3011812,0.12201920808356888
3011813,0.7840077502731836
3011814,1163.1814594170191
3011815,0.0
3011816,153.96391290205923
3011817,3.6402554743461426
3011818,649.9497546959594
3011819,228.93665258405
3011820,144.26516101810768
3011821,109.32863908707803
3011822,24.83523740785123
3011823,1887.1293230884792
3011824,3.209446157600408
3011825,0.1548951136938857
3011826,8.149285207907885
3011827,10.57960354699346
3011828,0.1676855063036771
3011829,134.4273425420816
3011830,0.0
3011831,0.0
3011832,1.499855901584112
3011833,21.143909149951977
3011834,1.0588650684818697
3011835,45.9054693554218
3011836,122.16279957676765
3011837,0.7349358810182606
3011838,2.1187460851939344
3011839,57.66027812737308
3011840,31.110250013232076
3011841,804.9653379612745
3011842,0.0
3011843,0.7295536806095713
3011844,6.144682753658773
3011845,0.4127102026837101
3011846,3.079330228236715
3011847,2689.0497979067395
3011848,0.0008336735739976029
3011849,309.8233939170283
3011850,4.414146868876274
3011851,1036.8926992301697
3011852,628.7103734316518
3011853,406.03596298804837
3011854,164.56591942778826
3011855,75.84535173823072
3011856,4686.628392923452
3011857,11.558700624073477
3011858,0.9781103353311498
3011859,18.284275595814076
3011860,20.78837166200692
3011861,0.14811146999055416
3011862,249.1064781687789
3011863,0.36686043589421663
3011864,0.0
3011865,5.851815609076425
3011866,26.87555942601818
3011867,2.625820631046648
3011868,239.97594434924125
3011869,231.2785327212485
3011870,1.635783867603051
3011871,6.670116493955893
3011872,333.73555339055105
3011873,58.67275699648495
3011874,2011.9633909352387
3011875,8.3836095407119
3011876,10.332053821508353
3011877,2.260086533606764
3011878,0.11596252500893654
3011879,3.82011114533849
3011880,1787.314003948607
3011881,0.0
3011882,350.43600009954537
3011883,4.415252340011453
3011884,442.8203530133308
3011885,514.825232361002
3011886,169.86695078773636
3011887,107.10085596056574
3011888,17.576417687227604
3011889,2374.398585679678
3011890,6.330899900306817
3011891,0.679417578443562
3011892,14.068770540784696
3011893,12.081786400866958
3011894,0.09622290095581691
3011895,150.7255071979851
3011896,4.921077625016273
3011897,4.470621693159223
3011898,7.211560655073276
3011899,33.15727450208265
3011900,1.3574685620270837
3011901,31.99186727279676
3011902,105.33211295516776
3011903,2.2735875743916405
3011904,4.033833473838731
3011905,40.20506166397471
3011906,22.2073887354101
3011907,2068.282195522559
3011908,57.471667554161144
3011909,5.99841696002862
3011910,4.738830690033287
3011911,0.42592081434924883
3011912,3.102204080070831
3011913,2216.8868865879217
3011914,0.007365337533130542
3011915,166.74570274265386
3011916,4.7344734310724155
3011917,723.4762114942656
3011918,329.5432261818993
3011919,240.05857037432637
3011920,54.568462870651054
3011921,32.48296423648093
3011922,2950.3620144175843
3011923,25.543226056358343
3011924,0.855928019001445
3011925,9.995349652946308
3011926,13.450822880593218
3011927,0.11578914046848729
3011928,149.72193323855868
3011929,6.046646915590942
3011930,0.0
3011931,2.859390856075051
3011932,27.052810016165026
3011933,1.7642379626550857
3011934,130.4254206078877
3011935,155.67253077310795
3011936,1.0644492605119724
3011937,3.8525685583755167
3011938,103.9360485530567
3011939,22.383525225257277
3011940,582.415331789212
3011941,8.00879393219175
3011942,3.0934296726081945
3011943,5.307707050725561
3011944,0.011846073666071589
3011945,6.633651703838773
3011946,2556.2268390635063
3011947,0.028669223308860955
3011948,556.8064229204764
3011949,8.841822667027984
3011950,727.0592362975979
3011951,802.1975301349178
3011952,199.78016316656897
3011953,139.99085677744944
3011954,90.37011689392024
3011955,3276.940664586292
3011956,32.71828511865813
3011957,1.0506343518776053
3011958,16.0525372389438
3011959,21.518118524263283
3011960,0.1628575592940792
3011961,231.1953109214695
3011962,18.546641688862678
3011963,10.239094857480735
3011964,3.978420437872948
3011965,69.43696597686898
3011966,7.060310739460288
3011967,422.73950413746775
3011968,222.2715664688175
3011969,7.002372207915957
3011970,6.638142038091954
3011971,404.6607285325185
3011972,94.51741470629037
3011973,1980.7549670804221
3011974,0.004226855280125122
3011975,25.600673826682097
3011976,4.974171549748462
3011977,0.015878295345858287
3011978,4.733459183959836
3011979,2786.103864163448
3011980,0.0
3011981,432.8115287577672
3011982,5.478829257778866
3011983,1279.5147228521562
3011984,594.7465915014012
3011985,492.95950178893816
3011986,88.62731946171724
3011987,59.552641119024635
3011988,4169.073239535652
3011989,8.881177286264343
3011990,0.329876302541419
3011991,15.300891294711356
3011992,12.606111310115617
3011993,0.0
3011994,252.4391636406492
3011995,1.514110002425059
3011996,9.330804337848111
3011997,3.480447002474811
3011998,28.662176966483976
3011999,0.9515368460325816
3012000,227.97937071016577
3012001,278.3407197939577
3012002,2.983864778122258
3012003,4.472609012645701
3012004,235.71141145528625
3012005,58.86443285075548
3012006,1379.6188655657402
3012007,34.34844139738539
3012008,9.549128038799575
3012009,7.7784955195128616
3012010,0.27051657478962665
3012011,3.6890740552208445
3012012,2440.1456462789693
3012013,0.0
3012014,406.6092680174302
3012015,4.751285035637018
3012016,1257.9115264319562
3012017,534.5258810657089
3012018,293.6678651102813
3012019,171.5079020357478
3012020,60.210637014181685
3012021,3696.3675897895314
3012022,10.742481072181171
3012023,0.3436629518632465
3012024,26.745528818527372
3012025,26.43704106182939
3012026,0.12562179085371417
3012027,267.5449553830776
3012028,2.563141503901514
3012029,3.757273626730794
3012030,7.145155384213244
3012031,52.49625654003871
3012032,1.2249605832322674
3012033,102.53134202744593
3012034,241.42922584878528
3012035,1.9192668074259223
3012036,5.457622995408535
3012037,147.96682243053974
3012038,119.28340607821555
3012039,1956.3708611020047
3012040,0.3574305502569694
3012041,4.784638136725051
3012042,3.675808767783147
3012043,0.1384368958432447
3012044,1.3542950629143387
3012045,1432.0270612222623
3012046,0.00913388903825242
3012047,137.71345941420608
3012048,5.912422425542841
3012049,581.7330965801065
3012050,278.92873961478875
3012051,135.1832313027317
3012052,44.0187454639623
3012053,40.311950481260205
3012054,2807.0814413588037
3012055,7.5468422349353785
3012056,0.5296977277307684
3012057,20.486584757137788
3012058,17.190717036172728
3012059,0.0054941729787048805
3012060,150.94142160928828
3012061,0.40157570345244153
3012062,0.0
3012063,3.3938069479795603
3012064,51.91653396186394
3012065,1.8713507103318785
3012066,91.17441425215938
3012067,137.03156573288214
3012068,0.9701857232497738
3012069,4.501382174303758
3012070,118.47948409008256
3012071,25.76400604502311
3012072,656.5597450448091
3012073,4.8561206885674775
3012074,1.5203485431266257
3012075,1.5768992394706625
3012076,0.005571609741852683
3012077,2.3614999007159976
3012078,1254.2220831216266
3012079,0.10273178958570658
3012080,285.6080106499393
3012081,8.742700888922036
3012082,455.8164519100107
3012083,447.05716742403376
3012084,119.29927479575774
3012085,40.77047698538527
3012086,51.929120230831934
3012087,2016.1158244760322
3012088,19.51438081080031
3012089,0.3345140332736374
3012090,9.635017522080496
3012091,13.597066914723953
3012092,0.15422324722648187
3012093,110.78563325612927
3012094,9.581055634923404
3012095,1.463689760216203
3012096,2.9867512948319446
3012097,46.753059250107306
3012098,3.7434184546062803
3012099,602.6816642946475
3012100,134.70138949013798
3012101,2.6953671973877236
3012102,4.001949227739782
3012103,283.30590231758913
3012104,28.143606576451827
3012105,1070.3829400541372
3012106,0.0
3012107,6.551665995431079
3012108,2.2578724867086053
3012109,0.15814258020614114
3012110,5.112178394093593
3012111,3331.759862120966
3012112,0.043534915724474696
3012113,739.2778732993538
3012114,14.081782542072496
3012115,997.1614290901571
3012116,1185.7413408075229
3012117,265.05646588136966
3012118,208.8412789625223
3012119,142.74367445104457
3012120,3780.1594195493817
3012121,27.550532955913038
3012122,0.6903692221750621
3012123,17.898448867387152
3012124,29.89398731579592
3012125,0.03257550574857647
3012126,246.83135629418905
3012127,11.284840545917401
3012128,27.85847517741311
3012129,8.403993052272313
3012130,77.99520274120131
3012131,10.966964634075785
3012132,372.222808933986
3012133,268.26342475150597
3012134,14.590868671410858
3012135,8.835606366389518
3012136,465.35723923559283
3012137,97.2043284362166
3012138,3023.0304854006854
3012139,0.01925990627432901
3012140,19.397511696943656
3012141,2.084364716681011
3012142,0.08809964630524417
3012143,3.412198610413671
3012144,1554.4335699946341
3012145,0.0
3012146,242.6762365826478
3012147,3.6806266428304752
3012148,299.23657852371724
3012149,419.75954392221223
3012150,105.47778788445183
3012151,32.08629787226355
3012152,23.062980932339357
3012153,1527.341970640809
3012154,9.482616912394041
3012155,0.802740717906599
3012156,8.37881739430456
3012157,13.38231950421255
3012158,0.0
3012159,70.41958874448196
3012160,0.0
3012161,8.83459744337903
3012162,2.5845391803830333
3012163,132.8905651056138
3012164,4.66057953431593
3012165,43.580204918062414
3012166,78.69555145706265
3012167,2.881815562254718
3012168,3.7314374249458835
3012169,51.83093714597997
3012170,12.141923949566388
3012171,956.6674562315245
3012172,0.514065071261796
3012173,2.4998647107813587
3012174,3.2285959141959726
3012175,0.0
3012176,0.23153640527155797
3012177,962.0248899226887
3012178,0.0
3012179,201.6731923257896
3012180,3.8029953442030013
3012181,304.3066513347674
3012182,224.07722221832194
3012183,60.208654755929395
3012184,26.208717179718406
3012185,22.740199117885112
3012186,1425.0423637861443
3012187,8.530179173886218
3012188,0.3821870792167918
3012189,7.577746456156749
3012190,8.03629159856901
3012191,0.19362989385154675
3012192,67.5548783287554
3012193,0.07872935723406525
3012194,3.9799539399887855
3012195,0.6748903429607493
3012196,21.431450869308687
3012197,0.13951236702742603
3012198,224.64078405399695
3012199,114.6793521830637
3012200,1.7153467843807304
3012201,1.0199418878663542
3012202,111.64311020630035
3012203,19.42982953266616
3012204,383.3153017683004
3012205,0.3113328529663261
3012206,1.6821811033345557
3012207,5.069387505022177
3012208,0.2211419647641648
3012209,2.386755332857551
3012210,2932.0341257192504
3012211,0.12719914517037725
3012212,566.5953236077224
3012213,11.504837631978264
3012214,730.8616799167933
3012215,932.5863681128499
3012216,251.40513624520835
3012217,207.86789014885574
3012218,99.16822072785047
3012219,3633.806682201832
3012220,21.061574459556326
3012221,1.8804298791814833
3012222,14.906715354857573
3012223,21.486292382169356
3012224,0.15299501070318852
3012225,232.9819998834813
3012226,4.645491021666383
3012227,21.809970181127294
3012228,6.097398248978912
3012229,103.35122062200665
3012230,2.9171501168045566
3012231,245.82609686907165
3012232,213.38603883541734
3012233,8.19497473966231
3012234,7.387625814176021
3012235,346.6529259790338
3012236,70.48479564338952
3012237,2204.5172176882606
3012238,0.8002833255744052
3012239,12.13652044881934
3012240,5.269160885226104
3012241,0.0
3012242,3.030954502253038
3012243,3149.1812127076255
3012244,0.0
3012245,599.8608029598828
3012246,10.822959498857815
3012247,1035.398625533028
3012248,872.1839689497652
3012249,329.5435334010903
3012250,256.5934346764222
3012251,55.352676315261334
3012252,4246.943789670571
3012253,9.56048358663185
3012254,0.625345437862413
3012255,24.68527947785869
3012256,15.108355989900716
3012257,0.42700915107142523
3012258,236.8843586753248
3012259,0.0
3012260,4.291610208783463
3012261,3.869815942013252
3012262,40.85025916334217
3012263,0.9867487017041968
3012264,182.61242360744794
3012265,245.8643882567262
3012266,3.8065527511709627
3012267,3.4738166493787763
3012268,193.70515094042437
3012269,69.00909340466428
3012270,2273.993581159762
3012271,1.7219634275191373
3012272,3.0019909266801807
3012273,4.770245352495933
3012274,0.3074100656330082
3012275,3.072458588534458
3012276,2683.1838410118057
3012277,0.003437673869075985
3012278,579.2021575418275
3012279,9.563285521178555
3012280,822.8152085680046
3012281,659.9707447916479
3012282,232.99897676083566
3012283,172.91431982654086
3012284,61.07035609143761
3012285,3561.905598180038
3012286,12.26165352787953
3012287,0.9008359678130932
3012288,20.162937913579594
3012289,13.52169680743999
3012290,0.00023457806473244091
3012291,218.6235372902754
3012292,0.0
3012293,7.48238359014674
3012294,3.475880390132685
3012295,49.342760221370995
3012296,1.1338895066001908
3012297,108.3513086948219
3012298,209.84465971576807
3012299,4.125424665512785
3012300,3.7518641082565423
3012301,177.81967658320866
3012302,58.021213292990424
3012303,1973.786790909722
3012304,1.212354435868483
3012305,4.827390621682216
3012306,8.950187219180908
3012307,0.7182867972536421
3012308,14.087609740849265
3012309,6571.615207397702
3012310,0.05631590240107635
3012311,1073.7236767098525
3012312,38.30225853611382
3012313,1600.8073734431168
3012314,1744.66534395435
3012315,309.1898880897283
3012316,407.4464577141727
3012317,275.61747068145314
3012318,6944.892025101551
3012319,70.27426868843202
3012320,2.198368101088589
3012321,43.29470222296443
3012322,48.04765212450375
3012323,0.23763979128879012
3012324,479.54648705683525
3012325,31.480670848959168
3012326,43.460532253570506
3012327,22.234765926584906
3012328,160.48210036759681
3012329,21.05600608066657
3012330,609.6302009113717
3012331,461.4276527978141
3012332,15.62154098259937
3012333,19.212382027504812
3012334,889.0111410269546
3012335,244.23148289609958
3012336,5914.757251945153
3012337,0.8663986480738842
3012338,67.65571678868668
3012339,2.4461991328411035
3012340,0.2713771118673205
3012341,0.491436463244426
3012342,1324.9436884863653
3012343,0.011337138862123843
3012344,182.1167727728812
3012345,2.9779654002885
3012346,526.8119219965771
3012347,294.4565092828049
3012348,106.39493877920492
3012349,126.24128016716777
3012350,36.797255223554835
3012351,1995.571774738332
3012352,3.356233504918042
3012353,0.1971141581021095
3012354,11.03724877011921
3012355,7.560666504670623
3012356,0.23431913272017643
3012357,187.04357178031103
3012358,0.3288172391653885
3012359,0.0
3012360,2.118671649375404
3012361,22.083567452321567
3012362,0.547938949711229
3012363,54.21258884034675
3012364,81.29493344446088
3012365,1.5979660864433296
3012366,3.4734922790320812
3012367,93.58658504701876
3012368,18.779984069216543
3012369,941.9483445673077
3012370,0.07023580538593034
3012371,3.192042744378901
3012372,6.4412458520473015
3012373,0.1483074139714331
3012374,1.6678262798346837
3012375,3564.840565639032
3012376,0.009787643468905595
3012377,522.1261005098577
3012378,7.021463561543212
3012379,1062.1288219642975
3012380,624.7044625391322
3012381,208.35982840710838
3012382,278.9870469764023
3012383,69.41250751634938
3012384,4107.885722447943
3012385,10.674068629471623
3012386,0.227196711488173
3012387,17.622941999742576
3012388,17.869282208857793
3012389,0.039305168770537496
3012390,234.2265777510149
3012391,0.7959485660522766
3012392,5.482333651329309
3012393,7.529237649751045
3012394,13.948791547528087
3012395,1.1376288735355753
3012396,292.4655020045471
3012397,238.48083496511032
3012398,3.002486137935824
3012399,5.554354048380362
3012400,120.17595652138297
3012401,55.14142790356889
3012402,2165.582159829803
3012403,1.177926960666999
3012404,3.869272375050348
3012405,1.0502918839525264
3012406,0.0
3012407,0.6208702447853818
3012408,917.6470141356253
3012409,0.0
3012410,99.8379236086793
3012411,2.5092950216308236
3012412,521.7545981369108
3012413,142.55120866917323
3012414,82.03706662963563
3012415,151.1266734021814
3012416,13.39521250288795
3012417,1518.2581560359595
3012418,1.1496554465819973
3012419,0.22029368542615624
3012420,6.435064718180408
3012421,2.982354841797907
3012422,0.07176108610947231
3012423,81.25953316926504
3012424,0.0
3012425,0.0
3012426,0.32112093297351263
3012427,15.258133487651117
3012428,0.27502697245226365
3012429,53.48889080958917
3012430,62.07057856108776
3012431,0.34427368462974783
3012432,0.8771419621309752
3012433,44.89821329747092
3012434,8.103928887588587
3012435,301.29123923910936
3012436,0.0
3012437,1.2309678185657011
3012438,5.74713845248212
3012439,0.0
3012440,1.4675351224222377
3012441,1905.9619525620337
3012442,0.005142081173696676
3012443,225.30394834262668
3012444,5.255040320276519
3012445,831.9579434555427
3012446,347.287818594705
3012447,162.92821088858412
3012448,126.52841313570397
3012449,49.41507950994045
3012450,2657.7363915488318
3012451,2.4291075946537872
3012452,0.44399099059426866
3012453,21.250477427893237
3012454,12.016695971950135
3012455,0.11230096887565989
3012456,172.0338800883051
3012457,0.0
3012458,0.0
3012459,9.784362312318843
3012460,18.058821195845873
3012461,1.1339098755541113
3012462,211.31964938197922
3012463,185.18567498933376
3012464,1.2467086449645164
3012465,3.437657897857277
3012466,160.97076448566233
3012467,20.688083359349026
3012468,1795.6204777141063
3012469,0.0
3012470,0.5094366029408547
3012471,2.699967682922143
3012472,0.29885724592400137
3012473,1.5191972684579753
3012474,2063.350035304186
3012475,0.02969392034715217
3012476,598.9460453412983
3012477,6.434900379762639
3012478,727.5467717769203
3012479,528.4893972827305
3012480,194.450842100611
3012481,118.61475945056807
3012482,51.2795421377672
3012483,3313.957557703984
3012484,4.823890217770374
3012485,2.8859629892874237
3012486,22.384079165590816
3012487,33.47543495496808
3012488,0.15261600599339636
3012489,186.71827996578406
3012490,1.5539169981049383
3012491,6.59328729085153
3012492,2.9504310780859533
3012493,26.281504196405013
3012494,1.7042869620039622
3012495,153.9050729487797
3012496,234.75706034569356
3012497,2.1828338641300746
3012498,5.098773864410064
3012499,126.1984862994315
3012500,26.918713866192576
3012501,927.1320095859799
3012502,2.634823602979613
3012503,2.102260787184867
3012504,2.8308541024528924
3012505,0.0
3012506,0.3335925473582554
3012507,1152.180323049884
3012508,0.0
3012509,91.3785447711343
3012510,2.1555438974327767
3012511,377.23974436705254
3012512,146.41084014272
3012513,70.40429413340243
3012514,118.38329194939396
3012515,31.55631967115236
3012516,1692.4839473833333
3012517,4.157354932984295
3012518,0.3178392045402932
3012519,6.46355711895608
3012520,5.653247956182958
3012521,0.1214439579026835
3012522,100.88289756578419
3012523,0.0
3012524,0.0
3012525,0.2392033263664647
3012526,23.747856638563647
3012527,0.5037779607322751
3012528,154.31041326258105
3012529,83.63616807444478
3012530,0.7333337419683181
3012531,0.89227113016839
3012532,45.090589776121
3012533,14.471135527360213
3012534,549.7426342803681
3012535,0.0250322973676246
3012536,0.5535006193498551
3012537,3.5426850792364726
3012538,0.0
3012539,0.6886638821719923
3012540,2962.1765700047417
3012541,0.004504865838658746
3012542,462.214984859206
3012543,6.6204893222048495
3012544,783.9335094953951
3012545,590.2396106219281
3012546,186.96411243964548
3012547,110.66464638561581
3012548,69.81396947257608
3012549,3722.305941931771
3012550,5.429964000120498
3012551,0.2476782019553227
3012552,20.709183728937155
3012553,10.43510458253698
3012554,0.1100228181382616
3012555,183.70846971264228
3012556,0.0
3012557,19.201455562453535
3012558,2.1940588458235255
3012559,49.67779149685838
3012560,0.8629831756121799
3012561,196.0660505129169
3012562,190.4273678663121
3012563,1.9747894442092897
3012564,3.0679183838563606
3012565,112.01853898621228
3012566,37.555140455476504
3012567,2098.549487353781
3012568,0.6234428026821869
3012569,0.7958469412121576
3012570,3.2014708099841047
3012571,0.03523892955254327
3012572,6.594453485090612
3012573,2804.016995638514
3012574,0.048072838053009284
3012575,496.7724880479671
3012576,6.076457332030952
3012577,953.0030392932367
3012578,809.3213756383644
3012579,158.29457715932313
3012580,116.54877161695443
3012581,111.28417364425151
3012582,3691.5113501543237
3012583,46.146081449174595
3012584,1.1612860845010926
3012585,23.923361609458738
3012586,23.787788553596727
3012587,0.2823730073616349
3012588,249.35050974995576
3012589,19.298746741213503
3012590,18.545782815935624
3012591,1.2209814853022445
3012592,95.13348756360146
3012593,8.024382412164025
3012594,202.14599152437393
3012595,236.56813110673383
3012596,10.332609451924782
3012597,11.16623759115856
3012598,225.79610106643474
3012599,62.92555105019307
3012600,2196.484616334514
3012601,0.03037527484771108
3012602,10.256678952605089
3012603,4.232850365179005
3012604,0.004650169614009934
3012605,6.733061385742105
3012606,1979.6925893252273
3012607,0.012416341209314768
3012608,354.7470708953559
3012609,9.153111769846502
3012610,792.2712461032627
3012611,644.0561817222163
3012612,133.05344326791868
3012613,75.04741544902168
3012614,84.29342507202522
3012615,3031.1619831206795
3012616,22.1191768024861
3012617,0.8644535474695755
3012618,28.29910057313493
3012619,42.136923770151355
3012620,0.008674584706381574
3012621,250.82526544407966
3012622,17.079704897289986
3012623,11.882830897077199
3012624,6.460901853876402
3012625,71.83134812426091
3012626,9.205110650390138
3012627,124.98999567799075
3012628,312.5507090919428
3012629,5.692575078223025
3012630,7.960959810854949
3012631,103.49144274873464
3012632,70.32269716356126
3012633,1546.5845642220063
3012634,1.2641650507248394
3012635,11.161157042416335
3012636,6.811599251570956
3012637,0.15968917748115016
3012638,2.541304497406029
3012639,3831.3537668939675
3012640,0.01728581030837169
3012641,626.908603421548
3012642,4.715252396123544
3012643,1477.498595289671
3012644,614.3507861774561
3012645,186.12471430448107
3012646,319.6141031891181
3012647,59.3216625704217
3012648,4676.265623493169
3012649,23.021685112629836
3012650,1.2642723300885075
3012651,18.79144317848377
3012652,15.040646534805981
3012653,0.1023670285215887
3012654,357.1391698577091
3012655,3.9551974597746344
3012656,12.11428089708396
3012657,5.139365867748591
3012658,36.039166640172105
3012659,2.665969522724755
3012660,148.26510810346358
3012661,286.5506490897086
3012662,5.144974046088018
3012663,7.726212635411013
3012664,179.40341944719603
3012665,52.21388046212196
3012666,2409.5455425299256
3012667,8.896987924604167
3012668,11.1651548178319
3012669,3.116441395757242
3012670,0.2685819586117766
3012671,4.313000727529884
3012672,2207.584901509383
3012673,0.01712913467078964
3012674,324.99538771825894
3012675,5.701097623160118
3012676,687.2495265596297
3012677,692.8557885484458
3012678,168.97650883642837
3012679,117.97625552889572
3012680,73.65909522781546
3012681,3045.6163404030967
3012682,18.87617329913262
3012683,1.0462675673111306
3012684,10.25641661653339
3012685,9.073745934286842
3012686,0.09347126339598635
3012687,215.60015480407557
3012688,15.214911434131224
3012689,13.737311433377457
3012690,1.5047632895692264
3012691,64.26059288911027
3012692,5.451510526432918
3012693,311.4304344538302
3012694,204.58060549957503
3012695,4.948330400873694
3012696,6.772284434476424
3012697,335.4393009363816
3012698,51.77823039721639
3012699,1797.6388670914073
3012700,0.018327306007433333
3012701,19.166044025722563
3012702,2.9856725784319007
3012703,0.13385035145216756
3012704,1.6984830000428897
3012705,3382.7307435449256
3012706,0.01491213704315698
3012707,424.34523184239924
3012708,6.70833635508868
3012709,1523.944116078472
3012710,561.4151440897729
3012711,250.9705642197933
3012712,158.24568369576517
3012713,57.70980840760304
3012714,4912.320778141905
3012715,8.225780111753512
3012716,1.6139053324715043
3012717,24.348026601624333
3012718,18.89476285981962
3012719,0.199102545487325
3012720,459.4155064832531
3012721,0.00029385123509606146
3012722,0.11320856246087053
3012723,6.548738561199181
3012724,22.546995923964996
3012725,1.5002161190451297
3012726,118.04254201636776
3012727,257.3793020301743
3012728,2.3484280376797178
3012729,8.447894275026139
3012730,177.61287733672546
3012731,52.28995912774865
3012732,1919.8753203254735
3012733,0.0
3012734,3.7413131304118465
3012735,5.449096763617804
3012736,0.00852579101048663
3012737,6.808082930518785
3012738,2213.451187394953
3012739,0.01764810089162788
3012740,423.2481157533588
3012741,7.569719716271393
3012742,916.0783210188051
3012743,616.9378169425095
3012744,204.1772159364956
3012745,104.43964190654758
3012746,101.83192023111025
3012747,3190.9983099962833
3012748,30.048880832350285
3012749,1.0427016632713586
3012750,18.55892921238138
3012751,25.37544498582467
3012752,0.0651351260115318
3012753,222.66667605093767
3012754,13.06422774765059
3012755,12.99120038479109
3012756,7.14238713504966
3012757,71.0088163947278
3012758,8.984196185500874
3012759,176.29139784965471
3012760,466.3191655999627
3012761,9.548265159637468
3012762,8.016530605400334
3012763,181.52573884161023
3012764,48.20662703375685
3012765,1742.9250241212346
3012766,0.37143293166569913
3012767,5.04710222896169
3012768,2.7746368096070455
3012769,0.011140273103659375
3012770,4.333353379691353
3012771,2441.9293928428333
3012772,0.03114713985569673
3012773,406.6674471088366
3012774,7.185432733135551
3012775,657.2034023555046
3012776,788.1833669227457
3012777,159.32797684960536
3012778,114.95358637490983
3012779,113.52108439789905
3012780,2797.3191965371398
3012781,26.448693541569646
3012782,0.8150150257361453
3012783,19.674773777042763
3012784,17.61437082235751
3012785,0.018005671428028294
3012786,183.04646475968235
3012787,11.558567081355962
3012788,25.67418867228292
3012789,2.9921668856091
3012790,58.54780690538695
3012791,7.6957319345441455
3012792,191.77150805420862
3012793,194.05741785918295
3012794,6.906645200196846
3012795,7.149935933418351
3012796,201.71139700680544
3012797,53.78692761102195
3012798,2042.0884445005272
3012799,0.14375030368438604
3012800,11.189927213353549
3012801,4.332106143988462
3012802,0.10014208121481001
3012803,2.145613061198518
3012804,4470.012821127308
3012805,0.0
3012806,518.2955808819497
3012807,10.059160551094875
3012808,997.2639705392359
3012809,607.6779177094895
3012810,238.75485200680643
3012811,142.75292397275877
3012812,40.44201485393169
3012813,4152.579904269126
3012814,5.42946881311752
3012815,0.13337761136768278
3012816,13.121388313083711
3012817,12.674022563825098
3012818,0.10509866946012988
3012819,203.0813912427729
3012820,0.0
3012821,8.347311386262593
3012822,0.8759355957464389
3012823,44.142378592788845
3012824,2.4073392240912876
3012825,152.17878667244804
3012826,217.38712854408152
3012827,2.356230270026685
3012828,1.8499284947225938
3012829,177.5186294803068
3012830,100.81928790735394
3012831,1668.2917931832335
3012832,1.2083632134423807
3012833,0.6426187339730264
3012834,10.692420423235736
3012835,0.01682579489610525
3012836,13.938187747594744
3012837,6909.076512352648
3012838,0.03566511591246378
3012839,1341.5896671163396
3012840,21.679592540497048
3012841,2235.968321347038
3012842,1980.5133744739856
3012843,460.1700546381693
3012844,460.5468975945434
3012845,362.6249384452378
3012846,8113.595131375716
3012847,77.40681836647553
3012848,3.154835786235795
3012849,94.97214883368038
3012850,106.49598144184434
3012851,0.24391983465281508
3012852,611.6274076333817
3012853,29.541956598294135
3012854,18.30863398711558
3012855,43.11626474014025
3012856,224.92864683341003
3012857,21.15477487806558
3012858,690.2528334635113
3012859,494.44086391696953
3012860,31.20559805940347
3012861,30.431544679663507
3012862,883.9716371860799
3012863,287.0594426909895
3012864,6358.4093709591725
3012865,388.1900420373705
3012866,76.3011856866913
3012867,12.772769277768338
3012868,0.0039006876739501473
3012869,12.463993120060445
3012870,6744.237099677284
3012871,0.07354148711930476
3012872,992.7972613130823
3012873,19.920933699785632
3012874,2098.091862044636
3012875,1773.3968337315346
3012876,555.2091532614286
3012877,306.35932632533695
3012878,230.6016866503012
3012879,8420.867592066294
3012880,114.44923480467521
3012881,1.2506378605810256
3012882,42.959230408873275
3012883,65.94919374162185
3012884,0.6153642773953474
3012885,544.1294994503039
3012886,22.113291623742143
3012887,25.07845192122508
3012888,9.073123893101705
3012889,153.9817593317484
3012890,15.89986190620306
3012891,919.2914233713748
3012892,585.2663364398043
3012893,19.07788856844058
3012894,22.90781739813174
3012895,952.1678004449537
3012896,211.98547526773152
3012897,4538.900480323747
3012898,172.427330486795
3012899,68.7420411985536
3012900,9.34572378588868
3012901,0.0
3012902,15.490244526896156
3012903,4568.121192644016
3012904,0.11731595593630843
3012905,758.631711931652
3012906,11.635517372262946
3012907,1792.8317806691812
3012908,1279.5898107105247
3012909,652.083580752269
3012910,114.65456940075096
3012911,174.67798212735195
3012912,7447.808025921315
3012913,40.71698392747429
3012914,2.034026547230151
3012915,28.00277024276296
3012916,23.449868354574257
3012917,0.279151105570821
3012918,505.9074587180203
3012919,25.439419185508182
3012920,16.67852241588094
3012921,7.58522934546153
3012922,97.89157814251952
3012923,7.211852037539872
3012924,801.5068247683835
3012925,578.8863663383923
3012926,17.538418492884965
3012927,31.698379889083984
3012928,664.7491725797136
3012929,119.2506720509086
3012930,2123.5335901875196
3012931,353.97023637626006
3012932,35.12615183740175
3012933,12.966178493805842
3012934,0.00686372912716685
3012935,17.216404474978557
3012936,6684.125148409078
3012937,0.07603019403566413
3012938,993.2331894015745
3012939,16.511227632740887
3012940,1841.104745285868
3012941,1682.2036804214588
3012942,526.2634113435776
3012943,278.0044154860634
3012944,207.26238569330033
3012945,8118.458427021558
3012946,42.97755164377813
3012947,1.2887579759522072
3012948,42.994638474961455
3012949,63.33941921086971
3012950,0.5103961542719847
3012951,529.7923063213833
3012952,28.212840844931165
3012953,19.65212647265966
3012954,12.395680701200927
3012955,169.5211273747872
3012956,11.05488998002746
3012957,695.3563032444792
3012958,593.1257017584235
3012959,16.947806114395263
3012960,25.130958040938626
3012961,921.853739178386
3012962,199.06699689122067
3012963,4225.162273897529
3012964,390.9301836575983
3012965,55.553209226488306
3012966,9.177528644944964
3012967,0.0
3012968,16.146830391529033
3012969,3679.6762237093253
3012970,0.0
3012971,631.4002606486598
3012972,12.604136862584532
3012973,1628.5777401519078
3012974,950.8008686190152
3012975,470.11012260501167
3012976,85.79285347981235
3012977,134.0356175475464
3012978,5895.407354155995
3012979,39.47916474303403
3012980,0.3258617031187136
3012981,24.293746856302203
3012982,40.76599496846788
3012983,0.10183591110758193
3012984,460.5305942914559
3012985,19.188636097552294
3012986,7.768349878894571
3012987,5.908345168790505
3012988,84.74201360673882
3012989,4.572714955246493
3012990,667.8228402906204
3012991,558.592831566409
3012992,12.91316848280243
3012993,19.162177882392676
3012994,569.764772079718
3012995,85.43485161327374
3012996,1523.2559472032592
3012997,357.980830459861
3012998,17.2608276164252
3012999,9.750578116550525
3013000,0.020170577334874918
3013001,11.336967266839896
3013002,5539.1995028164965
3013003,0.04076265558200188
3013004,979.9579777083983
3013005,21.949270712611106
3013006,1471.7742686389483
3013007,1783.4323725314048
3013008,366.82960787607664
3013009,400.42620061150654
3013010,237.84081386079632
3013011,6850.034181378187
3013012,66.29458590966007
3013013,1.2439342059000151
3013014,44.539678283625236
3013015,50.90820202048314
3013016,0.35785366160086785
3013017,442.5878038360728
3013018,14.718907032024628
3013019,21.974940666664274
3013020,10.777749808230688
3013021,174.3635284881079
3013022,14.320627510018927
3013023,640.5203130105122
3013024,448.38735203681995
3013025,15.867458415561488
3013026,26.379388228375195
3013027,810.6604931901184
3013028,208.70109921354708
3013029,5587.832032209609
3013030,462.1662669417784
3013031,63.36232467198409
3013032,4.828529295014651
3013033,0.2988565713105061
3013034,6.546182196385505
3013035,1559.3854885683957
3013036,0.037090938565575056
3013037,308.65947091199655
3013038,20.50075916327889
3013039,751.1778702356727
3013040,469.20697416316125
3013041,201.64586731724168
3013042,74.12035446816247
3013043,73.84785780430313
3013044,2485.958861456334
3013045,42.55819322099543
3013046,0.8892486975788239
3013047,22.366886644989133
3013048,19.450544934086096
3013049,0.15220657479133923
3013050,201.23967139135326
3013051,10.003996650411963
3013052,6.038275546745902
3013053,8.718485303094734
3013054,44.93340318700283
3013055,6.1361831564360525
3013056,223.20305562572835
3013057,258.8622557343025
3013058,3.033982420584591
3013059,5.946294499624139
3013060,213.92464396734917
3013061,54.21070905020224
3013062,1358.9957786765526
3013063,0.5786520445707137
3013064,7.729832387079293
3013065,7.993173055193136
3013066,0.0018637018753290431
3013067,11.568647108781018
3013068,3829.9994297817416
3013069,0.06671437163669647
3013070,486.0214848883287
3013071,24.544007746081483
3013072,1470.7144566420286
3013073,1010.9716139033604
3013074,399.1433556612967
3013075,87.05792995175594
3013076,113.07776848359372
3013077,6356.900457716072
3013078,72.8529416670808
3013079,0.9909887184118599
3013080,40.742820558294106
3013081,28.289695079164463
3013082,0.1647146907834603
3013083,418.9266490544345
3013084,17.07793870280346
3013085,5.751706249663307
3013086,2.669113887384322
3013087,97.71158985369557
3013088,6.894530724242644
3013089,480.1354590797546
3013090,453.62393339578114
3013091,9.455515681675834
3013092,19.905839477273418
3013093,363.96923857050217
3013094,72.85910587188421
3013095,1742.2304630026383
3013096,415.8323024788997
3013097,14.426108378072612
3013098,5.921789596106611
3013099,0.011856701667696711
3013100,4.055900881120122
3013101,4224.469935402363
3013102,0.0293531134174981
3013103,778.7159311805225
3013104,7.24025952237723
3013105,1235.9103913570443
3013106,1391.0220349652482
3013107,217.02392288286222
3013108,292.47015414942075
3013109,216.02034816253476
3013110,4701.916777091908
3013111,37.98099283172034
3013112,1.3539817393654032
3013113,28.92298464113268
3013114,33.764991565953565
3013115,0.25556398320112517
3013116,316.8499815033766
3013117,1.9449616445813915
3013118,30.58359612658114
3013119,4.09724376885677
3013120,116.78724970159466
3013121,8.462867509039324
3013122,512.860453393987
3013123,281.60564739486296
3013124,16.85286791814223
3013125,7.966688201938366
3013126,658.609294799923
3013127,112.26874978303954
3013128,4526.902551590932
3013129,2.6259239160181274
3013130,37.01750449341262
3013131,8.270403859894587
3013132,0.0
3013133,8.797010763151263
3013134,3582.0215684768064
3013135,0.002087717486601559
3013136,730.9599327593446
3013137,8.537690247987452
3013138,1260.1822023151265
3013139,947.6135332652138
3013140,310.62537716950914
3013141,146.04890435504836
3013142,177.78448330194593
3013143,4346.71382625082
3013144,38.85383209883693
3013145,2.1585216185992713
3013146,28.146380037795673
3013147,42.51510516511387
3013148,0.17546378651743022
3013149,306.2967953437965
3013150,5.590993827509297
3013151,29.635064596941184
3013152,6.563744798965455
3013153,170.20299439860415
3013154,6.917114665623
3013155,336.5978876547273
3013156,279.15832870132306
3013157,11.064959992264177
3013158,18.197483754530086
3013159,344.7316681098995
3013160,97.85541312375122
3013161,2447.124255488218
3013162,3.7334658238619314
3013163,7.89287333535376
3013164,8.201813352518663
3013165,0.32511834873160783
3013166,3.1894173308129905
3013167,1518.867127579022
3013168,0.33484621202681164
3013169,316.6421907947654
3013170,7.344457071557373
3013171,656.9752966982248
3013172,414.81242797722405
3013173,166.54247137706363
3013174,55.248802179571626
3013175,74.03806269886476
3013176,1948.1838658342472
3013177,15.210710973490917
3013178,1.8793934947080189
3013179,23.45722759677171
3013180,22.426149206271806
3013181,0.4540080667301775
3013182,153.22923058131954
3013183,5.126165119947182
3013184,11.012730223492428
3013185,7.101384470562701
3013186,46.09622431225779
3013187,4.263384392184557
3013188,150.1654708620001
3013189,169.97649794893783
3013190,5.0015721833347255
3013191,6.540529731087419
3013192,113.48632432939016
3013193,51.08109882670844
3013194,1038.3154670168417
3013195,0.5202997582853806
3013196,3.631294289845715
3013197,6.498444865880783
3013198,0.32511834873160783
3013199,4.402059284372694
3013200,2218.30570262585
3013201,0.33484621202681164
3013202,183.86090822655385
3013203,4.387157840510597
3013204,680.4692291092572
3013205,194.6631423471115
3013206,167.7713102682808
3013207,48.81328775576387
3013208,25.996692235842126
3013209,2213.5120155145664
3013210,9.96844770098356
3013211,1.2671144587701901
3013212,17.76872064082065
3013213,8.87161010814313
3013214,0.37609791180270324
3013215,192.74436200819804
3013216,0.3102723110849289
3013217,0.286726043619588
3013218,4.147461115238851
3013219,20.81294807587256
3013220,1.4558090386366571
3013221,41.71214791213726
3013222,130.00242498825796
3013223,0.5524846949205677
3013224,2.3897508218265773
3013225,45.11486757479733
3013226,56.1271599435827
3013227,662.1688043830642
3013228,0.2668648663562341
3013229,2.7749693171963985
3013230,4.9610542719390605
3013231,0.03883612260697687
3013232,5.780726120223392
3013233,2990.3861861249707
3013234,0.012093922656770732
3013235,494.9281756678463
3013236,9.286624334571819
3013237,1239.686471468999
3013238,853.0864386782504
3013239,321.9797520791816
3013240,136.02850385436253
3013241,130.74054538310958
3013242,4149.115156022711
3013243,29.00004106580783
3013244,0.784405077374588
3013245,20.245911912840963
3013246,45.314101688449874
3013247,0.009663729107502734
3013248,292.7862886689518
3013249,17.309386183551716
3013250,11.403429711055626
3013251,9.889533201298438
3013252,58.13154327362223
3013253,5.585711036491083
3013254,400.6036279687392
3013255,276.2266064002979
3013256,7.746056280913844
3013257,10.868310899168668
3013258,462.0325216372836
3013259,75.34278923865396
3013260,1966.8269967212414
3013261,0.0
3013262,28.221817575124277
3013263,3.958445362952679
3013264,0.15175148649299924
3013265,5.833813134240728
3013266,3424.1759392545046
3013267,0.1812980334326122
3013268,636.4045233616275
3013269,16.31123955113486
3013270,941.7374527331226
3013271,1165.034242206491
3013272,187.37745972574268
3013273,249.79068669890972
3013274,203.7220152150399
3013275,3620.7557569489263
3013276,33.73952685090688
3013277,1.959477102585175
3013278,24.186341485958806
3013279,29.103266260790413
3013280,0.588303777035276
3013281,221.55040273234258
3013282,10.834087910327101
3013283,33.87033712492903
3013284,7.455158044434277
3013285,123.25860265859194
3013286,10.90010846373091
3013287,423.32546608857933
3013288,246.83133499248
3013289,6.196905334999585
3013290,12.175549957560513
3013291,577.6173616259006
3013292,127.79216349299605
3013293,4337.450036146683
3013294,0.253147825841044
3013295,33.824044494369424
3013296,3.4911481661586277
3013297,0.430298965646218
3013298,10.897891626451408
3013299,3914.934746564993
3013300,0.037793019510621306
3013301,737.228145579696
3013302,16.158035280764746
3013303,1027.9458494109917
3013304,1173.4878494053614
3013305,238.7537789292075
3013306,259.0368337854353
3013307,132.05619694802917
3013308,4348.604745310041
3013309,30.96367114133188
3013310,2.7033467372414406
3013311,34.02144698734099
3013312,47.73866482442358
3013313,0.03699733954542435
3013314,280.96208317039566
3013315,22.951318735433713
3013316,25.431957305417633
3013317,21.62283126125052
3013318,120.91531884481545
3013319,14.722852346448315
3013320,349.8007963256031
3013321,286.77444012587824
3013322,14.74805721204726
3013323,17.38682650424838
3013324,487.2036988557316
3013325,125.73451689569183
3013326,3544.408071877095
3013327,0.6623787661341112
3013328,30.17399414282114
3013329,10.528184437875495
3013330,0.22285073563541738
3013331,6.244171598146078
3013332,3251.4937426575752
3013333,0.010707377580673747
3013334,451.22802891928086
3013335,10.678510732904604
3013336,1367.6004680271503
3013337,726.6561741400194
3013338,427.9987058668723
3013339,163.49268238938458
3013340,78.33014305271831
3013341,5674.043889747384
3013342,8.392607548621337
3013343,0.9281418120723777
3013344,35.555563928035184
3013345,27.788818295023233
3013346,0.00706198630639051
3013347,341.49781317322726
3013348,9.571273652470031
3013349,5.965071253698932
3013350,6.51498871348973
3013351,44.061010016287604
3013352,2.5140706253953495
3013353,309.568987770471
3013354,380.4928244077085
3013355,5.4896242466503224
3013356,6.278559000072341
3013357,340.08729835779417
3013358,81.98843268918422
3013359,2090.1825792179607
3013360,95.1209917754877
3013361,12.21045491060504
3013362,3.7413598297956514
3013363,0.05819799601839624
3013364,3.5772218933993822
3013365,2013.5099981663589
3013366,0.11367801024781966
3013367,356.9379608953987
3013368,10.51861340915967
3013369,618.659173095157
3013370,690.5651199387381
3013371,137.48748874271456
3013372,125.40447953331655
3013373,117.48895392915767
3013374,2527.4850070345933
3013375,17.259014832993955
3013376,1.3228055569678423
3013377,15.980323565350721
3013378,21.939213643161885
3013379,0.35828308462120223
3013380,180.37213856028623
3013381,11.399400580532172
3013382,20.52672036024003
3013383,5.137218855773782
3013384,98.65137730703411
3013385,5.083740464320157
3013386,255.96999828916427
3013387,160.69780725752807
3013388,3.598352443055898
3013389,7.21181564145178
3013390,294.17933936815444
3013391,62.897275025082884
3013392,3418.7319376190776
3013393,0.044318434813902796
3013394,20.97003899683745
3013395,0.9810728671975066
3013396,0.0
3013397,1.2529236108559898
3013398,956.0858081488224
3013399,0.0
3013400,84.49007935297203
3013401,2.9086793355194662
3013402,583.1628988175656
3013403,279.5619686877296
3013404,194.53712161288655
3013405,36.62514315783804
3013406,23.863149399921912
3013407,2023.099777258603
3013408,3.398377058523354
3013409,0.32925789526989435
3013410,6.293586731287829
3013411,5.999046704459968
3013412,0.014565129979944837
3013413,129.3715362770741
3013414,2.1636025674880854
3013415,0.0
3013416,0.9848373537838107
3013417,9.629669984918321
3013418,0.26783387864579317
3013419,138.29866621644555
3013420,140.75331295519024
3013421,0.6229017223945393
3013422,2.7413923263036915
3013423,119.78157691754902
3013424,20.535317785499146
3013425,208.72261963826244
3013426,2.1762052849961013
3013427,0.9928538564576188
3013428,5.15898971414304
3013429,0.2135253266926195
3013430,4.225597956056169
3013431,3752.06042180407
3013432,0.011093172829800817
3013433,568.8976122106714
3013434,10.051549220725374
3013435,1463.3152736367272
3013436,614.7969758889604
3013437,413.77876338925904
3013438,191.1856138472556
3013439,66.31453082292408
3013440,6032.831770469604
3013441,24.536441083455266
3013442,0.4622432176153777
3013443,19.96332851258021
3013444,16.31382503539243
3013445,0.12668622806028493
3013446,381.6246325727086
3013447,9.898526666904056
3013448,1.1991261605250607
3013449,7.027262396164716
3013450,29.090015021024133
3013451,1.7406323281090499
3013452,579.1989590608291
3013453,305.1967384830277
3013454,1.8626448591802323
3013455,11.723621629193742
3013456,326.2858194562082
3013457,87.08291311682505
3013458,1110.5744244110324
3013459,36.30401896073582
3013460,7.0296130962413095
3013461,4.3413442556230715
3013462,0.00569972045579859
3013463,0.6564505698935126
3013464,1292.996248748296
3013465,0.010690521705514875
3013466,168.9033462619565
3013467,8.902404506903675
3013468,768.4530812301598
3013469,426.72175593055226
3013470,194.40755205135514
3013471,52.60834670848056
3013472,32.23048765978954
3013473,2594.1740179212006
3013474,6.752401915179156
3013475,0.28195867973298167
3013476,9.948630325027146
3013477,13.922804886108848
3013478,0.19357651271098644
3013479,153.18312302298557
3013480,3.879084801460225
3013481,0.006406270341583549
3013482,9.202122192049789
3013483,29.414569024262356
3013484,1.0838456526259228
3013485,151.88774989632782
3013486,151.5748138924445
3013487,1.0628519914231367
3013488,5.016882671722279
3013489,125.84155075033104
3013490,27.16212283781191
3013491,318.54897752497465
3013492,9.127524337226662
3013493,2.4914486813111902
3013494,3.6475406915949486
3013495,0.0
3013496,3.146678217476505
3013497,1110.530746029372
3013498,0.0
3013499,110.56060832987282
3013500,5.0013649929334765
3013501,645.3924833526125
3013502,274.585240979526
3013503,134.61210876335238
3013504,38.99827842951719
3013505,23.883624791845385
3013506,2228.3855229765613
3013507,8.844231294321082
3013508,0.10492951305905383
3013509,10.399138838298661
3013510,6.53921842462578
3013511,0.04415497973125529
3013512,124.32272346256796
3013513,1.0497144643529632
3013514,0.0
3013515,1.6799927731528455
3013516,27.334448825676834
3013517,0.659603790475884
3013518,136.70075895406669
3013519,148.7905773294997
3013520,0.40836146385541017
3013521,3.8615306829479135
3013522,73.698062041088
3013523,19.066036989370396
3013524,154.22377559147537
3013525,13.285466859497573
3013526,0.9180984085731767
3013527,3.0522869027907626
3013528,0.0
3013529,1.0990451195439443
3013530,1309.7995014754342
3013531,0.0024856498071546807
3013532,150.34793247462488
3013533,6.361268244225494
3013534,925.1545016615233
3013535,366.79744686357134
3013536,213.47830937091192
3013537,32.021825052546134
3013538,32.11329151166845
3013539,2272.9701361988036
3013540,5.673822848232659
3013541,0.24832860942631263
3013542,7.695416567325935
3013543,17.38540101749984
3013544,0.1141059756606145
3013545,167.58560639567847
3013546,0.6501201482268558
3013547,0.0
3013548,1.9779279262974152
3013549,14.453099530929684
3013550,1.3804355753388213
3013551,176.06006479665857
3013552,231.85355840354148
3013553,0.8439502323013701
3013554,3.6349930615919943
3013555,72.42189332667301
3013556,76.61026463952427
3013557,321.69316399888993
3013558,6.277827853728137
3013559,2.959715210381855
3013560,2.8269379098274214
3013561,0.5933830494379023
3013562,2.2954433368230567
3013563,1505.2565368674389
3013564,0.02143636326226805
3013565,133.99186725647098
3013566,2.5993574848791288
3013567,765.6606788004514
3013568,373.70925969293984
3013569,226.75906563866977
3013570,82.99768177281294
3013571,57.2469971195897
3013572,2379.564497846007
3013573,6.632403799198615
3013574,0.8331159021341704
3013575,12.164507777639065
3013576,15.876016922517504
3013577,0.1776547614283849
3013578,190.31834272445616
3013579,6.07501243844005
3013580,0.01816943068900763
3013581,2.8469136546745317
3013582,26.845190093305202
3013583,1.387263956298904
3013584,117.59619154540984
3013585,159.44190402449212
3013586,0.7878405528972129
3013587,3.898713331152325
3013588,102.5965909256142
3013589,39.23606324042723
3013590,547.1704603914123
3013591,10.980184996146129
3013592,3.610129601349216
3013593,3.3536517825935364
3013594,0.1613497172483608
3013595,0.794412370419407
3013596,1361.628085947234
3013597,0.0
3013598,133.55054351612347
3013599,3.966435206031972
3013600,733.2160295712015
3013601,315.2440962199927
3013602,152.1566425505261
3013603,114.76355111101655
3013604,26.652543616560553
3013605,2519.984150355671
3013606,3.316375612841768
3013607,0.2100225371873236
3013608,8.519307751928984
3013609,10.084723187342663
3013610,0.16584647111085687
3013611,145.8838959373666
3013612,0.0
3013613,0.0
3013614,1.5702781774178034
3013615,19.89720980513731
3013616,1.002193750831228
3013617,45.8063343068205
3013618,127.50698168416004
3013619,0.7203912505690566
3013620,1.9179480344594086
3013621,56.76273845419094
3013622,29.635354679810433
3013623,476.58007758400214
3013624,0.0
3013625,0.7290245470301768
3013626,6.066714220913001
3013627,0.39286453739178706
3013628,2.762877581224391
3013629,2292.0732246126126
3013630,0.00018826938851435133
3013631,271.9582767602661
3013632,4.673834045494243
3013633,870.0193818290738
3013634,806.1311354288238
3013635,368.8150266318595
3013636,152.8604295946428
3013637,74.7109627264309
3013638,3861.5943018595985
3013639,10.901830102740993
3013640,1.0165211098789098
3013641,16.19029604110307
3013642,22.178681965456786
3013643,0.1713374046910221
3013644,231.7450206152237
3013645,0.34981033858399546
3013646,0.0
3013647,9.098080734250333
3013648,28.437875892232764
3013649,2.554093267138421
3013650,207.84726558687626
3013651,229.58115275283978
3013652,1.5535956074884048
3013653,6.562094416264878
3013654,293.23746184945554
3013655,51.81431940429307
3013656,1090.844699632114
3013657,13.634843892677619
3013658,9.126711174360615
3013659,2.1808643059814523
3013660,0.11404602472693583
3013661,3.636953742191882
3013662,1531.51997863988
3013663,0.0
3013664,293.3928309883703
3013665,4.883892116366186
3013666,394.26820684546516
3013667,635.9713278365847
3013668,149.3662531525344
3013669,96.20401590312028
3013670,19.33337885986338
3013671,2049.002900752231
3013672,5.95857825998017
3013673,0.6348200585156916
3013674,10.075793335302015
3013675,8.905564364590884
3013676,0.09449641511425254
3013677,127.24935318892346
3013678,5.1848602995365445
3013679,2.1062449565737915
3013680,8.76011870989381
3013681,36.216322845134655
3013682,1.331180337145001
3013683,31.530627672773743
3013684,101.29505818447316
3013685,2.34039829173081
3013686,4.088223534580743
3013687,41.31663916995413
3013688,23.445904728609168
3013689,915.7176424812556
3013690,49.27351091507113
3013691,6.032092988484033
3013692,4.604315419405155
3013693,0.399664172682852
3013694,3.089770381043403
3013695,2097.2627573522705
3013696,0.0032996347064306627
3013697,156.16420127570902
3013698,4.7731164324295925
3013699,740.2929788004079
3013700,360.11611225712335
3013701,244.57133345814347
3013702,46.88842876980025
3013703,31.858432963121945
3013704,3048.5817958446564
3013705,25.72946987710168
3013706,0.9431630161776516
3013707,10.168001672350286
3013708,12.752742060268913
3013709,0.11480115026608233
3013710,150.5431574753689
3013711,5.411529023628531
3013712,0.0
3013713,2.8027183187844367
3013714,25.48910955968303
3013715,1.6470132203787773
3013716,114.29899374561633
3013717,149.17232408820772
3013718,0.9904708823919698
3013719,3.777267106469157
3013720,96.98606672796684
3013721,22.19893899198679
3013722,331.68049917421985
3013723,2.8409186127893364
3013724,3.0385585792325505
3013725,5.292130101767295
3013726,0.011701748016943373
3013727,6.70788756075144
3013728,2833.7312902122317
3013729,0.028669223308860955
3013730,583.7780393539239
3013731,8.730792901867495
3013732,791.6564425798266
3013733,771.088231843134
3013734,210.02874775928112
3013735,146.6120418091822
3013736,94.56463542446541
3013737,3340.1022835144904
3013738,31.984974108541895
3013739,1.083853096086343
3013740,14.754762853498057
3013741,24.71512534039516
3013742,0.14432042350176533
3013743,220.09180533166528
3013744,16.149111357428644
3013745,17.218975758500708
3013746,4.819489612515311
3013747,62.50102329919014
3013748,7.09437838566757
3013749,412.09010326558496
3013750,239.8978141266596
3013751,7.060857536071453
3013752,6.604135952993859
3013753,412.02660754761723
3013754,105.06543031387146
3013755,3133.3215996401264
3013756,0.004083616405624022
3013757,25.987426083510773
3013758,5.075126635410042
3013759,0.016863431498052167
3013760,3.457673832222523
3013761,2786.9301546069605
3013762,0.0
3013763,393.5449050845417
3013764,5.565629158958141
3013765,1281.728445394905
3013766,811.4481291247384
3013767,467.9216525873472
3013768,68.94437411549563
3013769,59.18583492699194
3013770,4229.55125495564
3013771,9.15040912021676
3013772,0.3160655757554377
3013773,17.568248880293847
3013774,12.193384222621933
3013775,0.0
3013776,233.96994409304895
3013777,1.4218800709573172
3013778,3.824588233363848
3013779,2.4965210768203936
3013780,34.9556684929803
3013781,0.9445722296504497
3013782,256.03417171816733
3013783,264.83896846904736
3013784,2.801666910562701
3013785,4.462668325519298
3013786,229.13165419674257
3013787,52.43466365926581
3013788,784.3818612760138
3013789,58.08863710157269
3013790,9.244827025668108
3013791,7.5841975263357995
3013792,0.25266843676158945
3013793,2.6514088528220405
3013794,2409.810476895078
3013795,0.0
3013796,385.967863158174
3013797,4.511805935689511
3013798,1122.565748485163
3013799,674.7037967080831
3013800,257.2535562797261
3013801,162.01629943432428
3013802,70.1633288719959
3013803,3626.208481947505
3013804,11.597856447200076
3013805,0.3639515060776447
3013806,22.199032505320446
3013807,25.35456538682206
3013808,0.12384900350985299
3013809,231.50967486005496
3013810,2.3108871438446856
3013811,1.8652210235210922
3013812,6.887214379639767
3013813,61.448576068694685
3013814,1.1944557174291242
3013815,90.66420991873032
3013816,224.3678483513303
3013817,1.8878698883374818
3013818,3.918403955816789
3013819,130.56940739052223
3013820,113.51708664565513
3013821,1000.2177056806554
3013822,0.30994514086321473
3013823,4.627340717364478
3013824,3.68440799347394
3013825,0.17780373717660186
3013826,1.3467169135413202
3013827,1277.6092707162877
3013828,0.004843090592640035
3013829,112.82540801956412
3013830,6.003784834053525
3013831,533.5727576092002
3013832,319.33035603646
3013833,129.67401505903683
3013834,41.53905323258832
3013835,40.589453471694924
3013836,2420.2203375691947
3013837,7.606748347831794
3013838,0.5272814234963015
3013839,17.508503567278208
3013840,13.476095490977203
3013841,0.004385986271790905
3013842,134.09848331344537
3013843,0.36941803182657834
3013844,0.00016487171736271307
3013845,3.4652120155870167
3013846,54.589111410127956
3013847,1.7690354349875461
3013848,94.57912874545528
3013849,133.91497865902272
3013850,0.9586165576276745
3013851,4.327478155728529
3013852,136.4841876791636
3013853,24.765554417963042
3013854,387.3068752006693
3013855,4.064536706149498
3013856,1.5060120767905514
3013857,1.3723525744282696
3013858,0.004992038753706725
3013859,3.088559394437522
3013860,1381.734320093356
3013861,0.10225344037373023
3013862,283.72044395943965
3013863,8.283429809044867
3013864,498.3505568934584
3013865,482.1287602037706
3013866,122.77566394929832
3013867,39.76751204088541
3013868,57.96980448278798
3013869,2163.583647082526
3013870,20.667592010315108
3013871,0.35395322123128226
3013872,9.375007137301907
3013873,13.617948448921101
3013874,0.1962187074152232
3013875,126.37386525134652
3013876,9.629471660159316
3013877,1.4454713407858206
3013878,2.038436562588859
3013879,45.5939739712076
3013880,3.6564299724580036
3013881,450.8239514188039
3013882,144.54054818269339
3013883,2.746743083103094
3013884,4.088232672240371
3013885,282.10786515354613
3013886,30.337085080970287
3013887,1568.9169797567254
3013888,0.0
3013889,6.386093158654882
3013890,2.2125792092794634
3013891,0.14381784208722712
3013892,3.6499604174948486
3013893,3554.2660446891423
3013894,0.043534915724474696
3013895,700.9766317965751
3013896,13.82743959024143
3013897,1060.9551538393769
3013898,1302.8128885101783
3013899,286.92945531107296
3013900,207.75460031002564
3013901,153.04270220818444
3013902,4004.1034637213684
3013903,29.475602996587558
3013904,0.6876209790995735
3013905,15.301421170113215
3013906,29.252226608823467
3013907,0.03257550574857647
3013908,282.11121023466706
3013909,10.358526972157508
3013910,37.000495356040936
3013911,8.601504690590826
3013912,77.3617087799015
3013913,10.454422738523697
3013914,392.95497457735024
3013915,275.62050646444646
3013916,13.616808244695594
3013917,9.35009359444536
3013918,515.0937904067223
3013919,106.08257732081188
3013920,5209.195660170735
3013921,0.019114523145973904
3013922,20.939776662954667
3013923,2.077461616559701
3013924,0.08903007085613542
3013925,1.9700243174685899
3013926,1556.763442373301
3013927,0.0
3013928,243.75873564287656
3013929,3.827924983737599
3013930,303.2440638227857
3013931,417.4315456435145
3013932,105.84166714503876
3013933,34.557635720578894
3013934,24.164439914819777
3013935,1445.6895582677703
3013936,10.316304090040358
3013937,0.7840600988454006
3013938,8.936128693202406
3013939,9.506816706092192
3013940,0.0
3013941,69.17400287818812
3013942,0.0
3013943,26.0884180973257
3013944,2.530180735346806
3013945,131.1777477304489
3013946,4.809143148556878
3013947,50.64792652759462
3013948,73.10228059726029
3013949,2.910601879815732
3013950,3.712898116160631
3013951,43.88757226549586
3013952,14.178768065197461
3013953,2081.286954262759
3013954,0.4945405392504566
3013955,2.630650846597391
3013956,3.2155025131444535
3013957,0.0
3013958,0.21624798234695655
3013959,766.4848280703995
3013960,0.0
3013961,195.32234621950352
3013962,4.077599473534337
3013963,316.92920953290877
3013964,221.90464452006057
3013965,71.35959286994088
3013966,25.672892871796652
3013967,23.170111273191306
3013968,1352.6027730248518
3013969,8.576194468131611
3013970,0.3814686733512039
3013971,7.2837513824254145
3013972,7.210955451552274
3013973,0.19441108173661395
3013974,66.27211332492752
3013975,0.07721195884836064
3013976,5.938416130067359
3013977,0.6670403757578889
3013978,17.99292038571602
3013979,0.10772551029365124
3013980,200.20688858207973
3013981,114.19320923943857
3013982,1.658719784807402
3013983,1.0168741309646556
3013984,118.52887191332557
3013985,16.593419000719724
3013986,760.2750654763893
3013987,0.30779656997510224
3013988,1.6741026806357715
3013989,5.036221764598411
3013990,0.20588663789692113
3013991,3.2681561466898517
3013992,2770.0816959539047
3013993,0.12719914517037725
3013994,615.1828701971627
3013995,12.176714110747843
3013996,782.0595378997674
3013997,891.826550734654
3013998,262.9926253163638
3013999,207.43948961896857
3014000,95.95088358309702
3014001,3474.1109519725314
3014002,20.780450631992313
3014003,1.8094105210009206
3014004,16.48261705757968
3014005,21.00857415826095
3014006,0.19546435778794052
3014007,220.74446697393097
3014008,4.645491021666383
3014009,33.18469125879242
3014010,6.024591729062119
3014011,120.70486245518755
3014012,2.796879683673717
3014013,251.1060765290935
3014014,206.71486781510387
3014015,8.391729649653593
3014016,7.681625742478497
3014017,348.3844830610201
3014018,75.88195662772398
3014019,3779.480028199044
3014020,0.7777929752484384
3014021,12.357028767904772
3014022,4.97458679883857
3014023,0.0
3014024,2.010389555579467
3014025,2457.0332654577146
3014026,0.0
3014027,493.8878427860755
3014028,10.258952311818856
3014029,844.0961559034317
3014030,824.2423032768212
3014031,295.13638471714654
3014032,186.1285193697342
3014033,51.27424937314089
3014034,3543.5663669875244
3014035,10.060868177188622
3014036,0.5626164252337018
3014037,22.111531610788802
3014038,12.537484731786678
3014039,0.40415648499524787
3014040,206.84031403631337
3014041,0.0
3014042,3.304047570264474
3014043,3.7507854617167165
3014044,45.670066513090845
3014045,0.9698616213205259
3014046,168.1262818127535
3014047,219.27935276997496
3014048,3.530183655353265
3014049,3.3858016816602112
3014050,163.562321389351
3014051,66.9631322802839
3014052,1175.5810347297368
3014053,1.7196586520563764
3014054,3.1009164100385105
3014055,5.0126734348030215
3014056,0.3171503118018957
3014057,3.050196871629857
3014058,2568.589404711184
3014059,0.00011077531439381905
3014060,529.9442040547788
3014061,8.221206261836054
3014062,765.7608850093147
3014063,715.7221025402185
3014064,218.0506495298433
3014065,154.18969646849004
3014066,59.94543626959334
3014067,3149.10443624285
3014068,11.36416751866475
3014069,0.8712976672817545
3014070,18.626674756437453
3014071,15.315423145245752
3014072,7.183133506929978e-05
3014073,204.146935121809
3014074,0.0
3014075,3.6326281672902763
3014076,3.4642072088666653
3014077,59.77385924777991
3014078,1.063939169046443
3014079,98.94717994303652
3014080,195.0539469845573
3014081,3.8978855165301
3014082,3.7636841116303703
3014083,159.02441933075374
3014084,58.06683456986336
3014085,938.3211961430677
3014086,1.2120506205247306
3014087,4.687718611291488
3014088,8.851012593522194
3014089,0.6985981759622768
3014090,13.388693336052391
3014091,7704.414386998665
3014092,0.05631590240107635
3014093,1125.426485504015
3014094,38.40980494142322
3014095,1644.2540441985473
3014096,1846.0890529157998
3014097,288.2884826332153
3014098,401.46045694159216
3014099,301.00482507832294
3014100,7539.497545153365
3014101,73.07165267134297
3014102,2.1467304812339023
3014103,39.084673741950255
3014104,49.33941965162288
3014105,0.21791055042887048
3014106,457.5444269600206
3014107,28.771964170835265
3014108,60.676583304215406
3014109,17.488687990794144
3014110,189.772244584499
3014111,21.757613437992223
3014112,609.4586356213874
3014113,459.86534782154183
3014114,15.088597732563839
3014115,20.824780761164806
3014116,961.8819794347227
3014117,221.48484318062185
3014118,10178.925621046868
3014119,0.8595087559943758
3014120,70.53417180814348
3014121,2.401274319457531
3014122,0.3069659011519545
3014123,0.47049171398540235
3014124,1300.9142901911482
3014125,0.008148083948626638
3014126,165.25120486679734
3014127,3.00033792692491
3014128,503.4497532112871
3014129,319.03491906907306
3014130,102.11589882828459
3014131,103.53834977823024
3014132,36.47678337600263
3014133,1972.937326308435
3014134,3.4237955722003166
3014135,0.16789356573994527
3014136,11.220211518545904
3014137,6.059315508460692
3014138,0.20827599241217198
3014139,128.38798310930065
3014140,0.368458896522484
3014141,0.0021807517917442646
3014142,2.4512846566837014
3014143,26.014253420348297
3014144,0.5968229224384763
3014145,53.38350503597513
3014146,83.30140295356222
3014147,1.5454777597297613
3014148,3.420148459778709
3014149,100.16667084101184
3014150,17.679010133407246
3014151,467.4009806588224
3014152,0.06748422379991467
3014153,3.139287277667704
3014154,6.214432760946065
3014155,0.1883016609958758
3014156,1.68779423642936
3014157,2691.349674323873
3014158,0.005736198142227873
3014159,424.3142340569284
3014160,7.260417848929919
3014161,977.2456512536997
3014162,678.007114962442
3014163,183.94044253176486
3014164,207.8345951845076
3014165,62.70402239805905
3014166,3536.00496829614
3014167,9.634650704935792
3014168,0.22555329084479275
3014169,18.04412166047703
3014170,18.186375525892657
3014171,0.0059250887701387325
3014172,217.1632296276324
3014173,0.6934908335543191
3014174,3.549724315195875
3014175,7.070249245146521
3014176,15.034974024201409
3014177,1.165563808512044
3014178,292.8737915195684
3014179,223.98551801103542
3014180,2.980902262376254
3014181,5.381204395416425
3014182,104.10927043214087
3014183,64.18873787738346
3014184,962.5436017079571
3014185,1.1077349077991765
3014186,3.7455257598313723
3014187,1.0469493376163659
3014188,0.0
3014189,0.626181680875648
3014190,748.5064021089901
3014191,0.0
3014192,108.53132771311007
3014193,2.5730166451033494
3014194,666.7816441261537
3014195,159.37374941282957
3014196,88.43227782644568
3014197,163.28627431236313
3014198,12.805625446245141
3014199,1467.5344997599545
3014200,1.0805468923763388
3014201,0.21954556506108625
3014202,6.892609700303718
3014203,3.1119825052957895
3014204,0.07061892376784266
3014205,69.16332623377133
3014206,0.0
3014207,0.0
3014208,0.31745641442731914
3014209,17.179252852421644
3014210,0.2729176103453776
3014211,55.85386592723366
3014212,68.68016301036995
3014213,0.3765955579151063
3014214,0.8642694545609222
3014215,45.16428544857694
3014216,8.185833165410019
3014217,170.387175383312
3014218,0.0
3014219,1.2123555898680058
3014220,5.528352564422783
3014221,0.0
3014222,1.28735612522361
3014223,1765.9531382303605
3014224,0.0013264225533533146
3014225,205.4109128509006
3014226,5.501808784058657
3014227,778.9601712774321
3014228,440.5200776204449
3014229,141.64522449794683
3014230,144.8019870890088
3014231,47.69421142382628
3014232,2375.3396717925357
3014233,2.340449754124846
3014234,0.43806816981901114
3014235,19.694893079594607
3014236,13.382249836064245
3014237,0.11054916103379875
3014238,179.30806530737073
3014239,0.0
3014240,0.0
3014241,8.99825261603226
3014242,24.820773109655935
3014243,1.086062742426491
3014244,225.96767836218504
3014245,185.15561863296986
3014246,1.2345381387894865
3014247,3.1143080275159267
3014248,189.26699821519696
3014249,20.84724442278346
3014250,939.9885453424762
3014251,0.0
3014252,0.4716510246820758
3014253,2.660930924501025
3014254,0.29773320823572424
3014255,2.6654031859519107
3014256,1953.4634595922412
3014257,0.025704990868891033
3014258,554.1706282052369
3014259,6.672363107109069
3014260,683.5459123168737
3014261,620.7169407176574
3014262,194.95270092737167
3014263,97.30594925828584
3014264,53.24143858581475
3014265,3243.0677681817647
3014266,5.087136367475497
3014267,2.921303091080751
3014268,25.68059948213156
3014269,31.57587311963027
3014270,0.12177029623999716
3014271,159.70459537513156
3014272,1.5477069806080768
3014273,3.7522218896650212
3014274,2.919081358446954
3014275,28.59254028149657
3014276,1.66418982187116
3014277,169.54730830547985
3014278,221.69247885163594
3014279,2.3304953399129182
3014280,5.0093174318950044
3014281,139.61845986858745
3014282,25.235506811562097
3014283,536.891398403162
3014284,2.625468093896332
3014285,2.0385395508471227
3014286,2.956551234597896
3014287,0.0
3014288,0.32313774842702536
3014289,1284.1673294120624
3014290,0.0
3014291,85.20575624283872
3014292,2.99943655156731
3014293,458.359650046125
3014294,194.27654408283806
3014295,77.52870217436417
3014296,110.40928295331511
3014297,32.704495959924614
3014298,1878.370907449021
3014299,4.166308889528262
3014300,0.37189390205061773
3014301,6.425554293727886
3014302,5.719580755570829
3014303,0.09336488473419391
3014304,89.22625644468752
3014305,0.0
3014306,0.0
3014307,0.24080247365211538
3014308,21.08926812106321
3014309,0.4703408000454158
3014310,161.16685391791538
3014311,82.13595564453384
3014312,0.740082376025735
3014313,0.8727346763224458
3014314,43.24326308472026
3014315,14.489168885128713
3014316,329.8057326099834
3014317,0.01999052507536024
3014318,0.5453709614483006
3014319,3.5191371557842492
3014320,0.0
3014321,0.683228307276771
3014322,2902.5752190555013
3014323,0.00023374982147858047
3014324,418.125041539684
3014325,6.7346104311312605
3014326,757.1390689429389
3014327,616.1650641055287
3014328,199.281917671376
3014329,107.43092996163362
3014330,70.28850611366548
3014331,3231.784709296086
3014332,5.276440642382906
3014333,0.26588690324394554
3014334,20.745528015436705
3014335,7.623781145224373
3014336,0.107767496240398
3014337,183.3449102060178
3014338,0.0
3014339,16.25892687105944
3014340,2.205524818033383
3014341,41.64141701209213
3014342,0.7958071266457347
3014343,196.62811693946406
3014344,182.76572144444188
3014345,2.028336204616505
3014346,3.033858676738559
3014347,97.8752759230047
3014348,38.989000018783486
3014349,981.2612790985281
3014350,0.5702284144104769
3014351,0.7894553760896408
3014352,3.115147167518404
3014353,0.03509126724065711
3014354,6.931271056769854
3014355,2692.2821905949777
3014356,0.048072838053009284
3014357,525.8869731813027
3014358,6.050024572315362
3014359,898.8522295238129
3014360,830.5965898167653
3014361,164.1766241932236
3014362,122.02921931515218
3014363,103.16205914752817
3014364,3637.430328408279
3014365,47.368884357609275
3014366,1.2009041188897212
3014367,24.07703754102768
3014368,22.10930970427929
3014369,0.2619306734026147
3014370,226.97078201256664
3014371,19.110558073204345
3014372,26.42232102600898
3014373,1.2445807370582862
3014374,107.77758396938056
3014375,8.098716346109692
3014376,188.41601440308227
3014377,249.72561960814207
3014378,10.617129587231556
3014379,12.11698367703618
3014380,239.59361944447485
3014381,75.18877569266363
3014382,3503.275687941879
3014383,0.030228306267945523
3014384,9.768258521244855
3014385,4.278487242874067
3014386,0.006100635804969835
3014387,6.483237550294629
3014388,1987.4945661825218
3014389,0.013448053570363468
3014390,405.3464046060914
3014391,9.002394813071394
3014392,1363.369477881711
3014393,686.9247639725367
3014394,131.54091441855667
3014395,75.68784745660936
3014396,102.11762972085536
3014397,3213.811960780609
3014398,21.90626147991456
3014399,0.8581156141242041
3014400,30.78912139230259
3014401,48.21465548803367
3014402,0.010274962708868237
3014403,280.13602377066246
3014404,16.50470894209869
3014405,17.20029584418374
3014406,6.298925070813476
3014407,78.27933634477341
3014408,9.021837879878799
3014409,138.09531110384953
3014410,457.0639909448941
3014411,5.64275414097878
3014412,9.27638012649119
3014413,114.40503004077564
3014414,71.53902324817433
3014415,2603.497549090475
3014416,1.263556791961252
3014417,10.95621354209572
3014418,6.360344557476738
3014419,0.21509008088232454
3014420,3.442678744319333
3014421,3942.7178821779626
3014422,0.013473177348274853
3014423,505.11132159777367
3014424,4.8765603212922075
3014425,1348.657021185402
3014426,618.381935654687
3014427,187.33448715816985
3014428,307.88095110997097
3014429,53.95626775846166
3014430,4294.382215315902
3014431,23.838741791096076
3014432,1.2265832276061115
3014433,17.48630924873044
3014434,16.952969441630007
3014435,0.10068421826558957
3014436,249.32558659478326
3014437,3.599169891494758
3014438,9.754328888202519
3014439,6.204469605759674
3014440,39.10743053300265
3014441,2.6392716330749733
3014442,128.17752687437746
3014443,234.08748019178282
3014444,5.0263288820802385
3014445,7.726478686573062
3014446,189.0450513806291
3014447,48.80138116999144
3014448,1276.2217430654105
3014449,11.31740626738269
3014450,10.436724620578312
3014451,3.0147266130366783
3014452,0.30485951786179327
3014453,4.302457827359822
3014454,2097.2782273062116
3014455,0.01772736757175873
3014456,338.6533767503832
3014457,5.7607699747223755
3014458,710.9192116329622
3014459,673.4095529559635
3014460,164.6247705907124
3014461,112.14132318871552
3014462,74.02960157054234
3014463,2682.6324181154755
3014464,20.02913103526484
3014465,1.0600802984543674
3014466,11.984988697704384
3014467,10.33967126937298
3014468,0.09309613363862405
3014469,209.6460068301872
3014470,13.467284687131896
3014471,21.588924160858376
3014472,1.461854309786878
3014473,63.631386331720975
3014474,5.519180235833951
3014475,289.15866982368175
3014476,207.87428486550556
3014477,4.99890472198526
3014478,6.483696498545443
3014479,308.9993219913769
3014480,50.99401162524447
3014481,2730.518771859767
3014482,0.016306579175597236
3014483,18.713723347298885
3014484,2.8208466799879925
3014485,0.13263352898585642
3014486,1.6637160186097983
3014487,3855.3721289146365
3014488,0.011711809068405653
3014489,357.6935178874836
3014490,7.294493084684424
3014491,1469.2514750287844
3014492,695.7294644834946
3014493,234.12866611024128
3014494,154.53293179696027
3014495,54.53478765518072
3014496,4544.023165368454
3014497,8.554495973850663
3014498,1.6533024752341756
3014499,23.518960804142804
3014500,19.373024869688727
3014501,0.1979865718273434
3014502,371.0742466713907
3014503,0.00029385123509606146
3014504,0.12407175291280104
3014505,6.691425427628067
3014506,31.797905878472214
3014507,1.4142410582170388
3014508,120.66721741497742
3014509,233.83888254723757
3014510,2.5656129898828826
3014511,7.937729936791061
3014512,138.8087422744969
3014513,49.29626616390113
3014514,911.6598372500853
3014515,0.0
3014516,3.544102548273553
3014517,5.37469109201637
3014518,0.008381938953105255
3014519,6.806969217013616
3014520,2427.7762888618986
3014521,0.01764810089162788
3014522,432.54158744564484
3014523,7.927561443083528
3014524,1103.123174906361
3014525,679.9701335585765
3014526,191.37661969201102
3014527,114.33477125871981
3014528,100.90127780091342
3014529,3738.485527689084
3014530,30.58468276196216
3014531,1.0393805896102142
3014532,18.8667217707357
3014533,28.92028132787623
3014534,0.04853207520203358
3014535,226.40641781377246
3014536,12.176939476159319
3014537,17.925602397494977
3014538,6.144710108628348
3014539,88.38404358264994
3014540,8.734184735119557
3014541,192.2626900456556
3014542,484.1792460064991
3014543,10.263122786255098
3014544,6.710849058600365
3014545,187.00844585257374
3014546,54.66234694184731
3014547,2768.6201625962653
3014548,0.34527435287790986
3014549,5.357310933272884
3014550,2.778559255340732
3014551,0.011590673802546643
3014552,4.452624624126831
3014553,2895.7491302627204
3014554,0.031753617562189244
3014555,434.28474618123164
3014556,7.833901333673728
3014557,644.6605497952752
3014558,765.2276833946801
3014559,165.93540262425148
3014560,120.77925621406618
3014561,101.58972105200294
3014562,2714.934490647183
3014563,26.26345308950878
3014564,0.7444656704679349
3014565,16.49047993405967
3014566,20.164798018068392
3014567,0.018604419871330425
3014568,190.13598608304997
3014569,11.877618965296705
3014570,34.16522982348219
3014571,6.350908728055013
3014572,68.10659635032646
3014573,7.320572105602644
3014574,202.22115774336362
3014575,200.96686328432892
3014576,7.255329906599482
3014577,7.079743971019993
3014578,215.19690344091495
3014579,57.56238462037779
3014580,2976.042068121944
3014581,0.14425977398226145
3014582,11.202594479213483
3014583,4.467505420189989
3014584,0.09775023378874695
3014585,3.322995683496952
3014586,3648.559222216523
3014587,0.0
3014588,433.99901733502605
3014589,9.611399000146564
3014590,983.1226828156292
3014591,608.1462847248272
3014592,226.0093555762432
3014593,154.77883459960518
3014594,41.71491397689366
3014595,3706.832979537291
3014596,5.508451471375126
3014597,0.13158733275776408
3014598,13.265652644697486
3014599,14.41318367290533
3014600,0.07411581333703336
3014601,197.51676642783056
3014602,0.0
3014603,4.511944881270758
3014604,0.9298137193200916
3014605,36.950859922745785
3014606,2.363320257457793
3014607,140.43860705141952
3014608,218.37738236229274
3014609,2.2860190802464637
3014610,1.684923564544925
3014611,160.27043251406792
3014612,87.39068310270453
3014613,877.8563095956911
3014614,1.181019692650803
3014615,0.6462748458548749
3014616,11.365037684821163
3014617,0.01668075895959469
3014618,13.720555130386263
3014619,7652.232203752048
3014620,0.03566511591246378
3014621,1514.9208400805749
3014622,23.365619666487877
3014623,2481.181777995129
3014624,2107.3581811467566
3014625,463.60673736637995
3014626,491.93660712331325
3014627,366.3602242333406
3014628,8452.003778532275
3014629,80.15423628735299
3014630,3.174839276067482
3014631,91.99204853885925
3014632,107.87304818998413
3014633,0.24391983465281508
3014634,638.8322085526029
3014635,28.93696256069798
3014636,24.96222935679118
3014637,34.197724059635604
3014638,256.48742782629733
3014639,20.345693771221608
3014640,743.5033033193472
3014641,517.9994650932343
3014642,32.379075153311035
3014643,32.66913777547816
3014644,950.6735382137248
3014645,269.1935880576914
3014646,10615.471271037795
3014647,345.2442513595611
3014648,74.60326958477023
3014649,12.517173592936954
3014650,0.003757495322682876
3014651,12.462072670302835
3014652,7418.710237935415
3014653,0.07354148711930476
3014654,1077.083334525582
3014655,21.945137370616628
3014656,2092.0244034761467
3014657,1811.051560431967
3014658,540.4063533280229
3014659,311.65632593853604
3014660,249.4964575756478
3014661,8518.921688479659
3014662,101.26450522706881
3014663,1.1902465683601313
3014664,46.48246030672332
3014665,65.28540755244397
3014666,0.5368641211797736
3014667,525.0662666632718
3014668,22.052767497552416
3014669,34.584616825635294
3014670,6.369976989946965
3014671,185.5972188678684
3014672,15.378563860610763
3014673,891.8561885791361
3014674,576.5532335105586
3014675,16.596036986612017
3014676,22.411180378158985
3014677,987.6847159137086
3014678,258.5045090085564
3014679,7612.578946782238
3014680,181.09988811318905
3014681,66.71214009931836
3014682,9.045709080538789
3014683,0.0
3014684,15.48820771124531
3014685,4687.238845053671
3014686,0.11619842079595087
3014687,806.191280727864
3014688,11.817290512672395
3014689,1956.5040501332844
3014690,1255.4806028298824
3014691,578.6752998545732
3014692,112.78124859669322
3014693,176.9152675755974
3014694,7427.367844267281
3014695,37.790803573666935
3014696,1.93794292135257
3014697,32.1226483620811
3014698,23.211553404314362
3014699,0.3157991830835882
3014700,491.6844985701218
3014701,27.663451919087212
3014702,26.416610976985815
3014703,7.5612520425084915
3014704,98.23298574416702
3014705,7.220009214853612
3014706,827.5859239099768
3014707,576.7584632473472
3014708,18.977013867985907
3014709,31.158568185055422
3014710,552.8602086892649
3014711,121.07130320286596
3014712,3400.372463849164
3014713,463.44619215802254
3014714,34.7729978425404
3014715,12.697071240313726
3014716,0.006720114139599194
3014717,17.35247619703586
3014718,7357.669093823365
3014719,0.03986648171709376
3014720,1003.4517041357444
3014721,15.745892464258846
3014722,1992.7434739855812
3014723,1804.566120110219
3014724,511.7694698557491
3014725,291.61158983184754
3014726,207.72046379666637
3014727,8488.98419606754
3014728,45.27506740934927
3014729,1.2763329659586333
3014730,53.03458584354239
3014731,62.7999452492924
3014732,0.5103961542719847
3014733,520.6306050417928
3014734,25.32851886106618
3014735,29.157180035544556
3014736,14.14298572493336
3014737,182.27699558558177
3014738,10.524001214330575
3014739,678.1240719322013
3014740,557.4672794969305
3014741,18.49565191748122
3014742,23.00452779400524
3014743,845.2647693606658
3014744,199.0023701890215
3014745,6900.242449350297
3014746,397.3030385542636
3014747,57.44693034721334
3014748,8.727563215438186
3014749,0.0
3014750,16.13596995786495
3014751,3938.572778153606
3014752,0.0
3014753,662.3723104053284
3014754,12.860259191173263
3014755,1654.0172117777188
3014756,993.2840572151327
3014757,497.50996657075007
3014758,88.09339125806311
3014759,131.96619414611555
3014760,6096.951822399758
3014761,35.37164857994484
3014762,0.3433990299321615
3014763,24.884937988602335
3014764,40.7438105857247
3014765,0.10408928722468361
3014766,493.9161920177615
3014767,15.173384777048918
3014768,11.481551251492
3014769,6.76240372393858
3014770,94.32291452146866
3014771,4.227233835182075
3014772,681.3136582008359
3014773,661.0372001636516
3014774,12.708954629095247
3014775,17.605417164146935
3014776,551.8358646669114
3014777,80.51758045324596
3014778,2430.65157129243
3014779,316.6564401774402
3014780,16.604773066698186
3014781,9.34849508718522
3014782,0.02002506431206711
3014783,11.35085310794582
3014784,5876.8817532200865
3014785,0.04076265558200188
3014786,1174.4924356555375
3014787,21.570766293074406
3014788,1611.1273779501341
3014789,1847.6439213633303
3014790,363.97225768855606
3014791,405.32022457453706
3014792,309.3729414589053
3014793,7436.519362488035
3014794,61.16856022154823
3014795,1.3411527645561196
3014796,38.407278604460316
3014797,52.3303414928617
3014798,0.37508736001414267
3014799,449.2392025109525
3014800,15.213584510663862
3014801,28.382171115320777
3014802,12.34782238054629
3014803,205.40368204507533
3014804,14.716701103551161
3014805,655.1104149285446
3014806,454.171987094776
3014807,15.454569008101673
3014808,25.956545084896952
3014809,824.9959351460275
3014810,216.1069287742179
3014811,10114.022515060344
3014812,403.31529999090463
3014813,70.50016934060324
3014814,4.803067937826232
3014815,0.31688884403928724
3014816,4.675995737109959
3014817,1750.1671276358634
3014818,0.037090938565575056
3014819,320.3818472956114
3014820,19.567539075368362
3014821,864.8452491161652
3014822,503.47006777582726
3014823,207.2616384938286
3014824,74.53743401855934
3014825,74.27316685323939
3014826,2671.567149011735
3014827,38.666366613373015
3014828,0.8591321460093169
3014829,20.128783727612227
3014830,18.70357560238435
3014831,0.15220657479133923
3014832,195.7564175307414
3014833,9.627053768297758
3014834,9.92572322612496
3014835,8.849177496678388
3014836,46.560719151492435
3014837,6.071550492794354
3014838,221.7590237209831
3014839,230.6039682629032
3014840,2.908014336382608
3014841,5.946294499624139
3014842,218.36127637642878
3014843,50.65668493944297
3014844,2041.8569573872553
3014845,0.556591278871481
3014846,7.505062395901173
3014847,7.800624946583645
3014848,0.0012862679759844567
3014849,11.425378346164248
3014850,3618.524764307441
3014851,0.04903641125494002
3014852,507.00056505488783
3014853,24.65086859921741
3014854,1468.2388625841584
3014855,905.4960470216259
3014856,402.03708663458343
3014857,86.6708313500453
3014858,122.92953395926739
3014859,5619.659317155751
3014860,72.02223439163583
3014861,1.016516996549774
3014862,40.78613312465217
3014863,30.02958545703787
3014864,0.1368500761339159
3014865,380.75442146000256
3014866,14.680965637106679
3014867,9.845039449454198
3014868,2.6612510731053707
3014869,101.41965933298039
3014870,6.546088929410391
3014871,488.6167925676504
3014872,446.9242419185096
3014873,8.994073723162968
3014874,19.295833737709295
3014875,333.0053126596508
3014876,77.25443890325039
3014877,2700.3752367401667
3014878,419.32465070880556
3014879,14.140893139230371
3014880,5.697048753323235
3014881,0.01171237450263315
3014882,5.211235098972643
3014883,4381.793489397568
3014884,0.0293531134174981
3014885,849.9855806928293
3014886,7.688080336072871
3014887,1362.7865348830067
3014888,1506.944945610916
3014889,230.17841354884337
3014890,319.5068988019866
3014891,216.9331508878394
3014892,5044.376914005365
3014893,37.34960594985279
3014894,1.267427166144295
3014895,26.962416010267198
3014896,32.513826115160484
3014897,0.275903181536251
3014898,340.2401889831082
3014899,1.7598484525694083
3014900,46.25605540192741
3014901,4.193964378666918
3014902,124.93567068714601
3014903,8.563955930046403
3014904,531.4896103767073
3014905,284.6720110775042
3014906,17.128703325668425
3014907,8.189753125013006
3014908,678.8429867147188
3014909,119.76626135725621
3014910,7590.717730244514
3014911,2.6254067288327554
3014912,40.046490244887345
3014913,8.076904773626982
3014914,0.0
3014915,7.656566893214776
3014916,3732.6824863847523
3014917,0.002087717486601559
3014918,789.4494431648384
3014919,8.391750004075151
3014920,1387.6081501998574
3014921,1052.6913255217053
3014922,317.3409577028154
3014923,157.32114893068527
3014924,204.70087095007344
3014925,4622.226749745383
3014926,42.288095643066846
3014927,2.141976817446535
3014928,33.61486489935098
3014929,41.48129494265234
3014930,0.21876074710420637
3014931,316.4350374059393
3014932,5.917698107475102
3014933,65.3708739235265
3014934,7.115911129847193
3014935,185.231808211143
3014936,7.098114650866405
3014937,323.2071932495649
3014938,308.0161717278836
3014939,11.064959992264177
3014940,19.119348187842355
3014941,328.975357737229
3014942,99.1432384568378
3014943,4533.935373456688
3014944,3.9344600149428097
3014945,10.95448454045306
3014946,8.194811425184918
3014947,0.3241391200362257
3014948,5.044352812722986
3014949,1700.2914849803478
3014950,0.329843410834597
3014951,313.5059939097664
3014952,7.704892854808876
3014953,720.6289411963045
3014954,389.5570394571116
3014955,180.54959284749066
3014956,56.14728857885037
3014957,69.44162667050774
3014958,2186.556749201315
3014959,15.119846382642047
3014960,1.925667962227633
3014961,22.620767267576536
3014962,25.08085031635641
3014963,0.37757878832435227
3014964,171.69608246034457
3014965,4.8578143171289945
3014966,15.970289046070056
3014967,6.987466110742247
3014968,63.94416191839068
3014969,4.155259066709123
3014970,165.94054398025116
3014971,191.76623027669035
3014972,5.094880093665652
3014973,6.579968069772316
3014974,120.17468065273374
3014975,52.194275900061186
3014976,2026.2888590610505
3014977,0.4589577223002823
3014978,3.5238331374461818
3014979,6.2189588049734965
3014980,0.3241391200362257
3014981,1.5453956937010338
3014982,1761.7429119547642
3014983,0.329843410834597
3014984,170.43935939387208
3014985,4.472699402541016
3014986,638.0941781659484
3014987,236.01469261135193
3014988,146.61189419659732
3014989,44.69777591035286
3014990,23.7712752343223
3014991,2122.0572934811294
3014992,9.760838759155272
3014993,1.2325550351448358
3014994,14.906582218898356
3014995,8.597915631551377
3014996,0.3752771745069566
3014997,158.345453576868
3014998,0.3072516964265076
3014999,0.31272122344605097
3015000,4.1088961682133185
3015001,19.348223267965068
3015002,1.4186408502645917
3015003,39.93206435098156
3015004,131.91676141221956
3015005,0.5489056999385484
3015006,2.3381145854177365
3015007,42.110810767552145
3015008,56.0906541649073
3015009,397.87163163224744
3015010,0.2637640364066747
3015011,2.5860061178990414
3015012,4.681966350699793
3015013,0.03868794720595973
3015014,5.628961543886136
3015015,3032.1955106302935
3015016,0.012093922656770732
3015017,468.2713367367352
3015018,9.915666139032064
3015019,1095.2220840028037
3015020,879.4979112365422
3015021,253.3667236807955
3015022,144.56218758857221
3015023,123.96711597996672
3015024,4229.010380284558
3015025,26.253168470372152
3015026,0.711865019367102
3015027,22.144685382034993
3015028,44.145968163718464
3015029,0.009663729107502734
3015030,284.65592978881716
3015031,16.674648995751106
3015032,17.958403147827383
3015033,12.748853268551827
3015034,69.1908659785367
3015035,5.365421190188506
3015036,391.06685966520564
3015037,287.75841482486834
3015038,7.552779962264946
3015039,11.590385100868986
3015040,448.6598342006104
3015041,82.7693137208841
3015042,3312.456096293284
3015043,0.0
3015044,29.334889431322736
3015045,4.0833326641275045
3015046,0.08246969683158936
3015047,6.033673153540437
3015048,3668.908053570571
3015049,0.1812980334326122
3015050,618.6211954377691
3015051,16.061062033534537
3015052,932.0166195847482
3015053,1303.6216827228227
3015054,178.38448005638446
3015055,254.41635990704975
3015056,204.29437268635542
3015057,3743.773125801531
3015058,34.93350635344075
3015059,2.048039726499548
3015060,25.04647926056842
3015061,29.841716367202565
3015062,0.5267785116855703
3015063,238.55817377089713
3015064,10.799628286165614
3015065,43.11285643412618
3015066,8.443813364080958
3015067,151.4527715410357
3015068,10.409134265366413
3015069,422.25472163337474
3015070,248.03856300178933
3015071,5.917183856170557
3015072,11.811106055981256
3015073,580.3037832465214
3015074,132.2515443457017
3015075,6210.307896567493
3015076,0.26803929871935617
3015077,37.48899193484662
3015078,3.218007604437636
3015079,0.43895216724705016
3015080,10.725790849640521
3015081,4004.6106377833034
3015082,0.037793019510621306
3015083,770.5642140753392
3015084,15.906622803395543
3015085,1083.9571963828498
3015086,1226.963747770109
3015087,254.0620616017134
3015088,259.16254276011193
3015089,145.29205567217616
3015090,4421.278467079582
3015091,32.44372753539767
3015092,2.7656058474515093
3015093,31.07903699619388
3015094,57.717793577744445
3015095,0.03699733954542435
3015096,293.54172769003446
3015097,23.07202698970689
3015098,35.389733273949645
3015099,19.941941334841275
3015100,112.14922236901471
3015101,15.42807073770638
3015102,351.0188432072666
3015103,268.60904632683025
3015104,14.383800161633157
3015105,15.423175188866887
3015106,486.22511115744805
3015107,143.85842591366477
3015108,5584.984786235811
3015109,0.7085103735086061
3015110,31.250780375846162
3015111,9.496240984468525
3015112,0.2219470801003101
3015113,6.222250565817429
3015114,2689.4058131488187
3015115,0.006919399588914462
3015116,407.3465164537783
3015117,10.318611238806126
3015118,1293.2149397409016
3015119,747.6698714991031
3015120,430.5466818184048
3015121,144.4796053161795
3015122,80.60065965544727
3015123,5022.118632983313
3015124,8.413149747798448
3015125,0.9663135952113675
3015126,36.406931202368426
3015127,31.65124462854398
3015128,0.006461350752625561
3015129,288.19510033863406
3015130,7.864092685704735
3015131,3.817220228769198
3015132,8.864771022981094
3015133,49.21688671869083
3015134,2.5023325806941457
3015135,294.5561456033314
3015136,361.8511523663642
3015137,5.437512731311612
3015138,6.24296431204728
3015139,340.69378845809536
3015140,80.601585343047
3015141,1161.5977274694987
3015142,108.00416302818999
3015143,11.81726571332322
3015144,3.6684419142772726
3015145,0.01149534537952588
3015146,2.400821136197595
3015147,1870.6724176041919
3015148,0.06367592179641399
3015149,296.4683541332309
3015150,10.038732248233382
3015151,570.4218861378533
3015152,614.6159044958058
3015153,125.0449152578675
3015154,111.17539514841332
3015155,103.52111141979503
3015156,2347.4927491922776
3015157,16.172159913521938
3015158,1.274640814835533
3015159,17.415624241366093
3015160,21.439874007291138
3015161,0.26914723422234316
3015162,156.53471348166204
3015163,10.783348700492013
3015164,13.723054613044194
3015165,4.82020158165171
3015166,72.0486394995014
3015167,4.844140552953482
3015168,240.42355369599994
3015169,135.22860842777737
3015170,3.4265486774373346
3015171,6.497552490740185
3015172,265.3949897843962
3015173,60.018963000399594
3015174,2008.9303116083736
3015175,0.0
3015176,21.70024802469423
3015177,1.0012404971449809
3015178,0.0
3015179,1.4093001168168744
3015180,1061.7016814717954
3015181,0.0
3015182,81.5338322673355
3015183,3.1834723212600506
3015184,1090.1953609384443
3015185,220.95599228027461
3015186,196.8442679077995
3015187,37.014210909395956
3015188,28.06587701034938
3015189,2236.4943785825394
3015190,3.6736105680071343
3015191,0.34121720032576774
3015192,8.376358624812449
3015193,5.411913109355354
3015194,0.029023055874087746
3015195,132.3412968752308
3015196,2.5162706504559647
3015197,0.0
3015198,1.0816577388442532
3015199,8.68440899748903
3015200,0.3662519775889813
3015201,227.09591751284077
3015202,154.50463545249698
3015203,0.6636718383134311
3015204,3.2308725755574312
3015205,114.13335532493616
3015206,23.06963044302162
3015207,211.90881489706837
3015208,2.3768874404474096
3015209,1.0188692600380138
3015210,5.667197623298271
3015211,0.21007322480483276
3015212,3.5843763538739357
3015213,3643.116175562028
3015214,0.015283746544000651
3015215,551.6396886171208
3015216,11.010430072516233
3015217,1479.3338709398904
3015218,539.9516827847414
3015219,421.49362984339075
3015220,155.5729844222413
3015221,64.72674907620102
3015222,5982.056156851874
3015223,26.127418499959163
3015224,0.4969609766665081
3015225,23.080399548411183
3015226,17.322314273795683
3015227,0.13892182858394456
3015228,383.40369937686023
3015229,8.654063244129716
3015230,1.3279947692022671
3015231,7.619178825323965
3015232,30.39443032714687
3015233,1.7998890688079012
3015234,816.3761258837399
3015235,277.93386785908757
3015236,2.0009068957175677
3015237,13.091663577100563
3015238,345.73874564348523
3015239,88.2185159638858
3015240,1103.9517708512517
3015241,34.389890468837535
3015242,7.613142767864529
3015243,4.665974687349607
3015244,0.010924621673973463
3015245,0.724399895639191
3015246,1359.6497233755397
3015247,0.012661109406870836
3015248,144.10980002545034
3015249,9.09052172420866
3015250,938.1077481607194
3015251,344.4114803859541
3015252,170.7142223292986
3015253,53.07560390018869
3015254,32.50147298215109
3015255,2672.078259982163
3015256,6.424864703302381
3015257,0.2977564414524119
3015258,10.79105866772874
3015259,16.798771088099684
3015260,0.20236410235583774
3015261,159.6232422477875
3015262,4.200491275458355
3015263,0.017920983615566984
3015264,7.95636464272971
3015265,28.540905796294037
3015266,1.0929774753215804
3015267,225.8792035389617
3015268,150.95948038120653
3015269,1.090175514548137
3015270,5.129467320145329
3015271,134.19098866556934
3015272,28.115249979471688
3015273,307.81849168640736
3015274,4.42605198220605
3015275,2.5935195549782697
3015276,3.960890548369199
3015277,0.0
3015278,2.2457998380536597
3015279,1385.0007775608146
3015280,0.002543089884587486
3015281,100.50939146999274
3015282,5.645574592190908
3015283,915.8252191393439
3015284,230.5525245550388
3015285,123.97108202723116
3015286,37.12927628424362
3015287,25.577185536355266
3015288,2440.6335754893435
3015289,8.780066045697266
3015290,0.12115374860661306
3015291,12.217135416425403
3015292,8.346155447943577
3015293,0.038411885375432914
3015294,115.1433451957961
3015295,1.066901434386892
3015296,0.0030310361521051683
3015297,1.7729193851034353
3015298,21.35833516119022
3015299,0.7049215770392133
3015300,186.33165428811856
3015301,164.3525300164082
3015302,0.4104028189148625
3015303,4.050954650870131
3015304,82.5193704247072
3015305,19.529049333013994
3015306,141.9347843411638
3015307,7.037077005972921
3015308,0.9479819389958004
3015309,3.2589109399500034
3015310,0.004504386590449236
3015311,2.6124010367902026
3015312,1397.68275219913
3015313,0.004575139709849526
3015314,139.48615639890116
3015315,6.641701271896634
3015316,1861.247895507826
3015317,348.1693491696616
3015318,196.70698292727417
3015319,28.49729804218453
3015320,34.726593639495206
3015321,2611.4571888799246
3015322,5.722377466815665
3015323,0.26388166357438186
3015324,7.987406178052751
3015325,15.398011320298574
3015326,0.1224592009834904
3015327,198.4143135447373
3015328,0.6656741730607616
3015329,0.010330763128915137
3015330,2.1388031990111
3015331,16.57289344136703
3015332,1.36245112060065
3015333,351.23262569977766
3015334,223.27694164939854
3015335,0.8917599492153012
3015336,3.9939107453876703
3015337,70.47663008510455
3015338,77.46658536427523
3015339,343.020503760432
3015340,0.8988709279208695
3015341,3.1676647949062757
3015342,3.028140652533072
3015343,0.6032767974404382
3015344,2.385837237292969
3015345,1528.5518622098323
3015346,0.017164102308510818
3015347,149.83041101007169
3015348,2.475433443795499
3015349,825.2672943437805
3015350,301.3524005112144
3015351,247.9251067398533
3015352,71.50989274928186
3015353,56.40270279733614
3015354,2518.522749068334
3015355,6.194802771958022
3015356,0.8464471600893334
3015357,10.316908094645536
3015358,16.542409324702284
3015359,0.16452331206772777
3015360,193.13614033191203
3015361,6.07678447271695
3015362,0.023686157138865523
3015363,2.6117147303969444
3015364,20.392318750284655
3015365,1.3313526518439303
3015366,169.24372562287635
3015367,170.38500635340313
3015368,0.8057139024921522
3015369,4.744508214149181
3015370,112.97953045805808
3015371,39.90172393292497
3015372,499.7975946241308
3015373,1.1245384293822551
3015374,3.7250113503272813
3015375,3.559879732753942
3015376,0.18970707332329848
3015377,0.8888341219755973
3015378,1066.3774721687055
3015379,0.0
3015380,119.08452114164022
3015381,4.0348937140968175
3015382,1179.1082433091347
3015383,195.21621721066822
3015384,129.63466789154538
3015385,115.04718413718119
3015386,26.490861131736434
3015387,1779.748417044918
3015388,3.4676686397545606
3015389,0.22158636844152332
3015390,11.83266685917221
3015391,9.396412744024115
3015392,0.18189765215012763
3015393,129.48084897198015
3015394,0.0
3015395,0.0
3015396,1.7596569559095783
3015397,21.8677275432986
3015398,1.0864276649420825
3015399,67.63628476639855
3015400,117.88704404847037
3015401,0.7721738178603169
3015402,2.3368733756563107
3015403,58.417072136957614
3015404,30.565957099550403
3015405,403.70989374065
3015406,0.0
3015407,0.742133532597787
3015408,6.989120126474861
3015409,0.49370511860692373
3015410,2.913313464223469
3015411,2404.8343834178904
3015412,0.008008233652446245
3015413,261.47659350518205
3015414,5.333631117289197
3015415,916.5824546854825
3015416,531.817664821233
3015417,381.2947182071064
3015418,174.52359072488272
3015419,78.91994826393628
3015420,3740.2539800667114
3015421,11.513580826472882
3015422,1.1095841854726451
3015423,17.26913709775167
3015424,20.547615312125362
3015425,0.18993228826347575
3015426,224.34212011087547
3015427,0.39523534487907364
3015428,0.00563176550481128
3015429,8.294957350578697
3015430,25.863340303934375
3015431,2.7438216090127105
3015432,277.32465866349145
3015433,220.6159176159654
3015434,1.8225687096358125
3015435,7.48534125444499
3015436,299.5860104518486
3015437,57.81653880665333
3015438,1054.910655726872
3015439,11.908304953858398
3015440,9.919500405748753
3015441,2.5164700889512863
3015442,0.13240117074156593
3015443,3.913251973405639
3015444,1557.58162242358
3015445,0.0
3015446,269.63726054941037
3015447,5.369041848445744
3015448,384.29003924253146
3015449,372.8365746048821
3015450,121.99280095018747
3015451,89.3396530060692
3015452,22.834643424974374
3015453,2070.7048123428963
3015454,7.3668650419463715
3015455,0.6073420184078533
3015456,16.021887572541196
3015457,11.787630161782506
3015458,0.10732967968965783
3015459,120.83360365956332
3015460,5.122898859375927
3015461,2.3898235890758555
3015462,4.662557371180513
3015463,36.934576407208574
3015464,1.5537135430038147
3015465,116.44644229058773
3015466,100.68152448978594
3015467,2.470730775539849
3015468,4.545956906679723
3015469,56.18152164958901
3015470,29.47175518064301
3015471,1044.0661813827458
3015472,48.91329454260905
3015473,6.217607299808314
3015474,5.229803368186033
3015475,0.4405287456322442
3015476,3.3044515376433794
3015477,2008.2298737088922
3015478,0.010518791066617026
3015479,135.87361912131536
3015480,5.275154573349953
3015481,824.5703790916582
3015482,270.06149319556465
3015483,216.62256206594932
3015484,52.073765895744444
3015485,36.240657049572036
3015486,2917.7136531931765
3015487,24.32586072469937
3015488,0.9911161407790414
3015489,12.443006678555442
3015490,13.391768171574935
3015491,0.1288882342024332
3015492,153.49329165148578
3015493,5.756028267073201
3015494,0.015221427240839913
3015495,2.988513066007193
3015496,28.712433402618796
3015497,1.8471500739456526
3015498,168.89352175273285
3015499,157.03795825983792
3015500,1.039425741064137
3015501,4.233063117046616
3015502,133.0524769467772
3015503,24.415868616297402
3015504,440.03426851605104
3015505,1.1101609362055145
3015506,3.411504382870616
3015507,5.655530584265942
3015508,0.020932944606677155
3015509,5.402766740485703
3015510,2701.7990470834166
3015511,0.03470359549719623
3015512,539.7253065005833
3015513,9.493385391447019
3015514,750.9882535065291
3015515,705.2211113639469
3015516,217.71245268195497
3015517,134.47786018757338
3015518,93.57249037195696
3015519,3293.3902893948402
3015520,33.86105015915545
3015521,1.123136761609878
3015522,15.840096353952596
3015523,28.489872417228536
3015524,0.17408589312215964
3015525,234.68120459347196
3015526,20.04474579018258
3015527,12.352044839950594
3015528,5.104718928454575
3015529,70.63334749061804
3015530,7.403111895623487
3015531,391.1795235530561
3015532,214.2167439301495
3015533,7.393653683156577
3015534,6.971062520270202
3015535,376.9120639543419
3015536,91.32858918311462
3015537,1892.5750254008783
3015538,0.011185066572715964
3015539,25.00657143609529
3015540,5.602756812639081
3015541,0.03654190812783748
3015542,4.994662191944199
3015543,2970.612215879995
3015544,0.0
3015545,407.30015314562206
3015546,6.287065357627774
3015547,1603.022766709702
3015548,560.6624534633863
3015549,483.8230714503734
3015550,76.30228020748325
3015551,63.813440907459096
3015552,4362.971004379039
3015553,10.660875784119684
3015554,1.4367892614021076
3015555,18.53702345470556
3015556,10.917377658095075
3015557,0.0
3015558,261.0952569440017
3015559,1.5620113927345887
3015560,3.948508411718267
3015561,3.6541088917410876
3015562,35.693202077020935
3015563,1.0294193939607204
3015564,478.6649694930952
3015565,275.03618563586986
3015566,2.9440010968482206
3015567,4.812426141217232
3015568,230.83995928781428
3015569,60.65293417904254
3015570,732.2425459058269
3015571,47.26833046374421
3015572,9.707368669751135
3015573,8.726398673128648
3015574,0.2899234773865502
3015575,3.07630043900139
3015576,2613.5991639960203
3015577,0.002661437054223171
3015578,359.9233333871332
3015579,4.898541624194229
3015580,2087.4566202750134
3015581,445.94185875114454
3015582,226.75326795028786
3015583,162.24579371433057
3015584,60.60970527519722
3015585,3507.432730448799
3015586,12.207784801863761
3015587,0.32171344055822587
3015588,28.077407899598875
3015589,26.730127958527596
3015590,0.1201495123905007
3015591,287.3839502128682
3015592,2.7761431679062496
3015593,2.1337149836765286
3015594,7.504163864693841
3015595,66.69845117955872
3015596,1.3812121681161762
3015597,139.8771066947364
3015598,217.514431345274
3015599,2.0383651804452194
3015600,4.31604240450001
3015601,136.41786487146234
3015602,115.80709919144974
3015603,823.146839629239
3015604,0.28850234417096376
3015605,4.969934108535809
3015606,4.084456421222544
3015607,0.18976640667848343
3015608,1.4266682250326268
3015609,1580.5656714256963
3015610,0.009312094083729142
3015611,114.13186624181084
3015612,6.570348587751331
3015613,742.3959463707315
3015614,282.70211842063725
3015615,134.04738593027332
3015616,40.69690479440026
3015617,44.756499301905926
3015618,2386.123392930295
3015619,9.974156036534591
3015620,0.5552612138963561
3015621,17.46573362320748
3015622,17.1513747786847
3015623,0.01099545682305289
3015624,141.4553747965029
3015625,0.39366424177449805
3015626,0.01412997176073778
3015627,3.6216400477163604
3015628,51.07920303065067
3015629,1.9812352403857232
3015630,123.69232498688018
3015631,130.72123053253924
3015632,1.0260902985292142
3015633,4.7708111645004205
3015634,115.49988010057137
3015635,25.627564698821146
3015636,389.8791665631986
3015637,4.326092761087933
3015638,1.7797938703433656
3015639,1.4529520573765227
3015640,0.01011530171154746
3015641,1.3029826236940034
3015642,1462.5872571506375
3015643,0.10557356334381209
3015644,243.4441498261272
3015645,9.212597366803084
3015646,450.8357865036916
3015647,423.95938867816795
3015648,107.99940188410824
3015649,39.8659937079213
3015650,58.635248779489906
3015651,1989.79953102981
3015652,20.826179323784086
3015653,0.3465378261093064
3015654,9.566909687792512
3015655,13.623079989449545
3015656,0.20490889709811339
3015657,115.22204646336922
3015658,9.568799047802177
3015659,1.621010872867405
3015660,4.149057686862665
3015661,41.167252753374754
3015662,3.9004662434984394
3015663,539.3993200839841
3015664,133.29336640352682
3015665,2.914387408889904
3015666,4.32936066342823
3015667,262.1699845304818
3015668,29.759721701472426
3015669,952.8829936725925
3015670,0.0
3015671,7.870188677762419
3015672,2.3196858670804956
3015673,0.1414851139451096
3015674,3.6952498104916973
3015675,3114.750407844757
3015676,0.03417868740062291
3015677,595.4547636388309
3015678,15.376137598646691
3015679,984.4460026278641
3015680,1027.0146000535344
3015681,240.0667253228113
3015682,183.6711176538185
3015683,150.28505477639504
3015684,3645.5737051472156
3015685,30.77771478234077
3015686,0.6917288800599551
3015687,18.527008722208123
3015688,33.93759731560544
3015689,0.026821584601326
3015690,233.02393289297774
3015691,10.11880839757928
3015692,29.604431756997254
3015693,8.482219372744062
3015694,77.1820334794899
3015695,11.447100860367545
3015696,335.9133395643724
3015697,243.14733807171342
3015698,14.292793037251558
3015699,8.781833944060498
3015700,466.4527680886596
3015701,104.4342655900885
3015702,2950.1408321008457
3015703,0.014566559163627715
3015704,20.988423375691625
3015705,2.254381585588532
3015706,0.11138496478085254
3015707,4.316131561460194
3015708,1527.8474673990918
3015709,0.0018718711648438831
3015710,243.2763192895201
3015711,4.182197473925309
3015712,286.260033978508
3015713,394.44289464008045
3015714,103.95052252517439
3015715,44.2312950900898
3015716,28.77840802732783
3015717,1430.1089657016214
3015718,11.642643468854525
3015719,0.8039414802994307
3015720,8.296254987647046
3015721,14.226151115959636
3015722,0.00686931728968933
3015723,47.00084650464603
3015724,0.0
3015725,11.566474882871178
3015726,2.7180804081631913
3015727,113.02551110250086
3015728,5.184846893840455
3015729,62.62870861593925
3015730,60.66888015796377
3015731,3.0946412637099856
3015732,3.947506372604287
3015733,76.32864345597855
3015734,17.09750978064664
3015735,1006.5464705010731
3015736,0.6051291767068135
3015737,2.811550276073035
3015738,3.041187570594216
3015739,0.0
3015740,1.1058672594958243
3015741,780.0428437480349
3015742,0.0
3015743,183.71167875991335
3015744,4.649762478382881
3015745,308.60909054716063
3015746,196.07566379871423
3015747,63.76231914608578
3015748,26.307873874489644
3015749,29.835757277587657
3015750,1277.4639487776894
3015751,8.840179238422289
3015752,0.4054992449819106
3015753,8.311527456064855
3015754,7.280749825296038
3015755,0.2049152764388594
3015756,68.49710892646382
3015757,0.07917192653268275
3015758,4.577067958350239
3015759,0.6397337465673363
3015760,23.733656219260705
3015761,0.142142126310726
3015762,223.0231224767155
3015763,110.40947587908214
3015764,1.736111200290172
3015765,1.0874243423333996
3015766,112.18539716066616
3015767,16.65070323812774
3015768,395.7495256937876
3015769,0.3830336512324253
3015770,1.8775921561282272
3015771,5.564889946217875
3015772,0.22713168496746303
3015773,3.514682949483988
3015774,2547.99608018034
3015775,0.1603927880423385
3015776,524.8630524062909
3015777,12.948649167853329
3015778,699.2585097156001
3015779,791.1051494294856
3015780,222.42013252691274
3015781,192.75773176497913
3015782,102.02026796068708
3015783,3362.9568483222556
3015784,19.554346256591227
3015785,1.919782505024352
3015786,15.58073532965451
3015787,22.016945616559184
3015788,0.21712576459282604
3015789,200.49003283582988
3015790,4.995287671756113
3015791,25.32909763808152
3015792,6.382533048380499
3015793,122.10042395255186
3015794,3.0453862943737042
3015795,221.15802967230803
3015796,179.09109627084834
3015797,8.363764213267167
3015798,8.132120428690667
3015799,299.1796767973235
3015800,68.30689166805344
3015801,2018.5214981468994
3015802,0.7698866395919489
3015803,14.896501667751496
3015804,5.445499220151286
3015805,0.0021628368911950782
3015806,2.206239963452202
3015807,2726.717258508713
3015808,0.004410065913267954
3015809,475.2657992826547
3015810,11.057766911037493
3015811,934.5688592939757
3015812,653.768411627138
3015813,280.5651736963986
3015814,213.81704085290716
3015815,61.4258942008731
3015816,3719.4407102662217
3015817,11.577983391862857
3015818,0.6706172317361925
3015819,25.03806984453119
3015820,15.61260180743121
3015821,0.49200540939037063
3015822,217.35295063380644
3015823,0.0
3015824,3.8258550796326025
3015825,4.134592013772243
3015826,43.05938681920546
3015827,1.0466201167976943
3015828,272.5005868063043
3015829,216.99465171955018
3015830,3.9438686817398385
3015831,3.7293427489501876
3015832,177.55216601588674
3015833,66.85682803556381
3015834,1264.7096984920045
3015835,1.7475164216419339
3015836,3.3539833441225895
3015837,5.132008350383474
3015838,0.3694134299021549
3015839,2.301903222257141
3015840,2686.1005746466176
3015841,0.006644571164250037
3015842,580.3262098394686
3015843,9.779105656490518
3015844,862.8481698315554
3015845,519.4013193873924
3015846,224.4715815369682
3015847,172.44912946642194
3015848,58.16686513142427
3015849,3471.08101766437
3015850,12.269843775031408
3015851,0.9220440173072928
3015852,20.17937098491124
3015853,15.117098466954424
3015854,0.010052193143134321
3015855,220.98871726523305
3015856,0.0
3015857,3.938703090181415
3015858,3.9378832868666076
3015859,67.83345147386757
3015860,1.149428905078241
3015861,146.75827539316774
3015862,202.57152341568005
3015863,4.186248053455981
3015864,3.9922540076495596
3015865,158.64510831725278
3015866,52.86630080114241
3015867,873.9197810660871
3015868,1.2208669369870444
3015869,5.195664161825012
3015870,9.309534523030896
3015871,0.7740150899481862
3015872,13.481398696592057
3015873,7099.288256603394
3015874,0.057401659976027405
3015875,1062.9191699897353
3015876,48.6919919232841
3015877,1623.1833642402714
3015878,1716.4315178087747
3015879,300.87736574063035
3015880,397.26996642940304
3015881,283.26258635138043
3015882,6754.615033386851
3015883,60.863412542185266
3015884,2.373710994741117
3015885,39.12287351748073
3015886,48.11138630352171
3015887,0.1968860894210812
3015888,432.8131782696953
3015889,29.742034330613382
3015890,41.761726082114066
3015891,21.598887372952163
3015892,197.1681877747807
3015893,23.45291292374423
3015894,605.2120102239593
3015895,460.69842566973557
3015896,15.796821079574919
3015897,22.695311279501606
3015898,891.1087514961538
3015899,249.22035994226675
3015900,5967.24417290321
3015901,0.8907232327540643
3015902,70.17524690756241
3015903,2.6781978455110003
3015904,0.29582116952069976
3015905,0.4991180111459568
3015906,1722.884824644038
3015907,0.0073645795142578225
3015908,153.876794943859
3015909,3.260165806140475
3015910,914.3597522048503
3015911,235.01153987046786
3015912,99.02280078361535
3015913,123.80507143227113
3015914,38.3643949124632
3015915,3058.385529060619
3015916,3.7409247399599383
3015917,0.1790679667072462
3015918,11.770835719511405
3015919,6.652365532021951
3015920,0.19888900787222444
3015921,188.2494881016671
3015922,0.39203151237414413
3015923,0.01220024514209599
3015924,2.4109841927809836
3015925,24.481339870083485
3015926,0.5870983790265532
3015927,98.122409781014
3015928,103.61338042167644
3015929,1.4683976440424775
3015930,3.6008457356153114
3015931,88.4931342588522
3015932,18.457891752721572
3015933,462.36232416638535
3015934,0.07793111291561237
3015935,3.2059437681691034
3015936,7.097612036532246
3015937,0.15925516433975023
3015938,1.7267037771703035
3015939,2751.899068221333
3015940,0.011542357347800469
3015941,438.47470216925734
3015942,8.021490901335646
3015943,1703.2091650403288
3015944,501.78342586195475
3015945,192.4671086499354
3015946,234.53701058521497
3015947,72.75291081628615
3015948,4112.078176888748
3015949,10.777274914397417
3015950,0.24708587587904413
3015951,22.333731702602442
3015952,17.24189406066476
3015953,0.0138809534047006
3015954,236.11988234295757
3015955,0.6733464287174682
3015956,4.499579340289568
3015957,7.685119215485062
3015958,17.863936388846902
3015959,1.3214194980781095
3015960,498.7671170559957
3015961,237.11357253606874
3015962,3.1432266395513038
3015963,6.110778682072521
3015964,120.48127278459198
3015965,59.188463192797634
3015966,1079.3929775602812
3015967,1.155081596382557
3015968,3.98633825763102
3015969,1.1116381510036557
3015970,0.0
3015971,0.6534889862037906
3015972,1028.2556333083148
3015973,0.0
3015974,109.15355576496019
3015975,2.9429412745807366
3015976,804.9370618140891
3015977,130.15273302753647
3015978,76.86119019029955
3015979,175.05465820259465
3015980,15.789102779043844
3015981,1673.79365124801
3015982,0.9903860509903131
3015983,0.2376745405497071
3015984,7.237994263229522
3015985,3.081897121377514
3015986,0.08337054935188355
3015987,74.07358746496567
3015988,0.0
3015989,0.0
3015990,0.3401756332989211
3015991,15.2624447836176
3015992,0.29351957779541227
3015993,98.60529464949538
3015994,69.31891529968058
3015995,0.39864918278880757
3015996,0.9271525660511842
3015997,49.15105024590578
3015998,9.250741942718353
3015999,167.1195935309759
3016000,0.0
3016001,1.1977577094011973
3016002,6.168183737624559
3016003,0.0012736475077907625
3016004,1.428916796555609
3016005,1686.1469622525472
3016006,0.0034134962682032645
3016007,187.83622193849487
3016008,6.136934163719891
3016009,819.8991542367295
3016010,309.86235704391754
3016011,146.73318805788227
3016012,138.5272590495015
3016013,49.77700452838161
3016014,2441.7532415246988
3016015,2.5395098716749405
3016016,0.46096826039812827
3016017,19.494981838026117
3016018,12.490521209930032
3016019,0.11887571845015711
3016020,170.86729359777914
3016021,0.0
3016022,0.008203217418694838
3016023,9.705136327059003
3016024,23.59966725069672
3016025,1.1493129684866996
3016026,360.2128376152438
3016027,183.14054829724955
3016028,1.3196770296685159
3016029,3.460518468395428
3016030,180.70786007877462
3016031,21.49666289464272
3016032,990.059969759236
3016033,0.0
3016034,0.5031712079307772
3016035,2.7299118727905363
3016036,0.302241703590186
3016037,1.658084752163345
3016038,2151.8936677919705
3016039,0.020819568692684736
3016040,564.0015199303209
3016041,7.176989366319334
3016042,725.8774044406191
3016043,499.1653358260756
3016044,199.95933399991816
3016045,93.40618195171906
3016046,60.964729913225476
3016047,3795.85399959374
3016048,5.387043280010083
3016049,2.973518142358732
3016050,23.473639891560573
3016051,32.70928683180874
3016052,0.07397466354015571
3016053,176.42472472843045
3016054,1.6086893624574206
3016055,3.830521874684312
3016056,3.020446349682245
3016057,32.66381714200528
3016058,1.8124603973638744
3016059,224.63822759602152
3016060,238.18601883783225
3016061,2.443082608507713
3016062,5.277562339201106
3016063,122.44532748380098
3016064,26.434229646112733
3016065,546.8550895368516
3016066,2.734200008685698
3016067,1.9700895078336067
3016068,3.001750390675415
3016069,0.0
3016070,0.36831218020220197
3016071,1117.5132193172356
3016072,0.0007585791990878922
3016073,77.03786580170825
3016074,2.18363662353364
3016075,337.300583131236
3016076,140.80175452013447
3016077,70.84136280385236
3016078,123.97688922786362
3016079,36.8961748558006
3016080,1561.3862786514678
3016081,4.724575653466699
3016082,0.4156951850307607
3016083,6.974725928849011
3016084,6.217594712224406
3016085,0.08683740156290914
3016086,85.1975787299548
3016087,0.0
3016088,0.00035093898925498166
3016089,0.20151803660928516
3016090,26.161102575208666
3016091,0.5270992848957159
3016092,258.5165835773391
3016093,75.67380030406964
3016094,0.7788616423336528
3016095,0.9168042920983962
3016096,44.75623760751697
3016097,14.400758801207882
3016098,296.5684859903526
3016099,0.049013810094033786
3016100,0.6283457781912559
3016101,3.749222972522645
3016102,0.0
3016103,0.7459491491504532
3016104,3056.648012162513
3016105,0.0007670717788069471
3016106,423.1026127859082
3016107,7.133221423282185
3016108,706.5389169665686
3016109,444.3961915067253
3016110,171.0769317893822
3016111,142.60231028311134
3016112,71.40010683000278
3016113,3433.580520050654
3016114,6.018106342006199
3016115,0.2592755344073317
3016116,20.162664637593426
3016117,8.974554358915997
3016118,0.11579178309488555
3016119,197.3555621989187
3016120,0.0
3016121,16.922938824671473
3016122,2.1178404769858425
3016123,37.3804014979637
3016124,0.8418674767744523
3016125,335.6780304308932
3016126,191.252499935152
3016127,2.2473780757022923
3016128,3.2200277077834243
3016129,115.62828438544749
3016130,36.9367422996929
3016131,999.2262861133488
3016132,0.5842937873582127
3016133,0.8098442378128452
3016134,3.1497557525526734
3016135,0.02088641141766018
3016136,6.570466862132417
3016137,2499.6636207919373
3016138,0.02901688063201697
3016139,499.5610412651198
3016140,5.981166501662232
3016141,820.6531127340099
3016142,735.7032750602988
3016143,164.64436821310102
3016144,110.52780651807588
3016145,105.31899642951437
3016146,3437.2303209161787
3016147,46.81728648936811
3016148,1.193789169121905
3016149,25.20473178190193
3016150,22.909875397085433
3016151,0.24835824322117525
3016152,229.57953010171371
3016153,17.838712689723014
3016154,17.840883254813058
3016155,1.2024159852193692
3016156,105.67652299215229
3016157,7.985881305785026
3016158,197.51073107277637
3016159,244.51008879293047
3016160,10.376697841032685
3016161,11.369142247431336
3016162,233.4782271409663
3016163,74.88142725830167
3016164,2148.2709511838534
3016165,0.014566559163627715
3016166,9.57602664781536
3016167,4.834907742432822
3016168,0.013870689551055304
3016169,5.46977385261192
3016170,2023.295884041621
3016171,0.017977388151512598
3016172,367.4637568164994
3016173,10.641243838557513
3016174,828.6655943959341
3016175,606.8849543463253
3016176,120.21074698341381
3016177,69.61512567776236
3016178,84.51495927623026
3016179,3030.7524803560946
3016180,22.98233438824851
3016181,0.8716575448990806
3016182,29.92207020149456
3016183,40.303614086872365
3016184,0.017732039305460818
3016185,253.19697745892105
3016186,16.60345667516131
3016187,12.649577425000619
3016188,6.640117619928166
3016189,70.43493092500911
3016190,9.829360706266849
3016191,135.9660172085538
3016192,325.10818589336867
3016193,5.85784589380612
3016194,8.681474523870268
3016195,107.11998533574351
3016196,72.09254588269359
3016197,1552.8670262530995
3016198,1.3822688297322903
3016199,13.902354176848169
3016200,7.032857698397907
3016201,0.2078677290293945
3016202,3.722462832333587
3016203,2937.6930884347726
3016204,0.012721034936240863
3016205,543.1678991753042
3016206,5.307477123000941
3016207,2707.422826749233
3016208,493.45461235787945
3016209,172.58126006001868
3016210,320.3226181354206
3016211,57.77225641141767
3016212,4950.81816489603
3016213,25.69169004886337
3016214,1.4205844674882413
3016215,17.285651956775563
3016216,16.4517277362324
3016217,0.05667310576498637
3016218,247.55664725552154
3016219,3.710838301185688
3016220,10.413305871805505
3016221,6.967124227274222
3016222,42.62556877617187
3016223,2.8822161061652323
3016224,215.559442721396
3016225,325.05548917285256
3016226,5.509372941901303
3016227,8.267281381826468
3016228,206.23979403346453
3016229,49.710761301065155
3016230,1304.185085206595
3016231,5.495242552224856
3016232,10.451537875592427
3016233,3.433787141074328
3016234,0.3252224981090027
3016235,3.6326671388072254
3016236,2099.522172465699
3016237,0.027767660112218626
3016238,317.71622021263966
3016239,6.307881636755599
3016240,653.191734882215
3016241,603.5795438961798
3016242,173.973005671798
3016243,110.2488350413395
3016244,72.79060909975577
3016245,2708.464979942937
3016246,19.81205175684112
3016247,1.1572015030961778
3016248,12.675971652007558
3016249,8.902675120504846
3016250,0.10984326707859964
3016251,202.23179275308297
3016252,14.189747835853455
3016253,15.768133227221522
3016254,1.4609298454777548
3016255,54.08653912051302
3016256,6.06055249469508
3016257,370.7590022706741
3016258,202.3179277838371
3016259,4.955472505152652
3016260,7.585911573613193
3016261,278.0215355343235
3016262,47.89210178331549
3016263,1688.155561677818
3016264,0.033674310220975244
3016265,21.987960134051953
3016266,3.0508434298937916
3016267,0.1526089955839147
3016268,1.732128888985975
3016269,3374.9357889880403
3016270,0.008265136054519331
3016271,344.4540010783697
3016272,6.77381668031319
3016273,2199.808323197426
3016274,506.9699391930463
3016275,230.27666583994807
3016276,135.45355642510148
3016277,63.25663321959241
3016278,4554.567696079109
3016279,7.978234804632741
3016280,1.742766173523021
3016281,24.124928700089054
3016282,17.725342570147056
3016283,0.20191268576456659
3016284,343.69550696692767
3016285,0.0015896263026268127
3016286,0.1400531673074273
3016287,7.208489846047285
3016288,28.599761620821013
3016289,1.439545713998015
3016290,171.2009087153319
3016291,266.0077322474757
3016292,2.585699636091653
3016293,8.737851645493478
3016294,138.8401332110768
3016295,47.305565647765725
3016296,860.8859228550341
3016297,0.0
3016298,3.8509333811728896
3016299,5.723005065266178
3016300,0.015128453675710946
3016301,5.552943325719043
3016302,2074.021890751189
3016303,0.01982539869867077
3016304,399.315331901915
3016305,8.235754917983718
3016306,1310.203263906762
3016307,538.8036070051314
3016308,189.92082520496632
3016309,100.5568570980954
3016310,129.4503724257505
3016311,3429.0034727025927
3016312,31.72876317278313
3016313,1.0386432947453261
3016314,18.450387182462865
3016315,29.508585710848337
3016316,0.057822878221185973
3016317,193.16033235738024
3016318,14.112443703601414
3016319,12.476174235615066
3016320,6.421701289775854
3016321,101.62125911646137
3016322,9.234712877868942
3016323,175.38644660954756
3016324,293.87398874880614
3016325,10.10144341513325
3016326,7.427657189016279
3016327,152.51225559215493
3016328,53.557758148012056
3016329,1601.0657759972994
3016330,0.33114792737582227
3016331,5.372464144786189
3016332,2.9121492481724833
3016333,0.014867734081756331
3016334,4.689484610991897
3016335,2229.0363637770697
3016336,0.03041668740713951
3016337,392.0535773891966
3016338,8.887435424310658
3016339,620.3136495747831
3016340,703.1782556625263
3016341,152.5820641789278
3016342,110.96531805429845
3016343,99.05580189404925
3016344,2707.0955228520893
3016345,24.084778418259155
3016346,0.84013542610331
3016347,17.80534617143475
3016348,18.014493039809313
3016349,0.020767916210662585
3016350,171.73572864570417
3016351,12.409114454589094
3016352,26.476813332341887
3016353,3.8979679442695265
3016354,61.95362646363247
3016355,7.824126395791208
3016356,203.70039897821187
3016357,179.21463686703117
3016358,7.393173388911323
3016359,8.031333987152964
3016360,205.14850451176068
3016361,54.6162348503936
3016362,1985.6117106654933
3016363,0.15147117953166025
3016364,13.53384170944042
3016365,4.776203950235653
3016366,0.12751147164510798
3016367,3.4480675513347645
3016368,4138.143873694353
3016369,0.00047728566892109764
3016370,452.03998198868226
3016371,10.457741374816608
3016372,1020.4145212378478
3016373,502.7087938361821
3016374,227.44983583090715
3016375,161.11503772741352
3016376,42.198424124823916
3016377,3899.2025555118776
3016378,6.027669738208999
3016379,0.16925853750600356
3016380,13.668411753243342
3016381,12.96227608421863
3016382,0.10528885406053187
3016383,211.6652496434193
3016384,0.0
3016385,4.8372781646409715
3016386,0.9759356094210051
3016387,43.70551246084871
3016388,2.3617559356031523
3016389,254.302390916427
3016390,223.9075506335722
3016391,2.4728240839133497
3016392,1.8727074522340166
3016393,157.16109908308448
3016394,96.72513961711228
3016395,968.1300602543224
3016396,1.3935963056299454
3016397,0.6549223568733946
3016398,12.980886746311352
3016399,0.02570269790160931
3016400,14.256882081684891
3016401,7853.056069892259
3016402,0.04013209248299196
3016403,1294.543720569003
3016404,22.146795407345717
3016405,1982.2614202622838
3016406,1895.9582796520228
3016407,458.56991493099804
3016408,472.3152948914748
3016409,387.5276060674367
3016410,7884.668254224395
3016411,78.79120642951777
3016412,3.3290484744608313
3016413,89.80853713431732
3016414,109.00558106099427
3016415,0.2592717340953978
3016416,569.3186509909883
3016417,27.77779312738256
3016418,19.874374506594524
3016419,37.99372499225557
3016420,327.6928766126595
3016421,22.179384448105218
3016422,692.8502905332338
3016423,485.58486491163114
3016424,33.10028058931971
3016425,31.84926098927307
3016426,923.3622741458405
3016427,277.9886773882798
3016428,6449.8087406498635
3016429,410.50909120470754
3016430,77.49093992401853
3016431,12.671945056528383
3016432,0.01757173149580838
3016433,12.381289712258027
3016434,7787.854508173017
3016435,0.04834367735951463
3016436,977.4632295846413
3016437,25.010758382242653
3016438,2132.8144937641864
3016439,1759.7749783617132
3016440,524.4640606882894
3016441,306.69899699343733
3016442,256.329287837907
3016443,8341.599820173511
3016444,102.23464240463332
3016445,1.2662633711830682
3016446,55.03831790945004
3016447,66.08002239130732
3016448,0.5472299220914446
3016449,545.5426764192562
3016450,25.263245092426416
3016451,28.56122065800527
3016452,8.357468293465416
3016453,199.2924840345862
3016454,16.264549029153024
3016455,857.0255387633395
3016456,555.1758739850344
3016457,21.804748614978948
3016458,24.15255625956529
3016459,878.9812525270405
3016460,230.79632404506373
3016461,4465.653231601841
3016462,210.6935020083338
3016463,65.9018129537296
3016464,10.035176451667734
3016465,0.015417509777656806
3016466,16.170629843663065
3016467,4803.43466327408
3016468,0.15426057418256767
3016469,784.0295260703173
3016470,13.0644052504902
3016471,1876.2262165199454
3016472,1155.8463978456925
3016473,623.8844012801721
3016474,114.89605727093573
3016475,213.68977893230687
3016476,7133.190036471736
3016477,42.78540811038315
3016478,2.2070896387481147
3016479,31.092856922974324
3016480,24.835041358377815
3016481,0.3059516283281056
3016482,488.47736491348746
3016483,25.332340088469685
3016484,17.36548144091493
3016485,9.267843493764227
3016486,99.44504957570342
3016487,8.457479916291513
3016488,765.0088487086101
3016489,540.9123954854243
3016490,18.74451841708141
3016491,34.74770080300828
3016492,641.5577171646371
3016493,134.12437465664715
3016494,2115.8899063104054
3016495,335.260680191537
3016496,36.02893252625092
3016497,14.093227869390521
3016498,0.018679743144527437
3016499,17.382281570368505
3016500,6559.811883483221
3016501,0.04882250553698824
3016502,937.6432628538521
3016503,18.139865817746795
3016504,1873.5270595321863
3016505,1665.754693005044
3016506,492.4004834928105
3016507,274.57330450565644
3016508,207.12453370839265
3016509,7948.247204346664
3016510,45.037530962544764
3016511,1.313791599645825
3016512,52.10976276775485
3016513,66.96596072746067
3016514,0.600852476350231
3016515,529.123424776752
3016516,27.804222185342894
3016517,24.236022633561237
3016518,18.197000566277225
3016519,192.07318652027743
3016520,11.393423779905206
3016521,692.5876205157106
3016522,546.5615325222817
3016523,19.43045896243294
3016524,26.67197236854892
3016525,890.6231159265899
3016526,200.78583477886946
3016527,4404.228186125361
3016528,442.2411055763849
3016529,60.55837524794896
3016530,9.952015924944302
3016531,0.002715552456022109
3016532,16.186668150841665
3016533,4021.64994911229
3016534,0.005775508943049597
3016535,643.0528428169848
3016536,13.050971256249706
3016537,1713.0817577090766
3016538,946.8021750244473
3016539,467.10196129182276
3016540,90.87344535550422
3016541,159.72358268751586
3016542,6359.47872923629
3016543,37.15892050290973
3016544,0.26084437432836255
3016545,23.54874327123342
3016546,44.259670885783684
3016547,0.13109436304091163
3016548,500.3369130009149
3016549,24.14740205730062
3016550,9.091795301962208
3016551,4.785285228513943
3016552,102.76204711852897
3016553,4.9187439124741354
3016554,645.9998696097421
3016555,563.1188726084831
3016556,14.643686124255616
3016557,18.054085631116678
3016558,620.4272777313714
3016559,85.52989101209941
3016560,1563.1459784296314
3016561,313.63575357301164
3016562,17.287748221043874
3016563,11.571180740501699
3016564,0.025403482632362157
3016565,11.040053026533247
3016566,5707.22647030987
3016567,0.0415206858858484
3016568,958.9955423756724
3016569,22.544959470752794
3016570,1496.4925936833195
3016571,1761.4633377525165
3016572,364.2926069726778
3016573,368.42526898752664
3016574,277.4088819067647
3016575,6406.100057059277
3016576,60.72788397345497
3016577,1.309061670775313
3016578,48.25465917382707
3016579,55.90349880685336
3016580,0.38708924259507715
3016581,427.52733285790606
3016582,16.54160370664554
3016583,24.651232734535714
3016584,12.218233874897212
3016585,230.1579333709198
3016586,14.78292734318044
3016587,605.0884222053855
3016588,444.69685848406414
3016589,15.60003358728318
3016590,26.348086934861477
3016591,737.0750479947048
3016592,205.65077571935834
3016593,5639.839253384668
3016594,145.03311012191818
3016595,66.80900729815208
3016596,5.2024268275733245
3016597,0.30665687005903597
3016598,4.715162928077547
3016599,1732.7784756012363
3016600,0.036225710345420124
3016601,299.30997990176695
3016602,19.508100659951754
3016603,748.4559436770996
3016604,439.96570382049356
3016605,192.69617286228035
3016606,65.61590085749636
3016607,74.29001825656225
3016608,2492.8212578685543
3016609,37.423378612214144
3016610,0.8796549247761222
3016611,23.214696071240148
3016612,18.398728669988373
3016613,0.07590281303296115
3016614,187.86096396266447
3016615,10.100903382796025
3016616,7.018447500515304
3016617,9.03557989643133
3016618,62.18702200995688
3016619,6.2265263876883195
3016620,215.38039954676967
3016621,208.74963116063498
3016622,3.0196000948603543
3016623,6.443559229060558
3016624,176.20083863533964
3016625,56.005789263997535
3016626,1211.6212813966306
3016627,0.5132897282939664
3016628,8.862055843374417
3016629,8.997263957165162
3016630,0.017253151095701184
3016631,11.890144184520349
3016632,3917.380025712887
3016633,0.06629485864408634
3016634,485.17515720570015
3016635,25.44473155538353
3016636,1396.5963652004668
3016637,908.9114807522051
3016638,380.4585444282044
3016639,83.34157279625748
3016640,164.28949348228124
3016641,5784.531879560906
3016642,66.05213089731467
3016643,1.0735348781190173
3016644,44.194890170779566
3016645,30.611232875866172
3016646,0.14176584309554233
3016647,385.61649646288964
3016648,15.813236246097976
3016649,6.4126067559109945
3016650,2.985061472796879
3016651,118.92083462736694
3016652,7.198231139032437
3016653,464.22738489683326
3016654,425.4991183365814
3016655,9.503465428197355
3016656,19.12461180136408
3016657,327.1029137574316
3016658,74.40376799809472
3016659,1797.6668625648458
3016660,378.97784218982673
3016661,17.799744727349808
3016662,6.404242256189285
3016663,0.01813823530061087
3016664,4.254872263506387
3016665,3870.4761640584607
3016666,0.03120811628230038
3016667,764.9824882448715
3016668,7.962468219351859
3016669,1196.670424678764
3016670,1296.4093041090555
3016671,225.1204621480133
3016672,272.28627349257675
3016673,204.87360526828323
3016674,4345.922282053534
3016675,37.72811407794742
3016676,1.2701646249892353
3016677,25.17766548828086
3016678,31.08477231814526
3016679,0.2662627377180828
3016680,298.03010857178543
3016681,1.8776497116541337
3016682,36.894083673969746
3016683,4.837666428766393
3016684,121.95548510815567
3016685,8.810173765474667
3016686,492.2400998070784
3016687,235.1170586468084
3016688,18.389862171649284
3016689,11.287025917620886
3016690,641.140788170546
3016691,113.93522005037873
3016692,4097.1446957008175
3016693,2.7817175209809406
3016694,39.875424165330635
3016695,8.113236570395735
3016696,0.0
3016697,5.506612687166941
3016698,3781.565101025304
3016699,0.004164927130957676
3016700,700.5380012340937
3016701,9.180017681895253
3016702,1236.655161504109
3016703,915.6185657927884
3016704,280.885468273629
3016705,149.4415804801928
3016706,217.99375713596092
3016707,4087.569957309074
3016708,36.419306953451056
3016709,2.204486409100271
3016710,34.879326603464115
3016711,41.44803827399969
3016712,0.18479118470677602
3016713,295.54857646402104
3016714,5.956787830481097
3016715,37.480081070463754
3016716,6.490094124212093
3016717,216.09158243043402
3016718,7.163181474420166
3016719,355.42244037224015
3016720,272.39153468805785
3016721,11.448555199997571
3016722,19.496771836735117
3016723,343.0516241614232
3016724,93.73323968541341
3016725,2640.7370115449803
3016726,3.794729103750212
3016727,8.159028388423037
3016728,8.54281990932479
3016729,0.3345054558281628
3016730,4.7585009538373475
3016731,1451.8670028938586
3016732,0.33592702919720635
3016733,293.1520163189941
3016734,8.626007149296234
3016735,632.3995584322801
3016736,307.59815163995415
3016737,180.2675675260715
3016738,55.595175627341945
3016739,72.7633827023462
3016740,1934.6130921610952
3016741,17.069015133646367
3016742,1.8310288935789414
3016743,24.23083439224255
3016744,23.038166772443706
3016745,0.39019925811139344
3016746,141.5577221546941
3016747,5.896621874762423
3016748,12.244165167446397
3016749,7.4187350322598125
3016750,55.65901864345628
3016751,4.511813882826794
3016752,146.59557739609915
3016753,181.67673564375806
3016754,5.428452423659261
3016755,6.758202411929916
3016756,123.14147398780385
3016757,51.32356998222738
3016758,1052.0849893649406
3016759,0.47652439320178075
3016760,3.8588641753406088
3016761,7.1030502760252
3016762,0.3345054558281628
3016763,1.6101447371781008
3016764,1700.2392847015028
3016765,0.33592702919720635
3016766,122.1598048523893
3016767,4.856580216385643
3016768,683.9261610058812
3016769,154.97301310898683
3016770,166.10975053938813
3016771,43.17614341358521
3016772,26.104715688602525
3016773,2227.393676412629
3016774,10.775555688006932
3016775,1.3133433599948872
3016776,16.085958559915213
3016777,9.157863055974776
3016778,0.38903204453873574
3016779,156.9554265791873
3016780,0.31632187631042097
3016781,0.3300352329034311
3016782,4.5629736517726585
3016783,20.058901268060175
3016784,1.5059348811123003
3016785,65.39772855761021
3016786,129.1236046780985
3016787,0.5632121668470805
3016788,2.4823109734294344
3016789,46.163573907656584
3016790,55.05532890282462
3016791,371.8371124558347
3016792,0.2724951817139119
3016793,2.8528141697353533
3016794,5.3165811048214975
3016795,0.016367349918813976
3016796,5.81991772171576
3016797,2852.454891084165
3016798,0.020526562639614866
3016799,456.6545886860583
3016800,11.082932642998225
3016801,1039.620431463872
3016802,776.4167544160601
3016803,277.722092029664
3016804,139.8911850330475
3016805,119.30926050337835
3016806,4138.623269250145
3016807,28.03542194299275
3016808,0.7264456878699069
3016809,23.356603817238415
3016810,45.9950573161149
3016811,0.020238208261442066
3016812,267.75999363295904
3016813,18.10687188356888
3016814,13.872374329727753
3016815,14.925321603537357
3016816,69.42554524918447
3016817,5.900731376312993
3016818,386.65469927908805
3016819,253.01293591825004
3016820,8.002781366565767
3016821,12.23363527867307
3016822,435.1150465563586
3016823,89.91998702584355
3016824,2079.5832484454004
3016825,0.0
3016826,29.902136392683012
3016827,3.86669485037216
3016828,0.07158455121341588
3016829,5.049479751600384
3016830,3316.2937528268135
3016831,0.16415548701324162
3016832,562.4208392265464
3016833,15.629428327767968
3016834,846.2465059133135
3016835,1084.970905088932
3016836,163.65825699626535
3016837,230.5088604209853
3016838,191.62724085553828
3016839,3472.492979064484
3016840,33.46467155052031
3016841,2.039934805840188
3016842,23.687206413722578
3016843,28.060905130606475
3016844,0.5652807189833827
3016845,220.38590763126126
3016846,11.098377480650035
3016847,31.24441034304188
3016848,7.5442173162169635
3016849,147.93140775030633
3016850,11.212475226224706
3016851,380.9161638359936
3016852,223.29232417804704
3016853,5.967139741992216
3016854,12.283251720602143
3016855,519.9297465898551
3016856,124.4387723914973
3016857,4199.683300827542
3016858,0.24020987388339501
3016859,35.315088834989446
3016860,3.2801518609294114
3016861,0.47089012601351293
3016862,10.380524179519691
3016863,3649.953945294186
3016864,0.035367444082888534
3016865,701.7553420525174
3016866,16.730596872557534
3016867,931.228504451265
3016868,1089.1226547396057
3016869,238.47437907115466
3016870,232.16289702571362
3016871,128.4893040477342
3016872,4232.37624107824
3016873,33.605725819602284
3016874,2.601502769003667
3016875,34.375438323716516
3016876,50.741360523728055
3016877,0.036770746785843626
3016878,297.7525673996877
3016879,23.48359302535565
3016880,25.027030227887085
3016881,19.559932075735414
3016882,130.83407545690793
3016883,16.64048176049836
3016884,332.62491179537744
3016885,259.38465379490066
3016886,14.182012718255196
3016887,16.012522562086808
3016888,459.69792727332106
3016889,144.10760425033845
3016890,3367.428127911384
3016891,0.7252886743081574
3016892,30.30953473945532
3016893,10.37742220537367
3016894,0.29368162364973743
3016895,6.833764170873516
3016896,2650.2640336508475
3016897,0.016953015982963098
3016898,416.78749681490217
3016899,10.951635323383599
3016900,1376.472204124249
3016901,631.9874461502475
3016902,423.32550951148227
3016903,168.54998079586883
3016904,81.85172488606165
3016905,5482.146050015194
3016906,9.27269220950558
3016907,1.037647417559103
3016908,40.14639774506981
3016909,33.37439195194775
3016910,0.018649122494302103
3016911,300.61583799761524
3016912,8.183332585932195
3016913,3.801052907453955
3016914,5.452694680037934
3016915,38.8488643212949
3016916,2.733118675356806
3016917,486.2527382856899
3016918,361.46141048587964
3016919,5.861400088510224
3016920,6.667198846319936
3016921,329.7345001745087
3016922,90.70466204273418
3016923,1233.4009822967946
3016924,99.24494058337154
3016925,12.155240374499707
3016926,3.8646135117811173
3016927,0.0565633286690501
3016928,2.441976253915367
3016929,2141.480326494595
3016930,0.10928954557759857
3016931,349.16148571128537
3016932,11.333091190100985
3016933,615.9681958991778
3016934,644.2410980600241
3016935,154.6073513900326
3016936,161.72200851802614
3016937,118.18423143371061
3016938,2467.1112431561432
3016939,17.43543149521319
3016940,1.2116221514286054
3016941,18.36712474939747
3016942,23.524246192069523
3016943,0.2854264934344739
3016944,164.17590474276165
3016945,12.536312913292008
3016946,16.37470211518342
3016947,5.17722616651696
3016948,124.58904351398643
3016949,5.056852384151062
3016950,429.0325052346619
3016951,146.5170326974702
3016952,3.5982560510145283
3016953,7.624697453417174
3016954,392.2842836930792
3016955,72.89452217324121
3016956,2090.179376096305
3016957,0.04092251677423125
3016958,31.24029364761355
3016959,1.0055592204674755
3016960,0.0
3016961,1.1509720970457045
3016962,1336.4787002758017
3016963,0.0
3016964,86.65466470504592
3016965,3.2493561400934396
3016966,1082.6638560237054
3016967,274.38364241890514
3016968,288.53845025753066
3016969,46.57506740168812
3016970,30.223009357642564
3016971,2358.0687663788553
3016972,3.4736676816438004
3016973,0.33766095495461346
3016974,6.916658016701415
3016975,5.062044226405035
3016976,0.013687991569195151
3016977,131.63415478981952
3016978,2.4493620126523634
3016979,0.0
3016980,1.039597028749697
3016981,11.099459848079356
3016982,0.29597950088399044
3016983,146.3616675673344
3016984,142.29688108838238
3016985,0.6571646608272498
3016986,2.8644801752809506
3016987,170.01653810183421
3016988,24.46925250413848
3016989,218.0482734395592
3016990,5.33765505878653
3016991,0.9730268928061429
3016992,5.672864526544703
3016993,0.21131156822229322
3016994,4.433175828290365
3016995,4349.485290891658
3016996,0.007878703996833252
3016997,620.5685709195659
3016998,12.462036960833853
3016999,1619.837579100944
3017000,531.2024824855013
3017001,539.4991691317215
3017002,256.9127731062457
3017003,86.74429467342705
3017004,7073.679859792047
3017005,29.3934957957647
3017006,0.5364978883533171
3017007,23.739605433563295
3017008,19.59157042434041
3017009,0.09505660309717294
3017010,416.2092434765777
3017011,8.149637901768479
3017012,1.3910117110731308
3017013,8.01816375147542
3017014,47.32282394310728
3017015,1.7681642511265048
3017016,532.266916967566
3017017,328.5509681156149
3017018,1.9901727828082454
3017019,12.907731761670743
3017020,503.2080376473519
3017021,89.01752481503547
3017022,1384.3118847942342
3017023,28.207502090496334
3017024,8.120805623804618
3017025,4.823578768644921
3017026,0.00390246432429181
3017027,0.7189005937757157
3017028,1673.7251884807383
3017029,0.005673572293329761
3017030,162.81329526675214
3017031,10.88647502140796
3017032,1306.0951020706152
3017033,318.54617025358453
3017034,223.83820942811877
3017035,52.2911985787813
3017036,37.397167183829424
3017037,2726.502008269274
3017038,7.068786555955656
3017039,0.28073724747597556
3017040,10.615122748684232
3017041,16.204162750575122
3017042,0.14602004630877413
3017043,145.64224094684653
3017044,4.223251942488227
3017045,0.020692035826989152
3017046,9.328903224269638
3017047,42.60567250232647
3017048,1.113620706758902
3017049,128.5542012004843
3017050,153.54491551220448
3017051,1.1129230645533204
3017052,5.099729440999196
3017053,159.85415067196826
3017054,33.389531645099034
3017055,289.7042462205046
3017056,4.2816187423758265
3017057,2.5027953690261064
3017058,4.062063776762786
3017059,0.0
3017060,3.08880857981767
3017061,1482.4196490108834
3017062,0.0
3017063,99.68330892720425
3017064,5.972350381892995
3017065,870.3049747566273
3017066,237.34188318961574
3017067,182.9365399094492
3017068,40.12696902476433
3017069,31.27066398157946
3017070,2674.780076968682
3017071,9.400682915384403
3017072,0.12964845429524663
3017073,11.796352170168264
3017074,8.995361503264824
3017075,0.028117716644466488
3017076,132.56455794371334
3017077,1.1118526870167185
3017078,0.009292559612315248
3017079,1.5880205724316492
3017080,33.992144454504675
3017081,0.6976311280204388
3017082,139.3508566801114
3017083,155.2106198708428
3017084,0.4059632821051987
3017085,3.967795318552984
3017086,110.69652610082913
3017087,20.217754089492434
3017088,157.3818652948506
3017089,5.169676506318611
3017090,0.8469089411866094
3017091,3.039925596514152
3017092,0.0
3017093,2.5583868898773607
3017094,1527.5591613478
3017095,0.0007863417851142372
3017096,136.9124036814262
3017097,7.386668446879547
3017098,1390.9366130795577
3017099,323.8236387734475
3017100,312.8071776741124
3017101,37.922673673355824
3017102,43.85647209757956
3017103,2940.3618487367125
3017104,4.969076982870657
3017105,0.25123619040659106
3017106,7.772061677317845
3017107,19.499046046623032
3017108,0.11042194932339071
3017109,177.31677587255953
3017110,0.6620030672895946
3017111,0.012945110904905143
3017112,2.154231604106171
3017113,18.51070009943475
3017114,1.2886200343170573
3017115,214.66146227890792
3017116,234.65311385662218
3017117,0.80642849723614
3017118,3.8370766120575026
3017119,89.47372377922999
3017120,82.54718673251504
3017121,334.94079780214884
3017122,4.07798133820095
3017123,3.1112418780013655
3017124,2.895267356039391
3017125,0.5273650099306386
3017126,2.2964273478723665
3017127,1712.9965138398813
3017128,0.015310272026133338
3017129,158.17703475774633
3017130,2.784140363904138
3017131,914.0407671169629
3017132,308.21525593679587
3017133,308.0688760308461
3017134,93.04577199602394
3017135,59.745945649885634
3017136,2594.9741810622713
3017137,5.973735490239632
3017138,0.9410894722745823
3017139,11.891917010402551
3017140,14.696361052858872
3017141,0.15672055576858632
3017142,216.0622034473839
3017143,5.951395455778943
3017144,0.02843625519586646
3017145,2.751391768201095
3017146,23.157869036021854
3017147,1.380683803393467
3017148,113.83773504938227
3017149,181.76186747907437
3017150,0.7963385623009701
3017151,3.93028602568604
3017152,128.1851297850481
3017153,43.26413115089167
3017154,544.8591637723056
3017155,3.090105454284142
3017156,3.5825630932905104
3017157,3.4421629778795038
3017158,0.16063100725378826
3017159,0.8233095484615767
3017160,1354.7004697276882
3017161,0.0
3017162,117.78043461104212
3017163,4.3002007000673155
3017164,952.412411360569
3017165,199.01992756715902
3017166,149.99183922643425
3017167,121.3588751050185
3017168,31.46108450116677
3017169,1878.1800230495376
3017170,3.2098883485453436
3017171,0.20442567017538935
3017172,9.204553060614973
3017173,9.275683306238253
3017174,0.16483854299404047
3017175,149.8545164534144
3017176,0.0
3017177,0.0
3017178,1.549802512183204
3017179,29.948188588894794
3017180,1.012335058356267
3017181,46.81585342391969
3017182,121.39575545695804
3017183,0.7374810858013869
3017184,2.3237401960329906
3017185,78.35496004186435
3017186,32.65098978810767
3017187,437.4484809653978
3017188,0.0
3017189,0.703385381736836
3017190,7.5983141814966935
3017191,0.464787130967121
3017192,2.700236422706297
3017193,2808.600340082319
3017194,0.0012869525279060503
3017195,269.8114267384842
3017196,5.723177846881022
3017197,1020.5960749109262
3017198,521.9987308950228
3017199,561.0732329921871
3017200,184.74999295652054
3017201,91.04299727137582
3017202,3970.7782800426107
3017203,12.279522476548493
3017204,1.0692828250421622
3017205,17.777893394625035
3017206,21.6514539965042
3017207,0.13371975534236338
3017208,230.24276690291737
3017209,0.29498668827070096
3017210,0.0030089032112256666
3017211,6.63609509292824
3017212,41.466781189378885
3017213,2.635746590011065
3017214,208.92919663873232
3017215,231.2317471929838
3017216,1.6087904495633212
3017217,7.537441564299786
3017218,359.5679927481962
3017219,58.510299474960775
3017220,1036.665565630515
3017221,11.710533603662478
3017222,10.440867398059961
3017223,2.2518936740759017
3017224,0.1123416109484901
3017225,3.567634351272756
3017226,1569.7971670515226
3017227,0.0
3017228,226.380618735893
3017229,4.856349188197758
3017230,393.86157894207764
3017231,351.6507209160072
3017232,169.9708117947105
3017233,81.5614593349286
3017234,21.39765922011592
3017235,2052.6999138402307
3017236,7.095666629198147
3017237,0.6146827020901001
3017238,17.092168790821987
3017239,8.850519185905075
3017240,0.09255325066617202
3017241,125.9811279949958
3017242,5.199262979631055
3017243,2.078235450860019
3017244,4.795236691340368
3017245,52.66916101980199
3017246,1.4530828092788175
3017247,33.737464776702566
3017248,119.42782517936854
3017249,2.278470438155537
3017250,4.5288496097100115
3017251,190.15360229422848
3017252,46.00852967131628
3017253,901.1694461030363
3017254,65.88679702236804
3017255,5.8543179263060905
3017256,5.035770059046881
3017257,0.3830857016673112
3017258,3.085842483137732
3017259,2570.219168552321
3017260,0.006361431483974895
3017261,124.00731826034296
3017262,5.236058742893302
3017263,912.5614559750602
3017264,316.8583657112144
3017265,285.30010561762936
3017266,51.120638456359075
3017267,41.52217482350047
3017268,3226.384361883937
3017269,26.260391004735645
3017270,1.0256126371532168
3017271,12.754861651471513
3017272,14.275952711242798
3017273,0.11455854081696944
3017274,169.1794830527426
3017275,5.620332411374628
3017276,0.01358463864359582
3017277,2.9090214552048215
3017278,38.07845907062357
3017279,1.8728428630019334
3017280,120.67269479160223
3017281,182.57397960964454
3017282,1.0780002153722343
3017283,4.00753712633868
3017284,138.2325744746864
3017285,24.245530584866415
3017286,384.85755692149985
3017287,5.194671543872985
3017288,3.177717460734592
3017289,5.400343495471513
3017290,0.011610850551840647
3017291,6.61408222713891
3017292,3011.5366290433926
3017293,0.03244504242570875
3017294,569.8476211880514
3017295,10.21222180714467
3017296,844.1734992733577
3017297,784.7122086471509
3017298,253.09534998328442
3017299,193.51541386977598
3017300,107.23025200930172
3017301,3871.256019704964
3017302,37.36051876545861
3017303,1.1614186283070966
3017304,18.81138051790525
3017305,30.77771509555483
3017306,0.14405439284306928
3017307,246.7129055059045
3017308,19.96182561906718
3017309,13.584875509410878
3017310,4.854093295239334
3017311,101.96835483255394
3017312,8.486020030719148
3017313,802.9159738512301
3017314,235.52266770853072
3017315,7.459119062969295
3017316,7.867486506904815
3017317,569.9289725334552
3017318,100.50636193961408
3017319,2106.7656413515065
3017320,0.0016078009940620258
3017321,36.316294579007604
3017322,5.38499517711169
3017323,0.01623413792654762
3017324,4.65337126930976
3017325,3264.2985461511853
3017326,0.0
3017327,381.7213808405189
3017328,7.3178522348164705
3017329,2226.296297130836
3017330,537.6563827679513
3017331,774.9762681857948
3017332,78.52443022124041
3017333,70.94870360132397
3017334,4631.194453775056
3017335,11.104312313303897
3017336,0.3273945794797856
3017337,19.54153022710481
3017338,12.099968135687421
3017339,0.0
3017340,277.55355855989984
3017341,1.4755806558442817
3017342,3.7486732670160094
3017343,2.499021805825231
3017344,50.674152963529856
3017345,1.00160728080645
3017346,261.9294388597277
3017347,260.5868599054797
3017348,2.8664628022490954
3017349,4.733066371154252
3017350,430.7621648488136
3017351,71.77193786486308
3017352,675.0169251314138
3017353,68.51334376507438
3017354,10.208167828211737
3017355,8.847063335484401
3017356,0.2540403916652336
3017357,3.8262897305982295
3017358,2606.5677623806446
3017359,0.0
3017360,357.72912669749746
3017361,4.880690409720655
3017362,2112.5726291054357
3017363,458.911953121495
3017364,302.04720959974713
3017365,160.7857134538224
3017366,79.15955312331904
3017367,3726.347459596049
3017368,12.041356835309951
3017369,0.24332102160521166
3017370,32.40258324317736
3017371,27.26761701182808
3017372,0.1248032814841963
3017373,240.32605661260507
3017374,2.667998409604284
3017375,1.988399474053647
3017376,7.403323342916316
3017377,90.43802131695419
3017378,1.3138486430258978
3017379,95.07103868337106
3017380,229.58540691080754
3017381,1.8730939363803603
3017382,3.9890565026869464
3017383,178.63785222842412
3017384,134.89215751763433
3017385,1044.2226725139292
3017386,0.313314487984734
3017387,4.338946836614633
3017388,3.87385639754297
3017389,0.19066918930901963
3017390,1.3287009046458456
3017391,1388.3794493370992
3017392,0.001663373380708257
3017393,160.0341558527322
3017394,6.920072479374526
3017395,824.4269546160485
3017396,295.34890051569556
3017397,172.23547218743963
3017398,51.3807045923832
3017399,47.60196479543213
3017400,2578.4786194844164
3017401,7.386539627019056
3017402,0.6066629671735644
3017403,19.618413946525383
3017404,15.654411948489315
3017405,0.0023446000695955017
3017406,158.0126954182276
3017407,0.3358106345200552
3017408,0.014362041613020748
3017409,3.067378340828232
3017410,87.96762594695241
3017411,1.8967052036054277
3017412,105.52801549208313
3017413,152.0695222881763
3017414,0.9967073217445906
3017415,4.430326375740881
3017416,203.42627893979073
3017417,31.257820992655557
3017418,537.6874441986879
3017419,8.290979107310658
3017420,1.5509719031789264
3017421,1.3849074087089182
3017422,0.0031811431779677412
3017423,2.5178346340957645
3017424,1490.1593830188574
3017425,0.09392115629993017
3017426,273.1673858569692
3017427,9.372239514767355
3017428,522.6582178234187
3017429,439.91056710604454
3017430,140.2441942099074
3017431,65.41496262002593
3017432,67.18107191831386
3017433,2156.8892073838138
3017434,22.31826940760982
3017435,0.37023244399535493
3017436,9.498075023933543
3017437,16.13749576099739
3017438,0.190818502412912
3017439,116.96849175621337
3017440,10.092082586556076
3017441,1.5759811490210314
3017442,3.0337406825630335
3017443,62.16052490479485
3017444,3.858166314030994
3017445,576.0630787644292
3017446,147.24467900081223
3017447,2.8814391152472107
3017448,4.2143402216443935
3017449,360.4165961180844
3017450,34.664744094697966
3017451,1069.1732339527966
3017452,0.0
3017453,9.708043535572182
3017454,2.2381675306477495
3017455,0.11084691405562856
3017456,4.611761875486147
3017457,3796.6845758089903
3017458,0.042600343895507986
3017459,715.0070148355832
3017460,18.50316055325771
3017461,1078.1376006827072
3017462,1208.9000656831843
3017463,295.6737723361961
3017464,273.2238333002358
3017465,183.28928232043802
3017466,4113.6234142352805
3017467,31.788153208974187
3017468,0.6959352804303737
3017469,19.824901749110936
3017470,36.608828674884606
3017471,0.030962046766686194
3017472,246.93423574541276
3017473,11.6144479674758
3017474,33.10516414760363
3017475,8.873534356675117
3017476,124.58350132708688
3017477,11.577188587099934
3017478,589.2684458881214
3017479,258.5734082390702
3017480,14.678467397566447
3017481,8.941807607547798
3017482,720.4430115369431
3017483,119.60203129380302
3017484,3443.2603081404463
3017485,0.015800563267194787
3017486,30.97142177710393
3017487,2.0857914817326453
3017488,0.08423145057123427
3017489,3.373940882551491
3017490,2002.7358245626278
3017491,0.0
3017492,250.10507922421814
3017493,4.565221081802844
3017494,316.26908951514446
3017495,450.9103713890899
3017496,146.68640794316826
3017497,123.89686477460621
3017498,26.346159572469556
3017499,1753.8864253381344
3017500,11.820429892135037
3017501,0.8274469628375447
3017502,12.981988802397735
3017503,15.708125740489598
3017504,0.0
3017505,81.87237423554359
3017506,0.0
3017507,12.00544822243905
3017508,2.485221469334704
3017509,210.74502951848538
3017510,5.544547978534352
3017511,285.8803137432807
3017512,81.8420762709767
3017513,2.9443936527222863
3017514,5.659796501516235
3017515,224.5007377510836
3017516,15.167410224640228
3017517,79.32646329030206
3017518,0.4961179618050281
3017519,5.172420632912557
3017520,2.9133575990198293
3017521,0.0
3017522,0.21592665467315494
3017523,799.2352522740475
3017524,0.0
3017525,193.0389374365832
3017526,4.545796303067831
3017527,353.30141817138286
3017528,219.80988738446777
3017529,101.22030457630989
3017530,39.26626862541958
3017531,31.41254506920211
3017532,1506.6054607829842
3017533,8.597939101936717
3017534,0.3357642421506953
3017535,8.747706613665697
3017536,8.780959253624408
3017537,0.19906727660296164
3017538,71.67180394950609
3017539,0.0636672323326813
3017540,4.729072729895503
3017541,0.6007321946962714
3017542,24.77807423167532
3017543,0.1237992277556143
3017544,342.9304900051205
3017545,107.36883607028685
3017546,1.5519398565593054
3017547,1.0607309681483725
3017548,178.29280670080036
3017549,17.08216439608947
3017550,428.71977501772574
3017551,0.33784221314923024
3017552,1.6948254074184863
3017553,5.2241453446268125
3017554,0.1871098017819345
3017555,3.3107715191560945
3017556,2613.68751102114
3017557,0.13128565476521856
3017558,520.2496558676393
3017559,14.40643258160918
3017560,698.2637696014705
3017561,748.63083292759
3017562,305.96281309448426
3017563,232.88902197665655
3017564,130.24934035110812
3017565,3347.8328045481985
3017566,23.766661755829276
3017567,1.660405266585098
3017568,16.88467146072581
3017569,24.713568714441333
3017570,0.19824030190775288
3017571,203.96994867137718
3017572,4.89336420498862
3017573,29.375568436009377
3017574,6.460967404199862
3017575,180.2512651251544
3017576,2.959991543745584
3017577,402.6812988778823
3017578,189.12504229372504
3017579,8.885254586054538
3017580,8.75835632881778
3017581,460.0730762889421
3017582,72.89182535108849
3017583,2249.228437315116
3017584,0.7320199424762236
3017585,22.03481468359864
3017586,4.983417804519026
3017587,0.0
3017588,2.011106297060715
3017589,2883.194380374344
3017590,0.0
3017591,462.0780523318227
3017592,13.331837801663328
3017593,1229.9474692817653
3017594,657.138042866337
3017595,416.8114213176349
3017596,175.47740275394602
3017597,69.05222004760031
3017598,4168.187121751059
3017599,12.128434960148672
3017600,0.6329149005486322
3017601,23.868273524359243
3017602,18.456223397165264
3017603,0.45776335999078205
3017604,221.67779340284963
3017605,0.0
3017606,3.7102783442095832
3017607,3.904299643199367
3017608,63.54349993405438
3017609,0.9887563491618437
3017610,176.36312519130945
3017611,238.30485328484298
3017612,3.610578084297888
3017613,3.5652149593686495
3017614,231.42563566973786
3017615,73.35740068553535
3017616,1108.9673641113538
3017617,1.5859693098172465
3017618,3.22120236748889
3017619,4.948634673906345
3017620,0.345640590888803
3017621,3.0204717522295996
3017622,2657.4020674614
3017623,0.0
3017624,540.9168763107605
3017625,10.097359691862762
3017626,907.1588784911113
3017627,546.5627155018115
3017628,254.45527550848436
3017629,148.45244096865545
3017630,74.84321580574188
3017631,3321.5806991332693
3017632,12.902858439142499
3017633,0.8728491792538728
3017634,19.848280031630168
3017635,17.434263368007308
3017636,0.0
3017637,209.05897275633342
3017638,0.0
3017639,4.163982762812809
3017640,3.6653327586998024
3017641,90.5938159382688
3017642,1.1054169918186512
3017643,96.68338006634532
3017644,192.65739786942822
3017645,3.724955918000998
3017646,3.672164215049081
3017647,211.56610579820222
3017648,61.17973320186517
3017649,805.9037427888254
3017650,1.11101605950222
3017651,5.120368329742129
3017652,9.696134058900261
3017653,0.7209350983247093
3017654,13.7057122109527
3017655,8364.919195319984
3017656,0.05717999634259469
3017657,1155.5614155270544
3017658,51.9378717868093
3017659,1771.1439234253014
3017660,1909.7782637038245
3017661,410.51812687430476
3017662,556.0567316253238
3017663,362.3874101385345
3017664,8054.9349792498615
3017665,74.49442143253273
3017666,2.1704331182914287
3017667,45.629765984581425
3017668,58.87702215809508
3017669,0.13250616509621696
3017670,478.3775580873216
3017671,37.37666494831006
3017672,50.468709524793724
3017673,25.39913845904834
3017674,283.5899878132492
3017675,26.478395615415547
3017676,1177.5464278763402
3017677,477.136470076751
3017678,17.87961764096428
3017679,23.23007783986162
3017680,1461.8381151577469
3017681,234.2335588640545
3017682,6812.978338195293
3017683,0.8569558438062601
3017684,112.9464501027716
3017685,2.6014418483589568
3017686,0.3230216184319175
3017687,0.4189144153108489
3017688,1492.8693943165345
3017689,0.003192856172000615
3017690,132.47981698404718
3017691,3.370769042584955
3017692,817.1456296939474
3017693,228.69190973440652
3017694,138.0278686208126
3017695,138.84737178278624
3017696,41.54971515461974
3017697,1873.2807050908823
3017698,3.7729345992656422
3017699,0.19713815326106743
3017700,12.638582997321409
3017701,6.555641481361012
3017702,0.16444481355180943
3017703,127.49267098324366
3017704,0.43183671870628093
3017705,0.015270641861367302
3017706,2.315917084045574
3017707,32.30382293202373
3017708,0.6161384649368475
3017709,58.444667108904234
3017710,87.41589739687223
3017711,1.682773528093345
3017712,3.4403139236921563
3017713,127.65984135704522
3017714,17.786872646047318
3017715,439.0882939940253
3017716,0.06825297590725987
3017717,3.1149778339093435
3017718,6.689724543160124
3017719,0.1425609113927806
3017720,1.7068956303660519
3017721,3008.421532296515
3017722,0.0065159441148050865
3017723,501.3625671083124
3017724,8.943642477199957
3017725,1214.593679483
3017726,525.3135072884093
3017727,255.13264916915972
3017728,261.78772904448783
3017729,86.35847142290955
3017730,4047.540643507462
3017731,11.775687923525998
3017732,0.23373463210724355
3017733,22.421933690806934
3017734,18.042834816766263
3017735,0.0040946183631834455
3017736,230.3633409375749
3017737,0.6455558274664337
3017738,4.129091105715213
3017739,7.524611922792334
3017740,19.435459344028743
3017741,1.2442871911412943
3017742,316.45222789072767
3017743,239.435536512777
3017744,2.965295086188709
3017745,5.95697141507885
3017746,146.88973628553754
3017747,67.21651127787754
3017748,1010.8404482116538
3017749,1.0351745669420678
3017750,3.7553825981687208
3017751,1.0742676786660248
3017752,0.0
3017753,0.605347891436283
3017754,856.743456647767
3017755,0.0
3017756,95.49112073004058
3017757,2.983331661715148
3017758,799.4453441712704
3017759,128.51500266855757
3017760,94.06911353137168
3017761,146.79455783400113
3017762,15.753459701519748
3017763,1631.1269396956131
3017764,0.8930579731153664
3017765,0.2046838160753249
3017766,8.722090964548311
3017767,2.9525438064045684
3017768,0.0684369674608803
3017769,72.88399486776612
3017770,0.0
3017771,0.0
3017772,0.3547863461513384
3017773,36.10149526532061
3017774,0.27886452423824126
3017775,64.44763580235211
3017776,77.23145343847433
3017777,0.3865537011319056
3017778,0.9005151174966681
3017779,74.13304904032174
3017780,9.670236590427635
3017781,171.232782120623
3017782,0.0
3017783,1.2483618016768299
3017784,6.136836710549961
3017785,0.0
3017786,2.435833441395354
3017787,1684.7789517958838
3017788,0.0
3017789,187.28136213596522
3017790,6.886268820860909
3017791,764.9886928427545
3017792,286.3813152740123
3017793,210.67960705041006
3017794,115.35174641073601
3017795,68.20576610988542
3017796,2614.199971715462
3017797,2.387509331265006
3017798,0.42213612791141275
3017799,22.15042856924903
3017800,13.974488452920646
3017801,0.13474920079754263
3017802,170.6154982292979
3017803,0.0
3017804,0.01191271111381936
3017805,9.61553911230112
3017806,33.49832316772884
3017807,1.0696965234590579
3017808,206.03120162682637
3017809,172.97950562818136
3017810,1.327776371537956
3017811,3.0797503814660736
3017812,250.94479057005162
3017813,25.972542842436642
3017814,1001.409719806966
3017815,0.0
3017816,0.4959069534904119
3017817,2.646476813993562
3017818,0.2956995201411999
3017819,1.441510287066991
3017820,2224.2425406747757
3017821,0.023120727798880344
3017822,648.750631512792
3017823,8.517990193577521
3017824,963.7211887070846
3017825,501.22687638487065
3017826,255.5643856609842
3017827,127.30777721040158
3017828,67.66876886370473
3017829,3893.3516118781836
3017830,5.310499272926293
3017831,2.909303225770652
3017832,30.998900008792365
3017833,37.37017693213148
3017834,0.06885980174734031
3017835,203.99636482050187
3017836,1.6874308617430107
3017837,4.014600385952062
3017838,2.9054860722983418
3017839,38.05037068974507
3017840,1.7943326528170247
3017841,158.3521195710624
3017842,253.14806241727302
3017843,2.636948978601746
3017844,5.212421658143781
3017845,175.91786450884575
3017846,31.419368028890144
3017847,579.2352447219744
3017848,2.6040894304068734
3017849,1.9141248289750716
3017850,2.880615797524131
3017851,0.0
3017852,0.29552054679508066
3017853,1255.156108760702
3017854,0.0
3017855,85.60469625781433
3017856,2.204495626145343
3017857,385.3160578843728
3017858,141.06073570089296
3017859,110.17050533826428
3017860,122.4512740485185
3017861,37.38828117972225
3017862,1695.4629099827705
3017863,4.600607382121401
3017864,0.3932066468136044
3017865,6.865764661664015
3017866,6.332050201755128
3017867,0.0639539576696809
3017868,80.18495426322225
3017869,0.0
3017870,0.0
3017871,0.17583798088460637
3017872,46.28400813362985
3017873,0.4638659266028402
3017874,151.5304899422425
3017875,82.80673463838347
3017876,0.7470188475641489
3017877,0.8541758385030246
3017878,71.8187829694908
3017879,16.20067126778478
3017880,300.51500109204665
3017881,0.020900656186433934
3017882,0.5853505976577349
3017883,3.7143220479093944
3017884,0.0
3017885,0.688950674466096
3017886,3347.0958702351627
3017887,0.0
3017888,469.2179627395326
3017889,8.19208763159696
3017890,869.0984567268969
3017891,465.0762738299305
3017892,231.9169898380184
3017893,115.72989717407329
3017894,101.29196702481208
3017895,3779.177702438783
3017896,6.514857706650296
3017897,0.24825630000334503
3017898,22.13862488777757
3017899,9.42143441074108
3017900,0.10522512452152183
3017901,216.08965572788188
3017902,0.0
3017903,20.58566080082506
3017904,2.2326965633753644
3017905,65.89978385767286
3017906,0.9104000793794784
3017907,197.77120773170188
3017908,209.63465057572986
3017909,1.9818612566710379
3017910,3.003941090557994
3017911,131.76332651039888
3017912,44.160924145137784
3017913,1118.192356328085
3017914,0.6183416974313736
3017915,0.8040437525209115
3017916,3.042734739157524
3017917,0.03349229435985589
3017918,6.818704471119745
3017919,3178.777379163619
3017920,0.043966252841064105
3017921,508.005648218124
3017922,7.107481952234876
3017923,835.8482231402098
3017924,822.836082619849
3017925,173.97849881590443
3017926,155.79285009226768
3017927,120.43744717515624
3017928,3565.7805844374084
3017929,53.41753004473836
3017930,1.2285997881662358
3017931,30.485087174406093
3017932,25.786951028544266
3017933,0.2581638903992879
3017934,253.38241796780974
3017935,21.30222500358475
3017936,20.939316037400996
3017937,1.340563250535257
3017938,139.89292293993876
3017939,8.589577030038008
3017940,307.9858565075665
3017941,231.5036963658046
3017942,11.381276932560468
3017943,13.00902798820534
3017944,309.49732258171593
3017945,76.17129660442062
3017946,2258.1122788346543
3017947,0.02687820655352361
3017948,15.094701629209801
3017949,4.752659742738149
3017950,0.006010241578003076
3017951,6.338101530503622
3017952,2554.8547563671277
3017953,0.017168002070712673
3017954,367.2448963968873
3017955,11.743380921433706
3017956,937.8981491107389
3017957,773.0526761398922
3017958,158.15544570258822
3017959,103.81183617691163
3017960,111.78304105040363
3017961,3650.368880209314
3017962,24.20316983712774
3017963,0.7828718951949495
3017964,36.57511937686355
3017965,49.608749837442325
3017966,0.011354028859366604
3017967,314.8132376445528
3017968,17.553374437673074
3017969,14.248484456294387
3017970,6.722261561142937
3017971,113.81903227910003
3017972,10.102155362006117
3017973,214.58754075866506
3017974,349.4174457213362
3017975,5.782969362490973
3017976,9.606273972345464
3017977,179.1946950655088
3017978,87.64609317800144
3017979,1789.4554868296268
3017980,1.310983915430764
3017981,17.844402994812306
3017982,7.242302217911065
3017983,0.19823533179713218
3017984,3.4929429794922933
3017985,3234.3470190670196
3017986,0.012379473357825497
3017987,565.7870236125383
3017988,5.190663330504196
3017989,2482.444809587812
3017990,509.5713481153002
3017991,185.23161805576171
3017992,334.7986175767607
3017993,64.98347349815123
3017994,4927.701407951673
3017995,27.679083047766984
3017996,1.3568284601531835
3017997,21.206099375491117
3017998,17.37581090266255
3017999,0.04828257190163487
3018000,257.435128644907
3018001,3.332021627417791
3018002,12.075263601848125
3018003,5.298571332189864
3018004,69.77936715662615
3018005,2.7608839342868836
3018006,134.2355480649007
3018007,267.4870212841633
3018008,5.418485218181811
3018009,8.656010513648592
3018010,278.7232492190489
3018011,57.02266463563462
3018012,1409.1022788543144
3018013,6.577984221131193
3018014,10.50399434614499
3018015,3.48680716320402
3018016,0.30593281912537573
3018017,4.382273510571177
3018018,2440.6435093111786
3018019,0.023702175670622976
3018020,345.7952137640861
3018021,7.262063696121569
3018022,740.6107732626784
3018023,651.4541758663227
3018024,206.00920059954072
3018025,147.29866135900508
3018026,95.41088166723449
3018027,2943.0629358793026
3018028,23.10453344029683
3018029,1.0862920996417453
3018030,12.990408566641115
3018031,10.679209549059918
3018032,0.09526214282883395
3018033,223.0535713901556
3018034,14.85709291257914
3018035,17.921260793814273
3018036,1.4771419235406908
3018037,111.18961281564395
3018038,6.195289463379354
3018039,500.18566262407325
3018040,202.60714198356402
3018041,5.022491790784511
3018042,7.360625115308589
3018043,452.2076661920424
3018044,55.436359363046314
3018045,1880.4002854877942
3018046,0.01602298028088905
3018047,29.994238568224503
3018048,2.84603620517567
3018049,0.12945670495596104
3018050,1.7051343500261056
3018051,5056.992593011256
3018052,0.012009361743568361
3018053,352.52335349243947
3018054,7.65835655697527
3018055,2548.7023544418535
3018056,528.2663443206729
3018057,293.13628623582406
3018058,179.67383001787508
3018059,78.06266094528432
3018060,5183.366532038918
3018061,9.24923940698923
3018062,1.574078884053102
3018063,25.033928023955784
3018064,19.746150711020775
3018065,0.21538433828193845
3018066,341.311882725348
3018067,0.004678659759327968
3018068,0.16044672169763016
3018069,7.343749093372873
3018070,51.38288179412475
3018071,1.5154768814398512
3018072,126.52487247640664
3018073,314.13521681055005
3018074,2.5557959086496624
3018075,8.630000073827699
3018076,238.3789696403592
3018077,53.37017413015536
3018078,921.2712563252693
3018079,0.0
3018080,3.784304029355853
3018081,5.767159875339037
3018082,0.008291339759928141
3018083,5.282306041475352
3018084,2408.2838074446436
3018085,0.018861624397412617
3018086,435.04897768660084
3018087,10.29103090425849
3018088,930.0455942406618
3018089,608.9013930651173
3018090,234.33149260249408
3018091,140.6175401493603
3018092,125.01342611809972
3018093,3487.017313447091
3018094,42.237411441770384
3018095,1.0515357785681414
3018096,20.412470339273373
3018097,35.140277877943994
3018098,0.014431506799312807
3018099,208.33301266135305
3018100,14.191353712958742
3018101,15.086428157067399
3018102,5.854081367169988
3018103,119.68253276654842
3018104,10.606131463341868
3018105,294.98806593359853
3018106,297.63186396004954
3018107,11.095100092300498
3018108,7.31298963190112
3018109,230.9545335294602
3018110,62.649387633259146
3018111,1758.269324975872
3018112,0.31207822042160455
3018113,7.135364589012829
3018114,2.784904791597885
3018115,0.011499786317029843
3018116,3.514972919045246
3018117,2671.6053121833697
3018118,0.03065376747468786
3018119,417.2963781235955
3018120,9.755691794978219
3018121,623.3602364945078
3018122,754.5185599647673
3018123,179.7226906766638
3018124,146.7840904303696
3018125,125.50058815099861
3018126,2890.878888108645
3018127,30.063847175263597
3018128,0.7497599126934479
3018129,20.279194151942114
3018130,20.133512703106238
3018131,0.018494752041007787
3018132,175.83723241659033
3018133,11.861684985817334
3018134,34.34422938923801
3018135,6.001737971758994
3018136,73.62726810499251
3018137,8.320614532627816
3018138,273.70866071314424
3018139,178.7745761844613
3018140,7.669540872390629
3018141,7.438199917521947
3018142,254.48749389257216
3018143,56.74577206787379
3018144,2094.9236079630077
3018145,0.1414127772521764
3018146,16.463960579699688
3018147,4.523476914717248
3018148,0.11132766571922932
3018149,2.0101622671927837
3018150,3802.9836250643316
3018151,0.0
3018152,450.1286639058361
3018153,13.433930332302898
3018154,1103.6017698302678
3018155,490.8561841273272
3018156,250.81310894402716
3018157,140.64740197370253
3018158,48.781382840581784
3018159,4058.7206744494515
3018160,6.5917775299126
3018161,0.17013528385948337
3018162,13.784733050510257
3018163,16.21383020984358
3018164,0.07626020195083143
3018165,218.6114939624812
3018166,0.0
3018167,4.755253329949503
3018168,1.0027149968507623
3018169,68.1514002530636
3018170,2.411379306719658
3018171,147.8823216895882
3018172,259.04488838775904
3018173,2.301771190635322
3018174,1.6394061744445156
3018175,275.2202100572651
3018176,96.98106783351199
3018177,955.1036887837517
3018178,1.190400603836557
3018179,0.6666615854892818
3018180,12.287473656520712
3018181,0.016589414149734187
3018182,15.803604485363383
3018183,9321.16571766799
3018184,0.03624538070912
3018185,1472.4722745724923
3018186,27.625019372479798
3018187,2287.168713370985
3018188,2191.934937502701
3018189,593.9715599344246
3018190,671.8838171060812
3018191,401.49473041590585
3018192,8663.997360388807
3018193,80.49902558749166
3018194,3.1424068415975364
3018195,96.99353955450202
3018196,110.58958480522251
3018197,0.2456716578068802
3018198,619.0137941499689
3018199,34.527881765808964
3018200,23.92767119502561
3018201,47.338988112995594
3018202,393.36379715220863
3018203,24.346070010023787
3018204,1341.869717961113
3018205,550.9749540730235
3018206,38.285551555101186
3018207,35.50909405161549
3018208,1551.7994928397086
3018209,273.0658707966115
3018210,7300.5691283439655
3018211,308.56173861145305
3018212,122.89432385313788
3018213,13.911064416300087
3018214,0.005867453593983335
3018215,12.86589492078559
3018216,9232.981614264327
3018217,0.042893133929248706
3018218,1190.265784113933
3018219,27.086004173297667
3018220,2429.0486871590642
3018221,1984.910136515735
3018222,752.3099191241853
3018223,433.5873105462355
3018224,352.87713119073015
3018225,9526.75132990573
3018226,112.61779547851864
3018227,1.1312316297503662
3018228,61.76231032802484
3018229,80.27765796522864
3018230,0.5218831095514536
3018231,597.8656520913494
3018232,24.973944153878058
3018233,34.37132199445053
3018234,11.006823656938817
3018235,275.4701160772576
3018236,18.19048828079895
3018237,1799.3040068789392
3018238,639.0739202618917
3018239,21.761128583350104
3018240,29.172415287508908
3018241,1607.1026502842944
3018242,263.2854129589345
3018243,5052.517333551823
3018244,341.9264621983092
3018245,98.58160169508915
3018246,10.191846477783441
3018247,0.0006929604029017694
3018248,16.56062425119544
3018249,5703.06639327145
3018250,0.12474322958454447
3018251,791.1463616365094
3018252,15.050103105465558
3018253,2120.747262745929
3018254,1275.5650628498972
3018255,819.6378287506839
3018256,168.03796611842768
3018257,263.6306962765589
3018258,8956.880851975055
3018259,46.914047834654596
3018260,2.0328296511485378
3018261,35.08066659525268
3018262,25.798089425715194
3018263,0.2850434866337216
3018264,561.5583227005474
3018265,26.716922126424777
3018266,19.831425392335856
3018267,8.005411564151304
3018268,156.54533207081016
3018269,9.132291431764925
3018270,1499.119429028772
3018271,623.1621023047423
3018272,21.227776528578243
3018273,39.95122147817773
3018274,1031.2623420656598
3018275,138.5206069462962
3018276,2426.5659413160865
3018277,231.9798623077577
3018278,59.12361318600314
3018279,13.89862128078292
3018280,0.0066296642549147225
3018281,18.110431516872843
3018282,8496.021259299632
3018283,0.043683401336801084
3018284,1085.6424187351058
3018285,20.278403462253955
3018286,2100.29488361547
3018287,1796.8940501884365
3018288,695.8185130859575
3018289,396.294817915318
3018290,244.913849774828
3018291,9441.668600930701
3018292,52.652972907458214
3018293,1.3163160177693418
3018294,58.691771068993475
3018295,75.89542360404407
3018296,0.5753242948062756
3018297,562.4075368974171
3018298,27.359347132117495
3018299,26.65543956371206
3018300,12.780994696753131
3018301,268.0343297738043
3018302,13.734962898260838
3018303,1478.836815337534
3018304,638.496280317802
3018305,21.5027821639416
3018306,28.5148121423479
3018307,1407.3316708673726
3018308,226.35511131536762
3018309,4786.754660779708
3018310,511.5028453829408
3018311,85.13944094259568
3018312,10.331375126594308
3018313,0.0
3018314,17.3207028297271
3018315,4536.448096949591
3018316,0.0
3018317,687.562154443254
3018318,14.971713528979311
3018319,1797.9888509649606
3018320,1063.748462345869
3018321,616.3089147998019
3018322,127.36455375461243
3018323,154.91377995126015
3018324,7189.221555883693
3018325,44.934893075564865
3018326,0.25603425073761094
3018327,29.958717482334553
3018328,48.51548849141905
3018329,0.13636154437479764
3018330,524.4393418179669
3018331,28.784838038132857
3018332,10.526772006659495
3018333,6.784551056932789
3018334,151.26352039409292
3018335,4.816128084243699
3018336,1245.698744384219
3018337,594.1136857731561
3018338,14.886990547512212
3018339,22.85731016546071
3018340,991.9704603701518
3018341,89.84533456392188
3018342,1741.3113641433679
3018343,371.8605552316496
3018344,29.764048655877186
3018345,11.20023392112107
3018346,0.020196153339906237
3018347,11.387652211742516
3018348,7187.787225413109
3018349,0.041614026562219776
3018350,1135.5649093187853
3018351,25.63095642102673
3018352,1586.4022177014515
3018353,1968.5547816486837
3018354,466.6202809971979
3018355,495.9406062311962
3018356,359.1421287371833
3018357,7597.952191750641
3018358,68.6861956333606
3018359,1.3526867818425965
3018360,51.42432064920269
3018361,58.727759692241186
3018362,0.37526271959709795
3018363,464.9510527055567
3018364,19.384382768370465
3018365,30.096726009567927
3018366,11.768104046056877
3018367,296.98484634963154
3018368,17.309656873074292
3018369,1260.493413529226
3018370,470.8491196942309
3018371,17.947473862384065
3018372,31.47355082825277
3018373,1245.1508436369809
3018374,226.137830335905
3018375,6327.600826296604
3018376,213.49872916308223
3018377,101.20064599871901
3018378,5.037412005432549
3018379,0.2972016392903092
3018380,4.6451497037585625
3018381,1773.950221222932
3018382,0.03747077954608508
3018383,321.24187204416666
3018384,25.798018936432378
3018385,836.6721883088335
3018386,460.44667824214775
3018387,212.07203968689555
3018388,103.34498577780394
3018389,101.84322965833888
3018390,2762.486741515159
3018391,44.50175202050316
3018392,0.919679922906708
3018393,25.24477206717534
3018394,20.228661032596932
3018395,0.0869817085647871
3018396,187.17153695001906
3018397,10.498341048026386
3018398,7.043481084376602
3018399,9.354881429816258
3018400,73.17122084777334
3018401,6.582712436201446
3018402,291.41877594716834
3018403,201.2374520201141
3018404,2.889767983001353
3018405,6.321313604001539
3018406,266.7950467122677
3018407,60.87368584282555
3018408,1418.6667352440425
3018409,0.49735626075013106
3018410,11.448286424063946
3018411,9.49337071464404
3018412,0.002299649367822692
3018413,11.782355154765272
3018414,4492.395448782078
3018415,0.02090624519536605
3018416,572.3977693606823
3018417,33.41980530405234
3018418,1600.8036281399193
3018419,964.9302551917658
3018420,462.22572970859125
3018421,117.33007126391776
3018422,153.50265828174105
3018423,6771.712730171246
3018424,80.10823222037097
3018425,1.0159467868683156
3018426,50.957863445358434
3018427,34.345759458097604
3018428,0.12325954586328614
3018429,406.23187948930047
3018430,19.067362976984448
3018431,7.105832115221727
3018432,2.823765830441872
3018433,157.29119259068602
3018434,7.912886386716306
3018435,784.8218829543619
3018436,445.5932786276102
3018437,10.142236626051497
3018438,21.20858389524153
3018439,484.72752834453513
3018440,87.07894902538882
3018441,1955.121188771247
3018442,424.7550370846409
3018443,24.187841246042574
3018444,6.27351420331683
3018445,0.011621476082782035
3018446,4.208370263771431
3018447,4483.67355696466
3018448,0.03179243703941338
3018449,830.6386440039839
3018450,9.124960191604497
3018451,1342.7807372800833
3018452,1486.150867582146
3018453,280.6975250599309
3018454,399.73257700516757
3018455,300.3708403093235
3018456,5079.832609592737
3018457,40.07570303749675
3018458,1.1934692945020098
3018459,29.796149636664627
3018460,38.65071965790895
3018461,0.25527209073234974
3018462,304.05653169498436
3018463,1.6975804725739372
3018464,41.8283219905095
3018465,4.363318867951262
3018466,178.92584908263336
3018467,9.63094469121988
3018468,1006.5747287666065
3018469,256.15864931323324
3018470,19.44197944282734
3018471,9.48610085218609
3018472,1547.4814966229046
3018473,117.90230893786699
3018474,4529.767717256878
3018475,2.5442215600264073
3018476,57.04171789113591
3018477,8.854384711460549
3018478,0.0
3018479,5.5946578468532495
3018480,4310.1234923641405
3018481,0.0022462726760261783
3018482,924.8629711132187
3018483,10.38722837697959
3018484,1449.582469653415
3018485,1107.7368034701547
3018486,364.0856107854182
3018487,255.14330136407074
3018488,306.84948330503835
3018489,5062.793233155651
3018490,47.67180734387307
3018491,2.1902511459661778
3018492,47.68450679709876
3018493,39.04319167737518
3018494,0.17334224039825194
3018495,329.78593239066987
3018496,6.375733849130669
3018497,46.53394082946051
3018498,6.700435868869201
3018499,271.92861913787874
3018500,7.734254563978978
3018501,796.6807443210913
3018502,328.4730120757646
3018503,11.999395999604193
3018504,22.72321831668331
3018505,636.7782113348301
3018506,113.64530487767382
3018507,3099.946484271148
3018508,4.20227806706095
3018509,12.916466137599235
3018510,8.831917811929342
3018511,0.3387911505532408
3018512,4.2635531345199755
3018513,1779.9216915509799
3018514,0.347421509967178
3018515,323.2882492419387
3018516,9.260725625705792
3018517,776.9103682416751
3018518,341.36680357638346
3018519,206.85665603829761
3018520,92.18025146359017
3018521,91.60833523082673
3018522,2292.934666297818
3018523,15.913756581338427
3018524,1.9271061184838967
3018525,28.10052710230574
3018526,25.271792104282746
3018527,0.3926234658384738
3018528,172.81600164280027
3018529,5.57591474732622
3018530,13.818802198197805
3018531,7.471357548335873
3018532,82.44988336955346
3018533,4.3935192034821515
3018534,306.09755806968053
3018535,158.1027327770411
3018536,5.845972248727693
3018537,7.0382113275537215
3018538,189.1469624420889
3018539,55.89024398071963
3018540,1266.7910391859637
3018541,0.4753600374802871
3018542,5.622422934251405
3018543,7.288484245625133
3018544,0.3387911505532408
3018545,1.6289501949086342
3018546,2353.207515127314
3018547,0.347421509967178
3018548,142.1334632067238
3018549,5.226640412387491
3018550,949.5667976074092
3018551,167.81301207638842
3018552,179.2794983225575
3018553,50.709664036957705
3018554,29.766784913748143
3018555,2318.0184456311968
3018556,10.910604522033125
3018557,1.269875234437776
3018558,16.655744406865786
3018559,9.233780622749519
3018560,0.39029671586339465
3018561,163.76484706817232
3018562,0.33269072308149483
3018563,0.3742568245393268
3018564,4.505307987879818
3018565,30.629929792644177
3018566,1.5236868642900967
3018567,44.15828450647464
3018568,147.94900169754683
3018569,0.5729341768253479
3018570,2.4204482235722193
3018571,66.68877510811014
3018572,61.046615453838044
3018573,390.39367103623033
3018574,0.2780004872465019
3018575,2.6403407745445957
3018576,5.123527353657484
3018577,0.0068265462154477345
3018578,5.561103759492599
3018579,3227.646224117856
3018580,0.015895435903799375
3018581,471.3549641654005
3018582,12.887292156004458
3018583,1422.4034792251618
3018584,854.3809093158228
3018585,375.94472479480004
3018586,180.88478941676973
3018587,146.96824170199923
3018588,4443.072763990904
3018589,31.15123347992797
3018590,0.711565218632583
3018591,23.813313526526834
3018592,53.76148521180023
3018593,0.01295779313751446
3018594,343.41197065977417
3018595,20.343973680030675
3018596,14.801001668930706
3018597,8.830757500311732
3018598,120.07121658988713
3018599,5.977528417498659
3018600,613.6304884382412
3018601,259.52068539136684
3018602,8.619645389958647
3018603,12.694778931233042
3018604,671.6193109488282
3018605,95.22817726194178
3018606,2031.96253855266
3018607,0.0
3018608,44.53711992220444
3018609,4.107623923227635
3018610,0.04039319205767745
3018611,5.061808841047568
3018612,4068.037121757682
3018613,0.17664311106095915
3018614,638.125995369762
3018615,18.939796316267238
3018616,957.6388726245677
3018617,1200.8598374098465
3018618,203.96628398170375
3018619,306.2395950626343
3018620,251.27146473523686
3018621,3734.9991522920977
3018622,38.099766142566175
3018623,2.049951172948775
3018624,26.202373610510794
3018625,30.488512539885033
3018626,0.5247000688547823
3018627,232.33895725451885
3018628,13.115533659626532
3018629,40.76874415214694
3018630,7.92576122397047
3018631,212.15150811842034
3018632,13.183332826354732
3018633,686.6312270055306
3018634,230.9997942023226
3018635,6.23466001329495
3018636,14.948665679703431
3018637,783.8334266402916
3018638,141.75279066437565
3018639,4375.3984366843
3018640,0.24886672591464667
3018641,49.66053617968401
3018642,3.2537380830797393
3018643,0.4391613175226905
3018644,10.67025329091682
3018645,4799.411953470495
3018646,0.041212762304382186
3018647,782.2421559266294
3018648,19.81216172444208
3018649,1131.7439488422383
3018650,1289.8683942640805
3018651,299.1239451554212
3018652,352.80186049969336
3018653,159.27445868670324
3018654,4726.77498017887
3018655,42.3366192612116
3018656,2.7021546526531623
3018657,36.96830793668017
3018658,52.573076254249024
3018659,0.03837236292751118
3018660,324.54746824510266
3018661,27.758577564309302
3018662,32.284012608711905
3018663,19.28288790424079
3018664,176.9617887271128
3018665,17.105842000506584
3018666,686.6213556323808
3018667,308.61727609757406
3018668,15.896223563508935
3018669,19.024739581901333
3018670,838.8369299739131
3018671,151.57085819048615
3018672,3975.8927825280707
3018673,0.7474583686652112
3018674,48.31462633204786
3018675,10.042117467283648
3018676,0.27111388072473974
3018677,6.826890828873458
3018678,3066.4691480946226
3018679,0.004811126862354013
3018680,417.38758609442255
3018681,12.655378983220515
3018682,1368.2838399021027
3018683,616.9594176930913
3018684,550.6664431013851
3018685,140.18800803269997
3018686,94.02278612253474
3018687,5598.011274448554
3018688,9.393160044514211
3018689,1.0614522156485713
3018690,43.26174633681507
3018691,38.82510937323877
3018692,0.005494494324018538
3018693,316.1277755656145
3018694,8.035629396897878
3018695,3.5563299531786803
3018696,6.711126330052938
3018697,55.80180019320639
3018698,2.604143633899492
3018699,256.97621088138783
3018700,350.6015132160453
3018701,5.781193831602697
3018702,6.695020153201487
3018703,437.3976476135192
3018704,87.8290823900076
3018705,1222.4506757039853
3018706,110.8111185829341
3018707,12.624191129649986
3018708,4.375684985875534
3018709,0.0
3018710,3.818941057673986
3018711,2072.2083646068822
3018712,0.04345272800535022
3018713,321.26329392864864
3018714,10.961621271314149
3018715,614.4742376375411
3018716,636.5884644728172
3018717,123.08759838731282
3018718,119.2842982763806
3018719,111.92000309788509
3018720,2438.6695839333333
3018721,16.86385155081771
3018722,1.4299335919482485
3018723,20.007198655086892
3018724,25.224134424047737
3018725,0.2532816266806278
3018726,165.3806585359043
3018727,13.557239532154503
3018728,14.8548211669458
3018729,5.903880752138666
3018730,123.5458885651393
3018731,5.867416117376266
3018732,221.75713018178405
3018733,138.89445411798724
3018734,3.8975334216661333
3018735,8.077901277193249
3018736,233.97572435143155
3018737,61.14669917673768
3018738,2088.8552454655983
3018739,0.0
3018740,26.905103092458027
3018741,1.4239952028118126
3018742,0.0
3018743,1.9617388523437727
3018744,1576.8028891896802
3018745,0.0
3018746,111.2889117879127
3018747,5.339952642380274
3018748,1141.6398528343516
3018749,308.8266186652785
3018750,274.42529478634486
3018751,48.92188329529232
3018752,53.96741122886707
3018753,3185.364026585566
3018754,5.727458946695994
3018755,0.386515074574323
3018756,11.371352297741065
3018757,8.72549111947208
3018758,0.050830699946275815
3018759,205.14261780566432
3018760,4.089960062520676
3018761,0.016599669447688325
3018762,1.5786883350020404
3018763,17.561750718833594
3018764,0.4271470615183995
3018765,161.0231107272826
3018766,200.06964061769165
3018767,0.9246191281238156
3018768,4.436046065379702
3018769,136.03895583453826
3018770,31.779634197681858
3018771,239.30840324058417
3018772,8.263279789449388
3018773,2.6281609612993493
3018774,9.753712727594104
3018775,0.18956962680894787
3018776,6.21378896358077
3018777,4417.673262237946
3018778,0.011844555298578046
3018779,633.3581364773528
3018780,17.355045350264707
3018781,1884.5148118631714
3018782,639.4228520542911
3018783,505.7504046137291
3018784,229.1374959757949
3018785,118.6250247492151
3018786,7454.26064387595
3018787,34.232739898683484
3018788,0.7322692617997868
3018789,32.266724288799026
3018790,25.345253457706647
3018791,0.1303881557788082
3018792,467.93442913505135
3018793,11.508627010781765
3018794,2.0930773411789145
3018795,11.069648616723159
3018796,60.585752898418654
3018797,2.484044859408066
3018798,622.6219952735034
3018799,406.7611719645828
3018800,2.9300139933295823
3018801,18.55139155727952
3018802,424.3825631772877
3018803,111.36873803134303
3018804,1252.2430085269127
3018805,35.49907253459421
3018806,15.215811477984083
3018807,6.679399157053093
3018808,0.003509116116556712
3018809,0.9262166083199698
3018810,1920.174404624835
3018811,0.004871519331143027
3018812,195.2487288369209
3018813,13.593328476737243
3018814,1567.8494271570808
3018815,439.213257010781
3018816,218.91841830065005
3018817,66.10404930227799
3018818,57.717733970813775
3018819,3299.1516798653765
3018820,8.918920598655484
3018821,0.3588712038885148
3018822,16.344461433975574
3018823,21.640415062484205
3018824,0.18298080350225404
3018825,194.39553612987334
3018826,6.745434878913876
3018827,0.022949171905923278
3018828,9.76422181897141
3018829,54.252118256199914
3018830,1.4496975033388197
3018831,153.0617659793398
3018832,203.48379290804442
3018833,1.468008923975223
3018834,7.292150639800697
3018835,143.69779979145054
3018836,37.81986920884257
3018837,383.5723983413969
3018838,6.649455181864083
3018839,4.566175151753379
3018840,5.576607377635484
3018841,0.0
3018842,4.151282279863821
3018843,1907.0210974971658
3018844,0.0
3018845,129.0876494901472
3018846,8.69137421246976
3018847,981.9574081492326
3018848,331.32393610747954
3018849,180.50800298627829
3018850,47.789711105560684
3018851,47.88774946263461
3018852,3279.4965836424303
3018853,12.09732924237508
3018854,0.14349663221009562
3018855,18.746201991164966
3018856,10.984902123464941
3018857,0.00152843101925642
3018858,185.61870298311504
3018859,1.4641438321023177
3018860,0.015376534314297365
3018861,2.0772096469771744
3018862,42.684168651095014
3018863,0.9142945260152523
3018864,166.00304812724266
3018865,218.73326620404964
3018866,0.4263222856379835
3018867,5.277849971862232
3018868,111.8011778931155
3018869,25.682549897796942
3018870,202.44457794899316
3018871,8.05270959210408
3018872,2.9103470894352164
3018873,4.120725913520095
3018874,0.0
3018875,3.130267364923231
3018876,1732.4178473530537
3018877,0.0
3018878,173.19521740108814
3018879,10.08424075881358
3018880,2016.953458998564
3018881,442.8232831874945
3018882,251.22650661787952
3018883,40.31474449953598
3018884,63.17325117319228
3018885,3708.6687668822874
3018886,5.98238184357103
3018887,0.328336424943831
3018888,12.747859634615422
3018889,25.43274894324188
3018890,0.12307431912625795
3018891,264.8856144490806
3018892,0.9812740011860579
3018893,0.01524756144619611
3018894,2.935500764849423
3018895,26.464875239269325
3018896,1.8160892693538204
3018897,300.70887714458604
3018898,347.24688838961845
3018899,1.163329613624417
3018900,5.579601049651637
3018901,103.85290000188238
3018902,96.48883795707769
3018903,427.087304856479
3018904,6.855421388621097
3018905,5.832933790562198
3018906,3.6613880304193724
3018907,0.6165630976759252
3018908,2.9284813292182648
3018909,1753.587031326808
3018910,0.0
3018911,166.8974545805959
3018912,3.3700185637010263
3018913,946.9820253653425
3018914,343.55595322639914
3018915,238.54365890943296
3018916,84.12561867534878
3018917,92.39972170982246
3018918,2787.041507684182
3018919,6.836789656831462
3018920,1.0999992186790273
3018921,15.058659785699653
3018922,17.82384032447113
3018923,0.12184847600138238
3018924,238.35180684245222
3018925,7.803545847606192
3018926,0.013108022793068951
3018927,3.0055379993757576
3018928,33.32907271587742
3018929,1.7082741528876257
3018930,120.88806033706798
3018931,206.4594746153727
3018932,0.9618401587332115
3018933,4.871378193978981
3018934,114.48347373888717
3018935,43.59063453809381
3018936,624.4408117479524
3018937,5.942660881716308
3018938,5.37548220808615
3018939,5.176801229790629
3018940,0.20544997626835484
3018941,1.0764274672316758
3018942,1578.28785480958
3018943,0.0016125816631805585
3018944,154.08428676992787
3018945,6.738508996778475
3018946,1058.8530107407569
3018947,287.469772940527
3018948,172.0944067444053
3018949,139.49243072399798
3018950,51.291465163126546
3018951,2470.3687480307567
3018952,4.508062847619481
3018953,0.2248164058700368
3018954,14.29562917527162
3018955,12.733855463459864
3018956,0.21312776000872094
3018957,190.960805655651
3018958,0.023215418101338457
3018959,0.021307527403354502
3018960,2.246387852738218
3018961,46.16530082508729
3018962,1.4399861265280713
3018963,56.428055154693006
3018964,174.19077517135972
3018965,1.0335162683219945
3018966,3.291185873625114
3018967,71.32116942860601
3018968,41.746185548608224
3018969,495.1589713215705
3018970,0.0
3018971,0.926220474463894
3018972,11.042360287444003
3018973,0.6573369824122391
3018974,3.735453178965251
3018975,3401.749900187802
3018976,0.024007056370639178
3018977,369.1315470578625
3018978,9.888178101178369
3018979,1633.8071866162245
3018980,790.1313937561578
3018981,583.8174303675667
3018982,212.13966768896321
3018983,177.7113583682699
3018984,5190.266357727683
3018985,19.38812476711832
3018986,1.6575508386678623
3018987,27.928580479266174
3018988,34.59968896527634
3018989,0.2231748869061157
3018990,342.3994357865199
3018991,0.5283754495004754
3018992,0.042854503971074875
3018993,13.825734962911852
3018994,52.724801905695344
3018995,4.20839113548408
3018996,245.91498546336047
3018997,344.5228086512918
3018998,2.6417670933468793
3018999,12.9362986653653
3019000,445.66445291924293
3019001,75.97215862957204
3019002,1467.6880009323813
3019003,21.278148342866633
3019004,17.60902717410037
3019005,3.3540120583791433
3019006,0.1295344847972676
3019007,5.457447033451718
3019008,2212.6064066817603
3019009,0.0
3019010,358.460937568868
3019011,7.0338040837307805
3019012,623.057122188781
3019013,528.0122007772369
3019014,221.54646539655178
3019015,140.2417844362667
3019016,80.90056199973493
3019017,2654.521494604421
3019018,9.004072517739855
3019019,0.8558708713074371
3019020,25.78365595402428
3019021,19.367825587649865
3019022,0.10886504258792847
3019023,185.7579723437752
3019024,7.931306846577973
3019025,3.069167188541749
3019026,4.605990476522885
3019027,69.25931517348256
3019028,2.0282394148137466
3019029,46.18501715088257
3019030,166.44171742412527
3019031,3.355356771231884
3019032,6.450064334289894
3019033,149.71578162896697
3019034,26.19298957459288
3019035,1192.0659057572957
3019036,53.037698961411074
3019037,18.198277592353765
3019038,7.787907139619062
3019039,0.47478136058866693
3019040,4.516172892760036
3019041,3506.9009842246246
3019042,0.009621635558045431
3019043,230.9753344993133
3019044,7.769544664330946
3019045,1480.2587135836302
3019046,465.3648434259018
3019047,366.00466809152334
3019048,72.81197042668349
3019049,66.58249035026829
3019050,4431.837745179433
3019051,31.74985883152985
3019052,1.3321833924309896
3019053,18.45050269974571
3019054,19.06726460231127
3019055,0.1484118416300126
3019056,260.00059071193834
3019057,10.19850950978433
3019058,0.022972276177222428
3019059,3.8285193339708723
3019060,48.60108012514702
3019061,2.718681982099816
3019062,183.11596095997555
3019063,277.2766853839828
3019064,1.4660042222785659
3019065,6.584365248994205
3019066,187.04278160937875
3019067,31.5214981168006
3019068,579.0558808740808
3019069,6.418170032393404
3019070,5.959811502999199
3019071,8.617142543170315
3019072,0.013576149921032376
3019073,10.88411048688008
3019074,3641.009387344734
3019075,0.03159176747549533
3019076,762.337947248385
3019077,15.068957298815494
3019078,968.1469937914608
3019079,982.6397104293441
3019080,315.3114410023618
3019081,177.3640992520755
3019082,138.57533512279122
3019083,4551.792236731784
3019084,46.550863637758475
3019085,1.5299255232451792
3019086,26.014101812008374
3019087,42.35642395744818
3019088,0.16206687367075115
3019089,320.2452278410147
3019090,30.452915385914824
3019091,19.855870138061157
3019092,6.67205579730885
3019093,149.37036906515908
3019094,11.662899216691732
3019095,512.0283867302654
3019096,308.76342744873506
3019097,12.192738224244895
3019098,11.36295198045732
3019099,501.7232578321136
3019100,128.36565241148216
3019101,2487.8432693325867
3019102,0.014588665768688815
3019103,40.86019508142093
3019104,10.979233678986214
3019105,0.09556765579007534
3019106,8.145795587624404
3019107,5051.657558685289
3019108,0.03452530926753847
3019109,591.0226870949908
3019110,12.4132542287418
3019111,3335.3186694486426
3019112,921.0172308022957
3019113,801.4290675125196
3019114,118.24731952988736
3019115,154.80701328945912
3019116,6841.976222873363
3019117,18.484449601639547
3019118,0.525129920311038
3019119,23.98388914628646
3019120,21.484609233312298
3019121,0.03713789085220713
3019122,445.8309521145411
3019123,2.4940283323383916
3019124,6.619492566699978
3019125,6.510633924583789
3019126,76.2342279573298
3019127,1.6477697383916396
3019128,376.9940868560107
3019129,513.0248627976712
3019130,5.059480861541732
3019131,8.873390640662942
3019132,405.73134319496927
3019133,90.68144682112668
3019134,1206.5242282604543
3019135,59.18177973068702
3019136,22.755092793717722
3019137,15.033753632909857
3019138,0.38391856872841235
3019139,5.93469768736054
3019140,3896.662081018845
3019141,0.034902018599931056
3019142,525.561109345653
3019143,8.363511657917195
3019144,2208.3728480034297
3019145,708.03030451348
3019146,405.0209432565323
3019147,290.85422579342094
3019148,147.47923671391487
3019149,5049.2112299172395
3019150,17.73328421472635
3019151,0.4044834659131745
3019152,48.374119207526455
3019153,42.66768723892909
3019154,0.2208258129899956
3019155,433.75335921787587
3019156,5.3731579526061335
3019157,3.5285614095710423
3019158,11.28997907211801
3019159,122.86057059092465
3019160,2.1082813633855864
3019161,140.92254300672585
3019162,384.19326977768463
3019163,2.6932783667978977
3019164,7.041667511246665
3019165,188.6237730649978
3019166,163.24140088969878
3019167,1622.8289452539675
3019168,0.49497423024454823
3019169,9.022529104158668
3019170,5.524934960168034
3019171,0.19641923529145983
3019172,1.9445376736780062
3019173,1974.6668659910995
3019174,0.0009668624144576627
3019175,146.31389621299994
3019176,10.830974014018208
3019177,1018.5397182656069
3019178,348.5681404498603
3019179,156.88381447032972
3019180,51.342711570727616
3019181,84.77785244266902
3019182,3030.097126478218
3019183,9.922430657064778
3019184,0.7757645110138668
3019185,28.380977952020178
3019186,19.2139828757771
3019187,0.005005368694769596
3019188,205.66925686453288
3019189,0.3557701401511631
3019190,0.018373842691456265
3019191,3.878382317497412
3019192,108.69782165864706
3019193,2.6741881799113627
3019194,100.26638995514676
3019195,180.13652007992224
3019196,1.2963248845630828
3019197,6.4022782922390125
3019198,139.77071764245224
3019199,33.67961356161049
3019200,452.86837952247265
3019201,12.102138066340173
3019202,2.0236505603206685
3019203,1.8749912612141064
3019204,0.0074562845044689186
3019205,1.8789545583932006
3019206,1811.651421480038
3019207,0.11164565538819601
3019208,288.9764416548691
3019209,13.232829851442073
3019210,551.3202707945297
3019211,480.41263549344586
3019212,138.7132217312771
3019213,51.48090745167144
3019214,73.31932633438002
3019215,2301.6826758873153
3019216,25.779889357947468
3019217,0.33544293753169513
3019218,13.513738202953533
3019219,20.521451521632606
3019220,0.24476595892875014
3019221,132.0469442106005
3019222,14.208618876064875
3019223,2.4399719809795406
3019224,2.3524215821839816
3019225,88.01343902036947
3019226,5.275330180135868
3019227,460.65868317485695
3019228,164.74785449214977
3019229,3.8408377864194327
3019230,5.618662576831991
3019231,275.30904571621886
3019232,39.159643926590704
3019233,1148.1156491875513
3019234,0.0
3019235,8.578936948031773
3019236,2.9117927847096214
3019237,0.10693569251122498
3019238,6.081557917146735
3019239,4323.896519109542
3019240,0.026410951747168596
3019241,832.1293561520521
3019242,20.389524738667298
3019243,1363.002012591049
3019244,1471.3450298908738
3019245,326.8605790408924
3019246,229.03443494734034
3019247,189.6362192928984
3019248,4756.028169841044
3019249,36.98544032630494
3019250,0.7398586985251943
3019251,24.034408047116088
3019252,41.46953152431109
3019253,0.018573598768484228
3019254,321.0594086286271
3019255,13.55202164389976
3019256,39.4196953510591
3019257,11.14746006805583
3019258,152.56948482164142
3019259,13.71279846474226
3019260,412.4159396629575
3019261,344.9055099718465
3019262,19.21030639272483
3019263,10.417716347809126
3019264,552.6497695820962
3019265,124.9563328807459
3019266,3529.6040978625933
3019267,0.010324536228182395
3019268,27.308480656130808
3019269,2.9010168657682245
3019270,0.10623085704287649
3019271,2.7503116518574595
3019272,2360.197558747581
3019273,0.0
3019274,237.61546033502663
3019275,6.405374997746534
3019276,399.324437857141
3019277,589.9533533023722
3019278,168.4923534220674
3019279,39.83796120293028
3019280,23.679975804556808
3019281,2131.9492058349056
3019282,14.078597210335035
3019283,1.0481345588580337
3019284,10.122114804325525
3019285,18.06554996452078
3019286,0.0
3019287,84.53271565672677
3019288,0.015932267575265655
3019289,14.186051637634241
3019290,3.6125391276484384
3019291,229.93200324949333
3019292,7.325503055715119
3019293,55.500042722762515
3019294,119.03865521233537
3019295,4.305069207635
3019296,8.118224008354705
3019297,56.12488977846612
3019298,18.571038935051412
3019299,76.25488865836056
3019300,0.7299177925644819
3019301,5.716192658377267
3019302,4.391851311023708
3019303,0.002469171583987445
3019304,0.3632732049676675
3019305,1333.8573246424162
3019306,0.007469966556836073
3019307,240.53115913492414
3019308,7.8761091921460675
3019309,476.2765578714192
3019310,301.24971156567153
3019311,100.24882300251952
3019312,41.45728162742569
3019313,41.30508050157623
3019314,1881.095952076129
3019315,12.311648374817995
3019316,0.4271976290083837
3019317,13.389792546512586
3019318,10.528603864063655
3019319,0.2903331298515502
3019320,111.48922162311446
3019321,0.1719922458816022
3019322,7.387726389488461
3019323,0.8947458108623181
3019324,39.17054591386962
3019325,0.21120221607087672
3019326,263.6295044507487
3019327,150.42257957672243
3019328,2.6095634526512272
3019329,1.476529741910099
3019330,170.28285031752887
3019331,26.33719099277463
3019332,544.3343834397675
3019333,0.5132090928767667
3019334,2.7203043988720763
3019335,8.97736291263162
3019336,0.2843521916073444
3019337,3.3478592541557775
3019338,3853.8811565244405
3019339,0.19866978103795385
3019340,763.238120518198
3019341,22.82393406138281
3019342,1062.861179686468
3019343,1161.361058933733
3019344,348.6903108721063
3019345,269.9690708277261
3019346,189.1977645063448
3019347,4531.626088142315
3019348,34.51723521609815
3019349,2.4578399508880153
3019350,27.427127193380915
3019351,36.79413385053623
3019352,0.27904754013522026
3019353,287.69010430124115
3019354,10.836036783000763
3019355,41.751482911118416
3019356,10.575807802331767
3019357,271.3395868369122
3019358,4.4581594740701895
3019359,351.99709887773946
3019360,314.6462957153236
3019361,13.536043503445958
3019362,12.287541248541023
3019363,466.49685380402275
3019364,90.36363362325876
3019365,2914.3148015112383
3019366,1.0918106301214736
3019367,24.60963976624848
3019368,8.417288435402169
3019369,0.019197763652118414
3019370,3.3097610941262037
3019371,4120.034537592457
3019372,0.021238405509885833
3019373,736.5197638291763
3019374,19.62748613934093
3019375,1454.1764417937654
3019376,1026.0049546508974
3019377,424.2272168783
3019378,268.35722866151355
3019379,127.03401453522032
3019380,5313.6918268830705
3019381,16.832721549390584
3019382,1.0000715578997181
3019383,40.47971547181869
3019384,25.2570083754602
3019385,0.648945059687473
3019386,343.1542401186824
3019387,0.0353605479463801
3019388,6.411071758211913
3019389,6.381187302306958
3019390,93.13245825521786
3019391,1.4057362235592705
3019392,241.85786454627385
3019393,375.7800655484126
3019394,5.862809548193821
3019395,5.828650404594574
3019396,279.49300718076506
3019397,90.85021618210214
3019398,1707.7056031031186
3019399,2.6525577367230966
3019400,7.004354132538541
3019401,8.507732324385941
3019402,0.4018784724072998
3019403,3.344600675927626
3019404,3681.897220511195
3019405,0.01891600716348567
3019406,750.6353625655775
3019407,16.101500633552874
3019408,1217.6943121162035
3019409,865.5240182757016
3019410,332.8775727795542
3019411,220.0105858416287
3019412,150.50916546232713
3019413,4473.221449857401
3019414,20.200562993960222
3019415,1.360318913679439
3019416,30.696726931775114
3019417,24.66915709760642
3019418,0.02202476936010056
3019419,299.0485635404304
3019420,0.03477485902637106
3019421,7.031399000032425
3019422,6.320007141966242
3019423,146.70584867817098
3019424,1.5556597087331607
3019425,129.60597437770522
3019426,318.28451906736035
3019427,5.929999034572536
3019428,5.901961543639307
3019429,220.36710571182618
3019430,74.27610860876706
3019431,1316.5627038735652
3019432,1.7175964033253632
3019433,10.185636226234193
3019434,14.721052398699227
3019435,0.895189919635637
3019436,20.5485055811125
3019437,9982.811626484025
3019438,0.08119088654346626
3019439,1383.7523749992579
3019440,55.61750335740957
3019441,2237.6658283169536
3019442,2421.768233840364
3019443,459.58547798309394
3019444,550.6947888793479
3019445,440.0634823437135
3019446,9104.271498687773
3019447,88.22034516147693
3019448,3.0912641648342456
3019449,52.55683009940752
3019450,62.793113015666115
3019451,0.18927669684427195
3019452,691.9707917820671
3019453,50.24296880503087
3019454,58.30564256028539
3019455,30.62959795614886
3019456,350.91990924206914
3019457,35.645393414956025
3019458,812.9872965132892
3019459,705.4941916518808
3019460,26.363954026800908
3019461,33.940869760962634
3019462,1218.511895110209
3019463,303.8011930526187
3019464,7971.19652460053
3019465,1.1171360468938745
3019466,99.22016192593685
3019467,3.4956330566702407
3019468,0.33794849801880755
3019469,0.525307957994198
3019470,1649.122055179841
3019471,0.0011905007636749065
3019472,158.85196138949271
3019473,4.595179321475205
3019474,913.3350837466724
3019475,290.5708354333299
3019476,129.84845400280332
3019477,145.7947551355546
3019478,69.00532066357157
3019479,2114.3344359564685
3019480,5.136003921103338
3019481,0.22552950564192778
3019482,14.295193500455785
3019483,9.331371420505933
3019484,0.13280165335210226
3019485,135.3050378258827
3019486,0.5445659138598273
3019487,0.02064134273866357
3019488,2.5030218147961154
3019489,43.41904623526534
3019490,0.6956777767375651
3019491,59.93198204733591
3019492,99.80105521950436
3019493,2.1253989623421017
3019494,4.338365346563665
3019495,118.2816520607755
3019496,23.190520185512614
3019497,525.2889022130948
3019498,0.08411308969967177
3019499,4.5242799101107565
3019500,10.735018635860849
3019501,0.17816386522667213
3019502,2.48613006560333
3019503,3881.8175152785316
3019504,0.01045121259108926
3019505,626.6717403042533
3019506,12.70755004548969
3019507,1854.1408644416397
3019508,787.6798611595488
3019509,280.65048923535807
3019510,310.51484352546515
3019511,141.1341178860302
3019512,5055.733832165493
3019513,15.21132214272382
3019514,0.30324167953906056
3019515,29.768029064353886
3019516,23.81213386964422
3019517,0.010882055880865072
3019518,344.40148061401425
3019519,1.0145356969826294
3019520,6.781291268950981
3019521,10.360970067733303
3019522,30.760244022934334
3019523,1.8513360504414174
3019524,399.8816203446015
3019525,351.01728536402624
3019526,4.1281495048845525
3019527,9.890340422721827
3019528,158.3206443289877
3019529,78.30628986549037
3019530,1360.4135046803115
3019531,1.4726950178913072
3019532,6.89423075578176
3019533,1.6505789197666467
3019534,0.0
3019535,0.8712701446255476
3019536,1590.4858985896008
3019537,0.0
3019538,123.3263524888479
3019539,4.325563342486872
3019540,1070.912480542247
3019541,185.5570797000417
3019542,84.64067146751408
3019543,164.9545531615751
3019544,30.08834856235382
3019545,2181.693942126863
3019546,1.0801456486444208
3019547,0.25717406086666067
3019548,10.445753904304219
3019549,4.185967932542294
3019550,0.09177135700212993
3019551,114.27357814904708
3019552,0.017871587693596747
3019553,0.015695597727213087
3019554,0.4272701436978711
3019555,45.55324336189836
3019556,0.35874162319469943
3019557,74.07240150977891
3019558,100.74261023790825
3019559,0.5210833465236353
3019560,1.140138113926861
3019561,59.59594744948827
3019562,12.665691856618968
3019563,216.62318425136445
3019564,0.0
3019565,3.0663619980752634
3019566,9.36066465371537
3019567,0.0
3019568,1.895982867038257
3019569,2243.7778838597533
3019570,0.0
3019571,257.32247560373673
3019572,10.481303788056088
3019573,1210.6605624706244
3019574,448.9669465912108
3019575,209.69019825138653
3019576,205.20546099916461
3019577,118.55971772304952
3019578,3503.3976312455616
3019579,3.351331682384443
3019580,0.4732408529573531
3019581,32.73765838528029
3019582,19.0846996211418
3019583,0.1591977766614185
3019584,258.5110691901055
3019585,0.015203174041173108
3019586,0.01741748834219612
3019587,13.475499258922119
3019588,47.389399602473816
3019589,1.3539526431728726
3019590,275.36651938018395
3019591,273.6405508310543
3019592,2.083086988532708
3019593,4.3709315584161885
3019594,192.17223814400745
3019595,33.88097496401683
3019596,1359.1643575864323
3019597,0.0
3019598,1.5259354469115136
3019599,3.284260234976594
3019600,0.3096236737710618
3019601,2.994882364114514
3019602,3080.7500539383313
3019603,0.008269949692969686
3019604,721.2187091497611
3019605,9.998718741883927
3019606,974.8732842898523
3019607,649.2792210498324
3019608,242.7823881436768
3019609,111.23648812825635
3019610,93.12995710021691
3019611,4602.771567757532
3019612,7.012516660845196
3019613,3.7060245881743814
3019614,35.277426011792144
3019615,44.04527845314792
3019616,0.06153872806318321
3019617,234.18616537960915
3019618,2.2624595417954425
3019619,5.560392411741095
3019620,3.3590324182823497
3019621,53.50506838710479
3019622,2.445688598701046
3019623,176.66467600073452
3019624,284.96196429270765
3019625,3.2131034761070527
3019626,6.7944393192957815
3019627,135.5799739361839
3019628,33.714422535704614
3019629,617.3826065447568
3019630,3.271952656911433
3019631,4.323040148686965
3019632,3.784052628795188
3019633,0.0
3019634,0.37510379783303177
3019635,1674.7159351676858
3019636,0.0
3019637,96.71583894390066
3019638,3.247892285449696
3019639,543.2368192733686
3019640,208.30965187331998
3019641,99.51447636118682
3019642,158.95310232741025
3019643,76.7716275578809
3019644,2081.428821963539
3019645,7.139794994506052
3019646,0.4704067834506023
3019647,11.726317087108047
3019648,8.895744406733165
3019649,0.08630542522353586
3019650,114.71714055630282
3019651,0.012795008648702838
3019652,0.013008776759412725
3019653,0.20217960732565288
3019654,71.67422624771717
3019655,0.6529541175238083
3019656,177.19262508448946
3019657,114.98994907245984
3019658,0.929884040394566
3019659,1.036818114684458
3019660,53.33957652312602
3019661,20.41832738185693
3019662,350.32375538438913
3019663,0.053754541879175714
3019664,0.7666492797066037
3019665,5.008228191214396
3019666,0.0
3019667,1.8445488133979966
3019668,3876.513635263445
3019669,0.0
3019670,563.2259628183367
3019671,11.209002952093552
3019672,1090.8497615223014
3019673,629.8959529583237
3019674,239.03552939961506
3019675,139.72983622245664
3019676,155.47899794997434
3019677,4661.020118536213
3019678,8.627480278806534
3019679,0.2711438200625049
3019680,33.35478514563159
3019681,13.006843386151335
3019682,0.12206337504787608
3019683,253.2958620767128
3019684,0.020452847760533917
3019685,24.573290596692143
3019686,2.8004294343138136
3019687,98.58733259426137
3019688,1.1453857022426248
3019689,226.27168880526375
3019690,290.361842757714
3019691,2.680396487762398
3019692,4.004709835029279
3019693,124.7644629718362
3019694,48.045910925233365
3019695,1338.876216585317
3019696,0.8352956927459332
3019697,3.1413839803989623
3019698,3.6842078033552803
3019699,0.0039865278723380726
3019700,8.843216304301086
3019701,3039.7253683707504
3019702,0.011876210259923017
3019703,536.5280064041095
3019704,8.382314762937236
3019705,908.1542192252515
3019706,865.485597938977
3019707,172.28469303502433
3019708,131.86685101128853
3019709,118.52049789045573
3019710,3736.127982539367
3019711,51.04392812263814
3019712,1.4249212931392574
3019713,26.45361396031802
3019714,27.876166069413035
3019715,0.23681132077044406
3019716,281.61120177214286
3019717,23.93130117134079
3019718,19.61632051072733
3019719,1.3150143599327992
3019720,156.30644953067159
3019721,10.625272697421757
3019722,221.73432587921124
3019723,272.91288940245516
3019724,13.466272105879852
3019725,14.309851217833446
3019726,268.2001399657276
3019727,71.42009895953476
3019728,2443.9817379189594
3019729,0.0024039085255562385
3019730,12.905683592366206
3019731,7.94002597282026
3019732,0.02155809555636241
3019733,9.700786787220594
3019734,3755.5534205471886
3019735,0.031940821881147004
3019736,556.868246780565
3019737,16.02668811994967
3019738,1340.2571443783565
3019739,976.7971406423517
3019740,185.93911152891525
3019741,115.95491325987425
3019742,135.66671872659677
3019743,4843.031018251655
3019744,32.20098120107827
3019745,1.0721005872151883
3019746,48.234522876775955
3019747,58.60790799998635
3019748,0.028033581677417468
3019749,481.33901970787304
3019750,31.981823899521384
3019751,20.12807851457133
3019752,10.961999217363683
3019753,160.13607557889105
3019754,15.045461999998953
3019755,169.9304115599141
3019756,536.8234174832112
3019757,9.32876958877934
3019758,14.88210266022592
3019759,166.7229754604588
3019760,97.2048572727407
3019761,2213.7501659968616
3019762,2.163638426983164
3019763,21.32774569593428
3019764,12.163079178450824
3019765,0.21441794813658824
3019766,4.651999863795307
3019767,3817.910267522496
3019768,0.022440985091479137
3019769,742.2929225696811
3019770,7.544780114928641
3019771,2795.3181483957615
3019772,663.1025401627028
3019773,221.293344743678
3019774,400.17134194790947
3019775,112.20680798370563
3019776,5261.270826662742
3019777,37.86221650785408
3019778,2.1519553990518974
3019779,30.968443650815487
3019780,23.85133338970816
3019781,0.07973416968563295
3019782,346.9048271989776
3019783,5.943675038332464
3019784,17.33014213958524
3019785,9.98610342457549
3019786,77.71885663679329
3019787,4.000081873599298
3019788,166.13893324717182
3019789,362.80173691092506
3019790,8.59665109861844
3019791,12.587187895942067
3019792,244.6728013570364
3019793,64.29088333343614
3019794,1650.2068516335833
3019795,10.200226307737989
3019796,17.497692465710333
3019797,5.343775364132414
3019798,0.44921284449569576
3019799,5.60955438778258
3019800,3376.9534001070515
3019801,0.033461526728110765
3019802,490.9608452630715
3019803,10.11716148136032
3019804,1028.9078678618027
3019805,911.9092780549421
3019806,294.3293434700443
3019807,167.10888416714525
3019808,116.0658376972856
3019809,3713.4640366179738
3019810,30.844262826016145
3019811,1.4404297686421534
3019812,19.437936441724908
3019813,15.045987680203247
3019814,0.13685686770595695
3019815,312.87733252472543
3019816,26.280767608025545
3019817,24.698058787508952
3019818,2.1308204948311475
3019819,135.91585775376117
3019820,9.817309440527344
3019821,411.4352828631239
3019822,322.64502459026426
3019823,8.030579830607557
3019824,11.282321713520286
3019825,452.86721743915484
3019826,65.21810092502929
3019827,2506.98139376227
3019828,0.06268528817364265
3019829,33.3761607550088
3019830,3.570399701772092
3019831,0.13177523498175317
3019832,3.5361154498854335
3019833,6044.627364914354
3019834,0.003278309225662953
3019835,442.4655286506706
3019836,9.005435410414192
3019837,3291.6577175670263
3019838,694.3579400663829
3019839,307.18444121387654
3019840,200.34595102685864
3019841,118.81559821245057
3019842,6930.327121400731
3019843,9.813598014354774
3019844,2.0228176318579965
3019845,29.22337785566452
3019846,26.80829997886697
3019847,0.20741821918611864
3019848,501.1040140030391
3019849,0.01887883196416229
3019850,0.15753383827326758
3019851,9.109048985777523
3019852,64.05663074094922
3019853,1.863436259980056
3019854,158.57931246694312
3019855,435.87038449938626
3019856,3.248210922062784
3019857,11.39312763465267
3019858,176.07516234333318
3019859,60.97212785436053
3019860,1300.621367004096
3019861,0.0
3019862,5.971040056962234
3019863,9.192683542083433
3019864,0.021148617599942108
3019865,8.8842137782725
3019866,3655.3847826808183
3019867,0.02952857414820924
3019868,603.2072378480256
3019869,12.930303726442467
3019870,1159.4756913951564
3019871,843.4063714543967
3019872,293.7146807310709
3019873,150.08269870896657
3019874,183.5243146790048
3019875,4441.553345633328
3019876,49.40341439420299
3019877,1.2986645935615937
3019878,33.37111628672463
3019879,42.57052826959121
3019880,0.028708322334794683
3019881,311.19032646832613
3019882,24.069472370600813
3019883,20.67104828526119
3019884,9.176628427715084
3019885,208.80626098238653
3019886,14.68567958320343
3019887,234.0984752085528
3019888,533.4474155829656
3019889,15.48189741834633
3019890,10.700127817467724
3019891,201.88263277725363
3019892,70.48486858080484
3019893,2233.4435266960836
3019894,0.44815813393826764
3019895,9.33758428908772
3019896,4.281197626231937
3019897,0.01600706965146236
3019898,5.464460074275023
3019899,4057.296396612349
3019900,0.032385153060187716
3019901,550.8701534314008
3019902,13.342028331086414
3019903,850.2259472157009
3019904,926.8493884287207
3019905,211.18599854817504
3019906,146.170735127287
3019907,125.16178735271907
3019908,3423.1063222983526
3019909,35.30845713659208
3019910,1.109227019150984
3019911,28.368120923516223
3019912,24.8966295134228
3019913,0.024368788335885995
3019914,253.88964956813632
3019915,20.97851384283895
3019916,43.10114388693224
3019917,4.4213548822587025
3019918,116.65656021750968
3019919,11.980442005854139
3019920,250.60097024938537
3019921,266.07781309187084
3019922,10.915103952515496
3019923,10.87035946893052
3019924,263.542263598269
3019925,65.80422527151694
3019926,2189.7525175531523
3019927,0.1901058124061805
3019928,19.09229907959587
3019929,7.36575716589985
3019930,0.12110974744959287
3019931,2.886034038774555
3019932,4840.958257731161
3019933,0.0026018339294041934
3019934,609.9957256343973
3019935,18.19119089683623
3019936,1383.521444283817
3019937,711.044915832442
3019938,322.28396109501915
3019939,229.7691633962314
3019940,106.69953347996797
3019941,5193.437738560131
3019942,9.172119302858329
3019943,0.22152609021447675
3019944,20.35643834683852
3019945,22.562089334423728
3019946,0.10039406645050197
3019947,290.41787528029124
3019948,0.02548677505288944
3019949,7.426251460748047
3019950,1.3852508361260882
3019951,102.3042511461807
3019952,3.2203508740751787
3019953,181.90053626923338
3019954,359.2900140191657
3019955,3.466945145794551
3019956,2.5269863462813023
3019957,212.81148180453695
3019958,122.16579850878946
3019959,1268.684114179872
3019960,1.6770009799027032
3019961,1.9658719240821494
3019962,21.18341614966149
3019963,0.03475256000475498
3019964,23.686546091443052
3019965,11609.448572569414
3019966,0.05522179594332935
3019967,2065.091284851138
3019968,35.4206773639739
3019969,3195.8697934781394
3019970,3154.659363404492
3019971,735.5066983109181
3019972,742.3634563954448
3019973,512.1437285308571
3019974,11514.98704929567
3019975,105.03646418891849
3019976,5.16825360718239
3019977,127.50884096169551
3019978,154.9908459809999
3019979,0.33844480731480286
3019980,1013.0871546083508
3019981,48.17813116456883
3019982,33.701990075873965
3019983,52.42068888203335
3019984,553.6066067571658
3019985,33.70797028048094
3019986,991.0129433840286
3019987,902.1176668320624
3019988,52.08323092952612
3019989,47.781347935904044
3019990,1365.2376734932473
3019991,349.0496653745672
3019992,9570.750414021546
3019993,311.64371381960905
3019994,119.35924069075587
3019995,19.48782733068274
3019996,0.03158130855748394
3019997,19.226144845740006
3019998,11335.074958530151
3019999,0.08210230980929127
3020000,1536.8444925833385
3020001,35.43752122321269
3020002,3315.8173473851944
3020003,2652.5989900227355
3020004,878.5006658416534
3020005,461.7329857118702
3020006,438.197143868255
3020007,11483.94468322758
3020008,144.99979197227205
3020009,1.7640474703522684
3020010,82.63540375286507
3020011,106.00535265035249
3020012,0.7594155182666619
3020013,947.0686858553559
3020014,40.61913694201551
3020015,45.15420188380051
3020016,13.684543535763703
3020017,366.90278702783667
3020018,25.568115381938753
3020019,1319.192149210643
3020020,941.128930023175
3020021,34.83252995991891
3020022,39.508332922692084
3020023,1468.5638235070103
3020024,298.10772055279773
3020025,6842.930139037186
3020026,436.15557798195437
3020027,110.00025030376138
3020028,17.49448685409833
3020029,0.03358904772145026
3020030,27.116042309593183
3020031,8764.349104818124
3020032,0.20000743653509603
3020033,1177.6084415026505
3020034,21.863056703518644
3020035,3327.318560177274
3020036,1986.0353272549116
3020037,1026.6482162225168
3020038,199.3720537066369
3020039,317.7872163127401
3020040,11271.816590297947
3020041,58.22787179281633
3020042,3.261354273851261
3020043,57.03705488710155
3020044,38.30059768556177
3020045,0.3931989240526687
3020046,967.7862404219761
3020047,49.612118704060336
3020048,30.521183574608212
3020049,16.555265160725778
3020050,238.00138365529932
3020051,13.698774086500979
3020052,1059.7435394493436
3020053,1022.4110791170692
3020054,32.61760901277681
3020055,56.91082156910698
3020056,957.886781984621
3020057,174.09465736953044
3020058,3438.493423505904
3020059,400.7678464401755
3020060,63.501994511410516
3020061,21.958743158702582
3020062,0.030950320368508442
3020063,27.928204166620475
3020064,11139.370908643878
3020065,0.08144041939785336
3020066,1403.7749518851217
3020067,30.012870401254645
3020068,3023.298005268955
3020069,2617.869455267929
3020070,863.4133050856723
3020071,429.90609760009175
3020072,339.64784519768193
3020073,11380.438494927668
3020074,62.09021382197144
3020075,1.9026750489080884
3020076,74.04048178397136
3020077,99.39177302404646
3020078,0.9076102527067947
3020079,887.0478656511522
3020080,42.42540157868507
3020081,36.24446357499946
3020082,15.657837186640798
3020083,351.0794695409897
3020084,20.596466145152828
3020085,972.1945701462363
3020086,1009.1269296490385
3020087,34.005878269028045
3020088,43.70155325779419
3020089,1324.0873937554863
3020090,299.8110049757785
3020091,6056.452235124894
3020092,530.367200834752
3020093,89.01620935466292
3020094,17.916831274031363
3020095,0.03926125877058153
3020096,28.826256921694995
3020097,6644.381523328752
3020098,0.04414364591872001
3020099,1005.8039031094094
3020100,23.83340530770865
3020101,2823.6486229467655
3020102,1679.94320133178
3020103,844.0643934001895
3020104,152.30149058674792
3020105,239.78298381283324
3020106,10171.453686891364
3020107,57.3454133314056
3020108,0.4333120155552226
3020109,43.9168831342373
3020110,64.06952076166952
3020111,0.24491899572342007
3020112,886.2908890080566
3020113,41.56061395473657
3020114,15.945680530605426
3020115,8.641784875016961
3020116,200.10208987065283
3020117,8.726777107239595
3020118,932.9961300586926
3020119,1015.125375278179
3020120,25.779434985885192
3020121,34.32436412437289
3020122,966.8144756090577
3020123,112.51915003303789
3020124,2484.065330570856
3020125,320.5380552593632
3020126,30.067678541401616
3020127,13.49068295509928
3020128,0.009695971833039031
3020129,15.741896383794176
3020130,8525.698999838894
3020131,0.031345031101656505
3020132,1242.5902867054822
3020133,31.630307291152146
3020134,2022.421105745399
3020135,2381.2670812401216
3020136,516.2067724112255
3020137,495.68189145352926
3020138,414.70658030954013
3020139,8518.209261368336
3020140,72.33146821050447
3020141,1.7654366556915133
3020142,51.97023276824544
3020143,88.00303934816279
3020144,0.4449967246203758
3020145,618.9545482428732
3020146,24.434127319329217
3020147,35.3589862651591
3020148,17.075978080883033
3020149,378.8839294694532
3020150,24.685955369848653
3020151,826.0882140481617
3020152,632.9558914341777
3020153,24.384210680485342
3020154,38.75988198972996
3020155,1065.996413700444
3020156,267.42428440731345
3020157,7826.005358964585
3020158,300.0512814333874
3020159,87.45880087010318
3020160,7.375424364105905
3020161,0.27822691064569866
3020162,6.860124130127632
3020163,2247.3422716494874
3020164,0.027138863989518352
3020165,386.1075123780547
3020166,29.35852079443434
3020167,1102.2724731971211
3020168,590.4256375872607
3020169,245.64602150901297
3020170,87.36637722561021
3020171,108.51037033320638
3020172,3432.328602821652
3020173,46.620026495079394
3020174,1.1624313957628323
3020175,28.582494350089046
3020176,23.707053026228344
3020177,0.07402893523703907
3020178,255.93101969657684
3020179,14.313409203494906
3020180,9.067449980139621
3020181,11.958421184287626
3020182,98.37938423629863
3020183,9.271406935823514
3020184,244.20577139991545
3020185,289.6468320392655
3020186,3.7962658246420755
3020187,8.861838520581934
3020188,242.34533193197362
3020189,63.01765384559383
3020190,1563.200788225838
3020191,0.6813412820796572
3020192,9.762904790027438
3020193,14.350049898941748
3020194,0.026284363783529625
3020195,18.482600021595008
3020196,6269.7665095074235
3020197,0.043203850208932165
3020198,738.8327049752398
3020199,42.57920324810906
3020200,2247.0551553356277
3020201,1486.1706946075592
3020202,621.6506020113944
3020203,137.26802869408564
3020204,192.90631348711938
3020205,9108.142664213823
3020206,94.95196197392711
3020207,1.3970680652079892
3020208,70.9221948983888
3020209,43.05131550565918
3020210,0.15162578738842142
3020211,588.1822248935066
3020212,29.13139288471834
3020213,11.46709337752729
3020214,4.1961177976966955
3020215,221.33251677846903
3020216,12.86271719174397
3020217,602.2887030079646
3020218,755.075624090052
3020219,16.34152081932808
3020220,35.80763478939516
3020221,477.72613875087694
3020222,107.55233687508151
3020223,2537.540053653073
3020224,300.7324855190211
3020225,27.186092686408905
3020226,9.624159176933526
3020227,0.012310248873190219
3020228,6.478884380110656
3020229,5408.903317932428
3020230,0.03016838286600317
3020231,1054.02267796726
3020232,13.50534615156387
3020233,1616.3503363707475
3020234,1723.8363503841322
3020235,313.8701060914696
3020236,352.4854823667005
3020237,368.64657382722635
3020238,5562.528157385576
3020239,48.733163903652475
3020240,1.720933976606209
3020241,45.72342870160385
3020242,48.10848146647998
3020243,0.2810487562887685
3020244,403.96248788689473
3020245,2.637624298807717
3020246,48.362182150129044
3020247,7.299307381526296
3020248,268.3370372991324
3020249,13.53003945795402
3020250,643.5897462349575
3020251,354.09432616998424
3020252,27.135759057795468
3020253,15.238407411656777
3020254,786.8930904454439
3020255,134.23000925480017
3020256,5220.047120121144
3020257,3.4519835061059094
3020258,53.843726185665574
3020259,12.615061771849366
3020260,0.0
3020261,11.235109706711722
3020262,5682.2009542786045
3020263,0.0017226787881414929
3020264,1191.3882531193003
3020265,13.75431847100419
3020266,1842.7842286624402
3020267,1446.2390240104216
3020268,442.1160601070575
3020269,212.27766449455615
3020270,306.7534539821099
3020271,6573.609505569908
3020272,54.822626611453636
3020273,3.021406142652374
3020274,45.32510636098497
3020275,45.51347742286532
3020276,0.20972571858766004
3020277,473.4568627835194
3020278,10.288870495526988
3020279,53.33540381726084
3020280,9.28411224287107
3020281,355.20000413866234
3020282,11.078549963936783
3020283,490.0693175449522
3020284,466.7838596633739
3020285,17.60837725029636
3020286,29.575358667415173
3020287,507.18953711186333
3020288,127.72358197771443
3020289,3769.3030785752876
3020290,5.836708614181808
3020291,15.382317353033393
3020292,14.864998094637864
3020293,0.36783632182201337
3020294,5.2614100833074655
3020295,2149.492528295972
3020296,0.3753911014904942
3020297,457.1450466468832
3020298,13.335684602689676
3020299,1008.3334015687207
3020300,503.0138683397743
3020301,256.8051563099912
3020302,82.96419104308399
3020303,126.57839395331906
3020304,2818.9295172220345
3020305,25.72340781812494
3020306,2.0048821045612724
3020307,43.00322551789631
3020308,32.41183769254136
3020309,0.450519571792493
3020310,244.00200235689573
3020311,8.878827804185828
3020312,20.712615387172104
3020313,11.33186499445664
3020314,141.75234991933323
3020315,6.15455456214293
3020316,221.67369481780378
3020317,262.3674356152102
3020318,8.445475867361983
3020319,10.327512408430188
3020320,171.31216151539428
3020321,66.86870280383867
3020322,1593.0473366111719
3020323,0.5720338332066285
3020324,5.238485965982883
3020325,11.527948618641883
3020326,0.36486886425955
3020327,2.0933200565910557
3020328,2514.5142397204118
3020329,0.3724072541833645
3020330,175.10558148531618
3020331,8.029298291036131
3020332,1219.6734980051892
3020333,212.33146894543412
3020334,217.50152243400825
3020335,60.36158920601043
3020336,52.41503415345056
3020337,2816.309200500436
3020338,15.033123763548872
3020339,1.6037736383982386
3020340,28.788860796641252
3020341,13.273739641553613
3020342,0.44589736982880096
3020343,234.50860031328264
3020344,0.39824789921637765
3020345,0.40945098675034586
3020346,6.626669026461569
3020347,41.392431718885575
3020348,1.9338196754225383
3020349,52.781704761003105
3020350,199.69957501222964
3020351,0.6811535600873396
3020352,3.2102525646838997
3020353,61.29997020759584
3020354,71.32215980143934
3020355,564.3067639863972
3020356,0.3238585628470552
3020357,5.129315828846901
3020358,8.196589640653256
3020359,0.027291505760044205
3020360,8.922809365710085
3020361,4301.35814346613
3020362,0.03367989451095069
3020363,692.698737930776
3020364,17.493718996770394
3020365,1517.0819558207197
3020366,1147.5096767239763
3020367,419.97924838905993
3020368,206.18138791417243
3020369,200.0925678981732
3020370,5716.505252351842
3020371,43.67191724750165
3020372,0.9979521895620328
3020373,34.42550729551621
3020374,61.30568276560779
3020375,0.0325488543267041
3020376,435.4249391220073
3020377,32.06580441093846
3020378,21.44004216662785
3020379,17.893660636588244
3020380,155.3626775220227
3020381,10.00026182619491
3020382,507.2265429521761
3020383,402.2422022238739
3020384,12.565765001257601
3020385,18.281174361513866
3020386,611.4579141731641
3020387,118.44231548379936
3020388,2785.7266009880623
3020389,0.019142944287506753
3020390,44.47613643310434
3020391,4.823838760998813
3020392,0.0049657116633004955
3020393,6.169171320961867
3020394,4192.153847927354
3020395,0.141144897841456
3020396,666.4795258034756
3020397,21.09018204708893
3020398,883.3078276417239
3020399,1243.0297486208076
3020400,184.254931184912
3020401,242.6561803448879
3020402,265.3543791439537
3020403,3512.894835551811
3020404,38.22459132573156
3020405,2.4983326806329176
3020406,28.78510985089997
3020407,33.019691739586456
3020408,0.5178572736763565
3020409,239.8692009101974
3020410,14.47334638075864
3020411,43.35222678341326
3020412,8.425788295913458
3020413,259.5558019538991
3020414,14.163529783955582
3020415,430.52370225749405
3020416,240.18152575469162
3020417,7.83959293674242
3020418,16.315542973405393
3020419,583.1556961861837
3020420,132.7181147100406
3020421,4052.9193489028175
3020422,0.2434228572487944
3020423,40.96144938488752
3020424,4.523674113875833
3020425,0.5611693868669863
3020426,15.215537608709052
3020427,5678.1097850422375
3020428,0.03297298166891368
3020429,946.9868831977017
3020430,24.420179566820213
3020431,1413.3737548378476
3020432,1669.5459370446417
3020433,355.7357734634302
3020434,374.51051677547304
3020435,193.99105010954287
3020436,5755.049190567944
3020437,45.89276200572991
3020438,3.6079746867323523
3020439,46.385683498310456
3020440,54.74683974339686
3020441,0.03382950876791842
3020442,452.9910076754487
3020443,38.26139631590578
3020444,40.45378274637434
3020445,27.72271223764229
3020446,229.56057125907952
3020447,21.925155927273558
3020448,518.1159644156032
3020449,445.98071469862396
3020450,23.473413698674417
3020451,25.07877435766054
3020452,741.7651815864642
3020453,169.61601594376413
3020454,5078.228659665158
3020455,1.006595791276388
3020456,45.168479135578394
3020457,15.981000435920489
3020458,0.3276088395424388
3020459,10.653741015915003
3020460,4214.406027768714
3020461,0.012108299149469533
3020462,579.7332256604868
3020463,18.63979772047969
3020464,1880.985662665788
3020465,951.056983617525
3020466,603.4281587452299
3020467,217.7261542232264
3020468,155.2700773016468
3020469,7980.05422298173
3020470,14.146803568960234
3020471,1.3756681425355912
3020472,59.376021187188606
3020473,49.239112789498904
3020474,0.015118166059591603
3020475,473.1649361527079
3020476,13.462268231794654
3020477,5.816897495521064
3020478,9.855991553511114
3020479,91.48962580481437
3020480,3.8020558475870594
3020481,418.3368033497645
3020482,539.348210776109
3020483,9.400694906668257
3020484,9.824308592324396
3020485,465.0522935919056
3020486,131.81205644578503
3020487,1723.7202710879187
3020488,113.86714487627061
3020489,25.058655355129517
3020490,2.953135423266671
3020491,0.0
3020492,2.8602101567883196
3020493,1478.8380194127872
3020494,0.0
3020495,206.45298053650998
3020496,5.723744060187336
3020497,390.2171740896116
3020498,417.18967599314243
3020499,75.71452461507081
3020500,79.80460703259361
3020501,59.0330202603907
3020502,1588.0235990798215
3020503,8.859553340003782
3020504,0.8895045970582639
3020505,10.344008049601626
3020506,10.734942145669372
3020507,0.036496039838695996
3020508,104.10624270230977
3020509,7.0203280056552515
3020510,9.760089763455618
3020511,4.178636225797906
3020512,49.54606575058544
3020513,3.6885314211751474
3020514,178.0019455304109
3020515,92.70076072988368
3020516,2.695561829097803
3020517,5.007400103113874
3020518,164.5129413929866
3020519,40.9487877918959
3020520,1246.8071565235364
3020521,0.0
3020522,13.41614203397813
3020523,1.5193834758850562
3020524,0.0
3020525,1.8921241191371572
3020526,1520.2621246980775
3020527,0.0
3020528,123.5563071042406
3020529,4.45627111211443
3020530,941.334933809253
3020531,303.72712449890093
3020532,276.5814125843592
3020533,56.136710123657195
3020534,37.01717327590656
3020535,2870.877987457304
3020536,7.1190858587010535
3020537,0.45707609735065946
3020538,11.108716622304748
3020539,8.293694187859957
3020540,0.10842328553665288
3020541,188.7847369023421
3020542,4.351266192624517
3020543,0.006095507232099596
3020544,1.6886477194967773
3020545,11.079911610658398
3020546,0.4429721844131278
3020547,169.26276108611006
3020548,211.211743913049
3020549,0.9151034824530523
3020550,4.218711661826397
3020551,169.63979341323514
3020552,29.037041448889564
3020553,265.32738967942873
3020554,4.341358929485365
3020555,1.498158460022008
3020556,9.117534747851968
3020557,0.25151643562986853
3020558,6.283564991663897
3020559,4717.424089911039
3020560,0.011681187979693378
3020561,866.3143256691022
3020562,13.428322341888261
3020563,1984.934684130662
3020564,753.4709310658412
3020565,540.213970548798
3020566,198.11917417479972
3020567,96.94692981197275
3020568,8061.235247993778
3020569,31.49346725293562
3020570,0.8272918194996352
3020571,28.753968290398344
3020572,24.992185554990428
3020573,0.1302509195450051
3020574,511.7966363741494
3020575,10.212866918709576
3020576,2.0962650399803744
3020577,10.149668719644922
3020578,35.205167070961224
3020579,2.54106554745752
3020580,637.0806313018586
3020581,471.2890421528523
3020582,3.055602842078592
3020583,17.482994498881837
3020584,456.2869992658299
3020585,93.02200430539641
3020586,1472.130273634737
3020587,36.015017956589894
3020588,12.024722501993613
3020589,6.77615727878257
3020590,0.004018620283541015
3020591,0.9298010983812784
3020592,2061.1893123168065
3020593,0.006854964524072362
3020594,223.10062626856663
3020595,11.458668115108935
3020596,1597.1927479861308
3020597,451.4351616709683
3020598,217.42782953127903
3020599,60.95011266300872
3020600,38.90423764510918
3020601,3265.1449207776404
3020602,9.628403871244263
3020603,0.404386924658222
3020604,12.094385808293868
3020605,18.768643726069712
3020606,0.23187259102873012
3020607,183.26238599815144
3020608,6.80227582320348
3020609,0.01670535929893795
3020610,8.216192393821936
3020611,33.59437837589486
3020612,1.429451032642797
3020613,138.76098189057493
3020614,210.36538178852845
3020615,1.4492278664103293
3020616,7.051990780582414
3020617,158.02264580161787
3020618,36.06123626085702
3020619,352.35645900001526
3020620,3.7085127573107695
3020621,2.9390540300928736
3020622,5.57402135399154
3020623,0.0
3020624,3.229744188366013
3020625,1699.493978928734
3020626,0.0
3020627,151.5227406742667
3020628,7.708643369933064
3020629,1143.3810093680986
3020630,272.1132016091883
3020631,159.2355297345336
3020632,49.60250282639294
3020633,31.19859003582091
3020634,2675.4133448585676
3020635,12.225176718790982
3020636,0.13420622622320372
3020637,14.817563646052754
3020638,9.803686066985996
3020639,0.0
3020640,143.7656172647126
3020641,1.5221041497675414
3020642,0.0
3020643,2.1086142791822877
3020644,20.66251782118233
3020645,0.8979997868441846
3020646,135.38843984913402
3020647,178.71693276049987
3020648,0.4722762228473448
3020649,5.36194463894339
3020650,104.98236265685965
3020651,25.317834236175226
3020652,196.934491739722
3020653,7.993014930372175
3020654,1.0384493398547365
3020655,3.7040147630665086
3020656,0.0
3020657,3.026963052241279
3020658,1647.8838387681228
3020659,0.0
3020660,188.31092476565829
3020661,7.677800529162839
3020662,2013.8023191357122
3020663,353.03907472188473
3020664,237.57504598119544
3020665,39.49674732127893
3020666,38.33154421185038
3020667,3006.1341900727675
3020668,6.329427413565108
3020669,0.29554535613242583
3020670,10.178317808672016
3020671,17.962002274884927
3020672,0.12244174588733726
3020673,206.00974248593903
3020674,0.9301839936456855
3020675,0.0
3020676,2.7523916726824944
3020677,13.201444266135516
3020678,1.8092940531603205
3020679,228.00277046537744
3020680,229.29521225534552
3020681,1.0901156047852258
3020682,5.466610542802448
3020683,81.01746584063035
3020684,76.9747207174628
3020685,383.3382247333651
3020686,3.1248210769395794
3020687,3.8696154877016777
3020688,3.6212733242452493
3020689,0.6077543398351881
3020690,3.9161947304973754
3020691,1514.3341934162058
3020692,0.0
3020693,170.49365352519064
3020694,2.8379648361360865
3020695,857.1093909602472
3020696,288.93529510880194
3020697,250.52813983849217
3020698,79.32157795771028
3020699,55.032464336616606
3020700,2702.631096444954
3020701,7.0007531266239065
3020702,1.1303804841751466
3020703,12.037638548891668
3020704,15.807993312569858
3020705,0.10316241472468651
3020706,205.62305925932606
3020707,8.734449590323754
3020708,0.0
3020709,2.876509794742842
3020710,18.05817829778164
3020711,1.674155111991578
3020712,97.73671042860245
3020713,174.28266654791753
3020714,0.8155672804005109
3020715,4.920639839565235
3020716,92.56436914053906
3020717,38.48212794795042
3020718,479.98953523819443
3020719,5.878908258817905
3020720,4.218382142957645
3020721,4.965623253513007
3020722,0.21055551392897964
3020723,2.512780059957292
3020724,1674.3219955408847
3020725,0.0026470338859289973
3020726,224.73059989352262
3020727,5.279275188484224
3020728,1497.623581590456
3020729,346.15070858421007
3020730,207.43604707297123
3020731,188.80104931970178
3020732,38.19854983783647
3020733,2806.914506157795
3020734,4.975798115860793
3020735,0.3080220932025037
3020736,14.094512489819722
3020737,14.317737210407362
3020738,0.2182658159942935
3020739,216.9059178244872
3020740,0.040183265842800735
3020741,0.018835703180387457
3020742,2.2787674124161157
3020743,31.931286746310175
3020744,1.5160483969131024
3020745,55.92274413618322
3020746,193.17412831045127
3020747,1.1284244222295592
3020748,3.3484551106457974
3020749,71.77860509709105
3020750,43.63259063626094
3020751,565.1996054570039
3020752,0.0024933971021684023
3020753,0.9468119542801604
3020754,11.415826550627438
3020755,0.6712149379964164
3020756,3.9857669361531944
3020757,3845.997069501726
3020758,0.030340755036969532
3020759,481.8163227884054
3020760,8.546455419572187
3020761,1640.4561772751167
3020762,903.7205039628873
3020763,588.6657250875503
3020764,255.26670942609607
3020765,127.69736227736938
3020766,5500.699302485651
3020767,26.00780732188153
3020768,1.7590400896714933
3020769,30.852510242098585
3020770,32.027116077785855
3020771,0.28588375658612536
3020772,398.9246002804918
3020773,0.5136882440876067
3020774,0.05074119563420822
3020775,15.159479417019712
3020776,39.96744247766555
3020777,4.374124684230765
3020778,282.14456767248055
3020779,409.58902606529193
3020780,2.7652823019137593
3020781,11.981890839951776
3020782,443.97748982391204
3020783,75.37026903116607
3020784,1752.5042457207576
3020785,29.2324794409776
3020786,16.107485340711268
3020787,3.4567448285377513
3020788,0.1793756146442756
3020789,5.562782442515765
3020790,2442.2297563621687
3020791,0.0
3020792,516.32305043204
3020793,6.6593711951204595
3020794,675.402869212139
3020795,608.6562159884215
3020796,218.74133968430732
3020797,149.47039189786295
3020798,22.50876596476783
3020799,2957.1241691781747
3020800,18.178183256446488
3020801,0.8345499330460319
3020802,11.279927913989038
3020803,16.708528671085173
3020804,0.07909683796310536
3020805,225.72082895041626
3020806,7.747056309903147
3020807,2.9873593458273477
3020808,9.488401459743478
3020809,38.966007424986756
3020810,2.0527219693621483
3020811,51.68161036981662
3020812,194.02967215922575
3020813,3.275804974912095
3020814,6.119677301720272
3020815,165.6770022386466
3020816,25.761816244520585
3020817,1315.4469258914723
3020818,41.694563437690604
3020819,8.616590145142323
3020820,7.877144730682193
3020821,0.468940182664225
3020822,3.2674651051917247
3020823,2705.1294886675214
3020824,0.005677490401504463
3020825,226.21223879279293
3020826,6.54588206424166
3020827,1066.2537098173332
3020828,420.2222645632475
3020829,322.9527720736044
3020830,65.47305071418364
3020831,42.944708216947596
3020832,3608.259274258219
3020833,24.39047245764566
3020834,1.3592610799137421
3020835,14.833961015319026
3020836,17.248408678358647
3020837,0.14498828228706137
3020838,217.52220592594648
3020839,9.343010194293853
3020840,0.005978915465113168
3020841,3.744705095091452
3020842,33.78088647240329
3020843,2.6351398265941435
3020844,141.19594214755944
3020845,223.67036866175152
3020846,1.5506661037082148
3020847,6.330559080692135
3020848,120.10831022393609
3020849,30.54921899087013
3020850,491.82576882357534
3020851,6.579671866719762
3020852,5.681509092607733
3020853,8.464523565285921
3020854,0.014185762356386597
3020855,10.18290048341326
3020856,3737.0151033175807
3020857,0.02925684054634811
3020858,745.8318155706994
3020859,11.620012915293715
3020860,1036.6366268005254
3020861,1002.3013398263139
3020862,266.0786619574432
3020863,207.5854452078436
3020864,122.05100785664459
3020865,4545.596971287827
3020866,43.42815563165609
3020867,1.6646501390559407
3020868,22.720021352664126
3020869,36.3322051055267
3020870,0.1316926172673749
3020871,341.9923781508305
3020872,31.501775110969366
3020873,19.224145621115852
3020874,5.65035231313534
3020875,89.30879195450383
3020876,11.539802092221276
3020877,492.74216335621514
3020878,336.86565414569674
3020879,11.456018861833247
3020880,10.729033170616354
3020881,526.5262954299455
3020882,121.6689459745193
3020883,2633.289941578325
3020884,0.025673513854470077
3020885,43.424396151229885
3020886,11.580412152219322
3020887,0.17897579656515591
3020888,8.259932173791292
3020889,5773.117637692379
3020890,0.049388998444781805
3020891,845.1172897704516
3020892,11.301353670180895
3020893,3272.424729503428
3020894,1083.2925356276098
3020895,971.7494627659983
3020896,150.4116337160412
3020897,96.90093317456224
3020898,8110.695090510867
3020899,22.665066729821152
3020900,0.6052600087402087
3020901,30.569222895294683
3020902,23.40689008410684
3020903,0.05284184907639968
3020904,520.1707886197194
3020905,3.21015323725906
3020906,7.5554659488041915
3020907,6.622362067215744
3020908,55.57945922026488
3020909,1.740635320233756
3020910,396.0794012342995
3020911,577.9698117794069
3020912,5.713826796985079
3020913,9.302402850464777
3020914,481.1024762044429
3020915,95.87325066384292
3020916,1480.477477123288
3020917,70.68674551870227
3020918,17.24888008253942
3020919,16.501250619619597
3020920,0.3682407080399551
3020921,5.269497941951352
3020922,4742.319837714428
3020923,0.04977112020196158
3020924,704.0595485548911
3020925,7.014069190847831
3020926,2541.1944768240155
3020927,914.6374793261392
3020928,462.82455787302985
3020929,322.4346541033783
3020930,87.47976415101306
3020931,6456.156437846771
3020932,22.672751523471007
3020933,0.5182972630932267
3020934,40.94143106551273
3020935,44.45263024508487
3020936,0.2591778605641806
3020937,496.9729484347881
3020938,6.068884701553325
3020939,3.8731137498755817
3020940,13.15715026776853
3020941,74.67774293016853
3020942,2.4149932072028597
3020943,157.4550489718656
3020944,469.4377316925048
3020945,2.864572422126729
3020946,7.475234985954127
3020947,218.02214692316747
3020948,182.13923733329023
3020949,1780.5702463551386
3020950,0.5140053485962427
3020951,8.2623746197546
3020952,5.487390108875645
3020953,0.19558408920982517
3020954,3.265924516514152
3020955,1833.9592342509873
3020956,0.0019058716460353777
3020957,163.00569598026595
3020958,7.804383592891635
3020959,856.4083603797084
3020960,312.24998709436875
3020961,159.49234835720497
3020962,50.75641323031457
3020963,45.87797055445488
3020964,2794.6522615626627
3020965,8.745887901710468
3020966,0.8741070973044256
3020967,25.557028900034346
3020968,20.33407028964534
3020969,0.004991132268053644
3020970,203.48082713340239
3020971,0.32916901282945676
3020972,0.006762215362064042
3020973,3.643866897341362
3020974,58.4481077229419
3020975,2.6644086104069293
3020976,106.67854967117368
3020977,196.4743241211784
3020978,1.2776616072536024
3020979,6.190719953245431
3020980,149.95988728589444
3020981,33.04232371497578
3020982,476.9001891647293
3020983,9.749301707671474
3020984,1.2510141050463819
3020985,1.8828980212472388
3020986,0.00878192006908301
3020987,3.3901311132034957
3020988,1886.0011841776604
3020989,0.11464680151820827
3020990,268.6488377417045
3020991,10.346609864019612
3020992,581.0337990106894
3020993,539.3435311480869
3020994,135.50695356669593
3020995,49.949273986186185
3020996,66.24788899722866
3020997,2357.1509009721576
3020998,22.69542708454756
3020999,0.4005555796520972
3021000,12.715359217256141
3021001,18.27819746869252
3021002,0.22569609808430108
3021003,153.49025933066747
3021004,13.691019744547281
3021005,2.4879641304155493
3021006,3.5537697997553153
3021007,46.94515898324414
3021008,5.200647530334089
3021009,688.8209493148554
3021010,191.17899100999648
3021011,3.9507250678438743
3021012,5.687180558690394
3021013,286.70897296817645
3021014,36.43265219207391
3021015,1144.231710916361
3021016,0.0020850294354189734
3021017,8.163487995374615
3021018,2.680742507788481
3021019,0.11544501288746709
3021020,6.3138218758082445
3021021,3973.747854922185
3021022,0.021551225648420557
3021023,804.9710297162997
3021024,14.354376179324278
3021025,1099.351570099985
3021026,1310.4725875109834
3021027,281.87787255377066
3021028,226.65454224055546
3021029,143.6223180632292
3021030,4235.604575369798
3021031,33.89527423372247
3021032,0.7539825272288067
3021033,20.664861318757374
3021034,34.402656615749265
3021035,0.015387222773079096
3021036,291.38235205577735
3021037,12.972147266558112
3021038,31.47201689922487
3021039,10.048910892220258
3021040,58.016963090592135
3021041,12.845819492942596
3021042,377.1232170170188
3021043,323.84038800532556
3021044,18.47394883349677
3021045,9.964636750554149
3021046,539.3907676934328
3021047,120.61913076058474
3021048,3345.595936665385
3021049,0.007163965550031504
3021050,22.801193456986176
3021051,2.857342784468651
3021052,0.1132018391728098
3021053,4.870489499327831
3021054,2390.67272243279
3021055,0.0
3021056,253.49010309987807
3021057,5.393520898461414
3021058,393.968497213476
3021059,597.1190781102158
3021060,141.93855779203787
3021061,53.784216988422884
3021062,34.37442251377063
3021063,2179.131340564282
3021064,13.682092496966154
3021065,1.1411813202117433
3021066,10.21952593025627
3021067,15.467808374022233
3021068,0.000708022992938153
3021069,95.41054710538246
3021070,0.019931343317336227
3021071,13.032889704898
3021072,3.30421409621381
3021073,170.73017442962754
3021074,7.575184160121353
3021075,59.603824992462975
3021076,123.56591181659354
3021077,4.2537810551084485
3021078,5.5668456466688605
3021079,64.2467111496129
3021080,19.718976063583526
3021081,126.14556985142112
3021082,0.7763697764175629
3021083,5.482452531346581
3021084,4.48438991733772
3021085,0.003072103759438153
3021086,0.38450515340834235
3021087,1426.3609171414137
3021088,0.007307305536987373
3021089,274.6808831512375
3021090,6.312816101322698
3021091,472.8988426559173
3021092,335.4794618634806
3021093,113.92089539921518
3021094,43.161712661017305
3021095,39.17090792263246
3021096,2007.4708413618189
3021097,13.667474974939235
3021098,0.47830508577424213
3021099,12.699472934310284
3021100,10.77575256608808
3021101,0.2766178514202512
3021102,112.43555831979137
3021103,0.21738455380188096
3021104,7.203882481258791
3021105,0.9410694811844352
3021106,28.56820495083931
3021107,0.22265717284117548
3021108,273.2117930744829
3021109,164.08700796056343
3021110,2.7814791536345376
3021111,1.6302177637089872
3021112,169.92055650568915
3021113,27.545256993491392
3021114,573.4077998651396
3021115,0.5387960382659943
3021116,2.6826313727218776
3021117,10.355452507962541
3021118,0.2733206258301602
3021119,4.76722407769415
3021120,4540.896986855391
3021121,0.18450925503282933
3021122,929.1030799027213
3021123,21.039412274468802
3021124,1195.4511326080028
3021125,1422.749733423857
3021126,400.0694207784806
3021127,307.5625097673253
3021128,152.3736947582413
3021129,5715.535077945032
3021130,37.69341775027374
3021131,2.7722011092047802
3021132,24.84167564700131
3021133,37.67172683529729
3021134,0.2858496849378987
3021135,341.37476670596646
3021136,10.841202722925296
3021137,41.589178590039495
3021138,10.620791131794308
3021139,206.42496400843265
3021140,4.421617058826995
3021141,349.9763883906281
3021142,342.6010073481431
3021143,15.02449180051781
3021144,13.893577796453084
3021145,525.3628331960045
3021146,107.60850496547235
3021147,3476.1706306596084
3021148,1.2355481808287831
3021149,25.6710345885225
3021150,9.262097511270678
3021151,0.03129091212203763
3021152,4.815533035437072
3021153,4922.7044860148635
3021154,0.03256789155636436
3021155,1014.7495476016667
3021156,15.66713601197958
3021157,1690.408405117166
3021158,1254.5057705044983
3021159,527.3903468827249
3021160,357.7158657258491
3021161,88.41208499920121
3021162,6868.471009644955
3021163,26.774647951833398
3021164,1.123661348818048
3021165,38.92608165908345
3021166,26.502813465842433
3021167,0.7999760739007175
3021168,393.93531403274926
3021169,0.0793880225823121
3021170,5.6175187304886425
3021171,7.290845870387189
3021172,61.87124443126284
3021173,1.4744525113530549
3021174,253.30268232740252
3021175,478.0941625032107
3021176,6.224342125056112
3021177,6.522572580632931
3021178,297.1560211196093
3021179,97.2545864283372
3021180,2053.0888783074497
3021181,2.752223224784357
3021182,5.719490223888145
3021183,8.648208918400819
3021184,0.4307454598443489
3021185,3.5554192224924472
3021186,4519.336557451382
3021187,0.023999801645140685
3021188,1084.349222117997
3021189,13.040464017455271
3021190,1388.8268120328792
3021191,1036.9855573417842
3021192,399.8053379098259
3021193,263.1269239144347
3021194,100.36853651951651
3021195,5535.290962303627
3021196,26.1573483662409
3021197,1.4834814831027845
3021198,30.959060039306156
3021199,26.673157576890002
3021200,0.027907796349705027
3021201,356.8147363768626
3021202,0.06554030163267208
3021203,7.081543025780398
3021204,6.155359790856008
3021205,93.64208553544911
3021206,1.626097376892619
3021207,146.3717529190586
3021208,388.89155123923354
3021209,5.876456102041527
3021210,5.911227399683933
3021211,258.376896705369
3021212,81.69590583669121
3021213,1576.8099165121278
3021214,1.8424498236813003
3021215,9.449410859913137
3021216,14.043711314444275
3021217,0.8169672324514715
3021218,21.88799684165252
3021219,10188.468590719656
3021220,0.08236137385556773
3021221,1545.6969966369538
3021222,38.30421137967389
3021223,2480.9329959418933
3021224,2552.674532138455
3021225,487.41575395710964
3021226,577.0163555966192
3021227,419.1865737284003
3021228,9775.55554078363
3021229,92.12838035527705
3021230,3.3411150726654664
3021231,54.22191428551476
3021232,68.44401814302178
3021233,0.2633067998803923
3021234,732.625892555
3021235,53.721435519621195
3021236,54.414293025940545
3021237,35.414016728863906
3021238,251.08039035058871
3021239,35.550580600023096
3021240,836.5367070870088
3021241,763.3651217506025
3021242,27.239457163631474
3021243,35.277472268479634
3021244,1263.6296199172903
3021245,313.6562155158319
3021246,8327.597776963401
3021247,1.2167235058940324
3021248,107.61513069450336
3021249,3.1625946637777926
3021250,0.33377374128610277
3021251,0.5396914443015995
3021252,1825.0895193121173
3021253,0.002802578659647791
3021254,213.83449856766407
3021255,3.9654666093946123
3021256,629.2525135310108
3021257,321.23637160419173
3021258,120.84537555724516
3021259,139.34034940389725
3021260,41.60816648373259
3021261,2178.634952455459
3021262,7.010831780923498
3021263,0.24275921573402157
3021264,12.518507766647607
3021265,8.93592653359514
3021266,0.1464327999766314
3021267,160.03049879756875
3021268,0.616371611550404
3021269,0.01064638084060108
3021270,2.4845997472413943
3021271,26.083687182907045
3021272,0.6887165280658696
3021273,57.61816243258458
3021274,112.12670597884397
3021275,2.1047797451686985
3021276,4.360876108319968
3021277,117.95733151510446
3021278,22.504132159543413
3021279,608.3918207212845
3021280,0.08389563442615193
3021281,3.720572739790239
3021282,10.68341854215727
3021283,0.2334821894682968
3021284,2.6018429758448667
3021285,4174.266965382843
3021286,0.009368321746958001
3021287,786.5286826797992
3021288,9.668195839553407
3021289,1738.8768425492456
3021290,906.3372081225224
3021291,293.8911489047152
3021292,380.85380452824523
3021293,78.80304315194613
3021294,5524.870224048637
3021295,17.661346566738352
3021296,0.312234451442763
3021297,29.528639716057715
3021298,23.946366369330917
3021299,0.012698206645558945
3021300,394.42052816813
3021301,1.1419387185088665
3021302,5.486451865830826
3021303,10.67575522692656
3021304,18.900531867394577
3021305,1.5225714499489895
3021306,408.802408121931
3021307,401.55222685683793
3021308,4.249536124405184
3021309,9.11081907402835
3021310,149.85527778993696
3021311,80.97358177292415
3021312,1482.0847235969416
3021313,1.5951576131059737
3021314,5.723436777963093
3021315,1.6605323226309239
3021316,0.0
3021317,0.874017688542907
3021318,1222.2977591513438
3021319,0.0
3021320,178.96260501594656
3021321,3.572134228166035
3021322,642.0558402108305
3021323,210.2958866191871
3021324,108.58814521331698
3021325,164.61808279568766
3021326,21.91439087645848
3021327,2161.2562389845943
3021328,1.9219024307433132
3021329,0.27789837615144203
3021330,11.147398230076295
3021331,4.198089331350074
3021332,0.09038107822853134
3021333,120.9524554313146
3021334,0.021970226245891636
3021335,0.01015232373250172
3021336,0.37950503520248613
3021337,26.258516864563212
3021338,0.36133474625209766
3021339,69.56748837832383
3021340,107.58649982801752
3021341,0.5223575619439912
3021342,1.1721437948148976
3021343,59.799224304940076
3021344,12.801096519703627
3021345,208.09789310391625
3021346,0.0
3021347,1.6909067177220884
3021348,9.381399120996576
3021349,0.0
3021350,2.0471970871817406
3021351,2472.1701762116336
3021352,0.0
3021353,315.3958047118112
3021354,8.627032456936348
3021355,1271.3883108209395
3021356,504.7392285688313
3021357,195.6334730161352
3021358,164.66062122567615
3021359,67.17443431280915
3021360,3693.658372518205
3021361,4.929425432570012
3021362,0.49894560906251406
3021363,29.12175165941829
3021364,20.861701049310128
3021365,0.16520176348761018
3021366,275.82162084443144
3021367,0.02673093135658491
3021368,0.002728077499399074
3021369,12.407389093688952
3021370,28.647937913803403
3021371,1.355923780210786
3021372,296.23542080077186
3021373,299.53878742666814
3021374,2.1170231944442572
3021375,4.411691573995578
3021376,228.96899489786284
3021377,34.62862472039351
3021378,1360.2036824642175
3021379,0.0
3021380,0.669368162135697
3021381,3.2041308864156965
3021382,0.3333422579326584
3021383,1.9882903104867147
3021384,2791.8735723376285
3021385,0.0004295466340362592
3021386,751.0052083980071
3021387,7.924493515512281
3021388,858.1222394801987
3021389,604.5180983979537
3021390,233.430966848298
3021391,135.31034386945979
3021392,63.929538787236105
3021393,4328.954008561226
3021394,10.976845535032785
3021395,3.232912111525347
3021396,29.798510759520962
3021397,35.42963549347958
3021398,0.1079742914824013
3021399,206.45791070220923
3021400,2.4121981284378515
3021401,4.897050894098573
3021402,3.183930081004713
3021403,30.02076673789055
3021404,2.3321342129145175
3021405,168.29921889895073
3021406,270.28274922935486
3021407,3.095705235755931
3021408,6.79285913697889
3021409,129.11972257714353
3021410,33.304209942193026
3021411,609.3529420309454
3021412,3.5611550125766134
3021413,2.324136460078547
3021414,4.0311702626585815
3021415,0.0
3021416,0.4122335374994207
3021417,1484.572484312406
3021418,0.0
3021419,146.34576348892864
3021420,2.45572791338169
3021421,548.8912110283893
3021422,217.34007995642935
3021423,101.57065647435253
3021424,165.6238181590752
3021425,46.12415833898116
3021426,2382.091305904022
3021427,13.028771815047108
3021428,0.4451468402134313
3021429,9.800056712115248
3021430,12.512071344809653
3021431,0.08044279302744253
3021432,122.58041408160912
3021433,0.011185100838534573
3021434,0.0
3021435,0.1868249814272841
3021436,44.02503839655782
3021437,0.6723381515509194
3021438,190.93900924492766
3021439,120.7796785216939
3021440,0.9216362426854582
3021441,0.9881986860862096
3021442,56.42032224445746
3021443,22.17133198372585
3021444,395.7521259758502
3021445,0.05013422612224213
3021446,0.8042452059448106
3021447,5.1580107764442475
3021448,0.0
3021449,0.8381173085302995
3021450,4098.986016217195
3021451,0.0
3021452,702.81248399209
3021453,8.01563607450532
3021454,1081.7218398721425
3021455,697.7877406927785
3021456,243.62954924905387
3021457,135.6416134781889
3021458,89.27481526405865
3021459,4618.66488607324
3021460,9.00711923460489
3021461,0.2661946319089032
3021462,23.72240242907875
3021463,12.462098929441833
3021464,0.11663761017424285
3021465,265.8613380874276
3021466,0.01930823104847312
3021467,22.182117857897644
3021468,2.6738239595534905
3021469,51.320178368851586
3021470,1.1938352244128336
3021471,209.44684172338395
3021472,279.2564764731233
3021473,2.7447344095680295
3021474,3.893894371620035
3021475,116.42897918859134
3021476,44.646255136611096
3021477,1282.5459833674731
3021478,0.7384394773052131
3021479,1.0688540329756433
3021480,3.5434017211605617
3021481,0.0
3021482,8.73841404912235
3021483,2475.859213799769
3021484,0.0
3021485,455.5034606655875
3021486,6.771684275794773
3021487,840.8685363234005
3021488,740.62322661224
3021489,145.0409224495515
3021490,109.82998189512453
3021491,98.31797326472972
3021492,3084.98972384626
3021493,45.742274818932735
3021494,1.330481284978459
3021495,22.27702551014672
3021496,24.170241395350146
3021497,0.23465016928947127
3021498,238.2029096014141
3021499,21.955988280851734
3021500,18.904931445451588
3021501,1.34383838934573
3021502,78.06537652181122
3021503,9.539426505396465
3021504,191.82459534524835
3021505,278.2710786111423
3021506,12.572521733431337
3021507,12.4348076481939
3021508,228.8042395485442
3021509,63.30592642316746
3021510,1984.0166260518854
3021511,0.0
3021512,10.756349615346899
3021513,8.2953210956187
3021514,0.02255591967007916
3021515,10.936289735240823
3021516,3246.288122075806
3021517,0.03228767608068741
3021518,563.4195369296699
3021519,15.103110353934216
3021520,1698.2193029920506
3021521,935.6596109682275
3021522,177.83811723879995
3021523,119.22740199817127
3021524,113.7741854749222
3021525,4859.826949047431
3021526,31.93369215002744
3021527,1.1972920331203722
3021528,46.03665685930572
3021529,67.5151059807674
3021530,0.029037730831509047
3021531,436.3572865047593
3021532,33.122480960917926
3021533,18.440696224801034
3021534,10.4708894161653
3021535,93.42908057030576
3021536,16.391640974971626
3021537,178.49002779312784
3021538,527.2262223152245
3021539,9.63585725968395
3021540,14.646180835983179
3021541,175.66846176567333
3021542,99.00877924868999
3021543,2190.3793683176414
3021544,2.2930001176838513
3021545,20.603401990822555
3021546,11.199030684940018
3021547,0.24779835203605333
3021548,4.608450946194858
3021549,4070.285924269661
3021550,0.020126770239419816
3021551,837.7102477843849
3021552,6.262412502543894
3021553,2872.108922466137
3021554,701.0644393166717
3021555,192.63094320841824
3021556,406.9166297182596
3021557,71.51951050765157
3021558,5526.571911669482
3021559,42.33719323635409
3021560,2.271015390153477
3021561,27.390842137800988
3021562,18.739064337035106
3021563,0.13973659978876343
3021564,388.99713370152085
3021565,6.056864726800488
3021566,15.966176185755414
3021567,9.37120666393903
3021568,49.83089283055813
3021569,3.9826349618267134
3021570,160.01269704573716
3021571,428.85178810649745
3021572,8.966932582721617
3021573,11.792486316894557
3021574,243.19553008746763
3021575,63.33956666225764
3021576,1694.8740396735818
3021577,15.530273064913821
3021578,15.920028761862003
3021579,5.3494839270114936
3021580,0.4335055943838865
3021581,6.032896796481951
3021582,3563.358515341753
3021583,0.03112236774577389
3021584,503.31865574714277
3021585,9.125613967925233
3021586,1023.548985484312
3021587,996.5169836249386
3021588,254.1940356324673
3021589,187.02035507630214
3021590,113.48041298706414
3021591,4131.173074760995
3021592,31.89055715542498
3021593,1.5976884191716554
3021594,21.83658173893104
3021595,15.071796215980147
3021596,0.15764351289125425
3021597,312.6929573755742
3021598,25.743122292466467
3021599,23.895572548859207
3021600,2.2582869843378415
3021601,97.61059818117901
3021602,9.569779186895191
3021603,402.1728848166561
3021604,329.4360874806522
3021605,8.692544144761007
3021606,11.8613661887851
3021607,463.71431117960844
3021608,71.06322666036056
3021609,2782.531277917293
3021610,0.13841617190900984
3021611,35.09250717054429
3021612,3.4184686876427257
3021613,0.0918141727822542
3021614,2.299087322897578
3021615,4698.834728565956
3021616,0.0
3021617,510.9028056807788
3021618,7.075729080534913
3021619,3122.141909437782
3021620,704.9029155321626
3021621,299.00927113703085
3021622,148.07604090477767
3021623,63.882911859448186
3021624,5507.9647858200915
3021625,11.066913681719114
3021626,2.0104479868633156
3021627,30.34523903623807
3021628,25.22907891099985
3021629,0.2112785862775193
3021630,443.9229186629699
3021631,0.01296738476905031
3021632,0.1263137928399044
3021633,8.829803679846787
3021634,38.010536041484166
3021635,1.9288547810520704
3021636,139.04709502871827
3021637,375.6484561335779
3021638,3.2298457978854924
3021639,10.78732738979279
3021640,175.5381932218467
3021641,54.14387411498724
3021642,1100.727704808448
3021643,0.0
3021644,5.04872509029072
3021645,9.845121131574336
3021646,0.022983213270061302
3021647,10.78531485449067
3021648,3948.571626609794
3021649,0.02842523827921883
3021650,667.171206885954
3021651,11.929358945127136
3021652,1360.0437256561106
3021653,969.5719490792751
3021654,303.28318330549183
3021655,170.72305136706456
3021656,151.6812944279695
3021657,4855.260946243236
3021658,53.18351603712093
3021659,1.39830857849877
3021660,31.882081733956866
3021661,40.64359256555621
3021662,0.030556499770912383
3021663,355.83322217236963
3021664,28.822510823513902
3021665,21.47673787368705
3021666,8.646999832227273
3021667,95.84231041716575
3021668,16.184529590578922
3021669,244.2207344353293
3021670,517.3020100565002
3021671,16.70555207628039
3021672,11.436859300072351
3021673,244.15091240407955
3021674,70.31423638984988
3021675,2489.989270846818
3021676,0.43942217975087394
3021677,8.828772659997092
3021678,4.354397397494023
3021679,0.017832428016216394
3021680,6.970284803066908
3021681,3468.7714426483785
3021682,0.031278755823057225
3021683,575.2375982778088
3021684,11.059061389906502
3021685,876.9962350896459
3021686,938.7986706937279
3021687,215.40615403760117
3021688,153.3132866123011
3021689,121.07519735582476
3021690,3497.074951007312
3021691,36.059149136011065
3021692,1.1254023898842798
3021693,26.138325531991523
3021694,23.607798738432376
3021695,0.02620916936495039
3021696,290.92519204910354
3021697,21.295253689002106
3021698,39.367682121475625
3021699,4.165531714558886
3021700,71.48336378668743
3021701,12.647262646429947
3021702,243.4007332396358
3021703,280.7801249311369
3021704,11.88582017407367
3021705,11.164309634745646
3021706,258.9118405083569
3021707,67.7370395227883
3021708,2498.8367999835186
3021709,0.2685567189485299
3021710,20.57055422676694
3021711,7.573402039295402
3021712,0.0945824430776748
3021713,4.321498980866422
3021714,5368.288713545749
3021715,0.006713709212304004
3021716,759.8259984400758
3021717,15.444663523457777
3021718,1449.1353143611764
3021719,839.0849504350853
3021720,371.72108196978024
3021721,233.90939986556373
3021722,60.31795949662345
3021723,5750.8938504316675
3021724,14.332175816017191
3021725,0.17246464154262647
3021726,20.643101891508653
3021727,22.78479859504356
3021728,0.10310091920363323
3021729,319.8592468859907
3021730,0.04590882741987262
3021731,7.574286196471271
3021732,1.4260058831147544
3021733,76.8554487439881
3021734,3.241799056997779
3021735,196.623252293803
3021736,372.6949860262482
3021737,3.6183717355449296
3021738,2.25669775040268
3021739,231.55611734823685
3021740,115.71034121236258
3021741,1454.8028229135514
3021742,1.7406864884435973
3021743,0.8549804050414135
3021744,20.239999432689345
3021745,0.04198406038272591
3021746,24.41865672296855
3021747,11611.536223863404
3021748,0.06127809433025761
3021749,2070.43469677184
3021750,29.39760965556822
3021751,3277.107966254161
3021752,3251.7254508032424
3021753,783.999149082353
3021754,785.5636892719584
3021755,507.63721875242163
3021756,11468.69555769444
3021757,94.32496290057831
3021758,5.303450398473526
3021759,145.63460232302964
3021760,154.80681469913605
3021761,0.4224623611970175
3021762,1100.7447898830283
3021763,50.07041846783447
3021764,29.450555315177777
3021765,53.86447866765564
3021766,388.9631517414435
3021767,34.23404064522616
3021768,966.3303737154971
3021769,957.2182412202035
3021770,51.50045970223982
3021771,51.49374094285401
3021772,1455.7397356691274
3021773,368.74754305026073
3021774,9490.487489288618
3021775,366.12138397074966
3021776,126.95916326730384
3021777,22.58934252407855
3021778,0.03777711230302741
3021779,20.701273393178358
3021780,11339.595093414657
3021781,0.08548472314991742
3021782,1650.7584583879934
3021783,31.892162089720024
3021784,3644.9016003949014
3021785,2911.672004680645
3021786,969.0629606883638
3021787,500.91588601633646
3021788,421.0351817901801
3021789,11426.799814115904
3021790,125.36060517713358
3021791,1.8841971752958127
3021792,65.66975078915726
3021793,105.77483184428121
3021794,0.8730879442689979
3021795,1021.6403950316868
3021796,44.21129367538603
3021797,44.4118390181483
3021798,9.456431240967202
3021799,224.6312119748021
3021800,27.79421161256817
3021801,1359.8756401557237
3021802,1076.075769750479
3021803,35.346021152307564
3021804,43.67273208646662
3021805,1538.8566812089346
3021806,335.136673384469
3021807,7571.975554001692
3021808,626.3869788755756
3021809,124.08714747162809
3021810,17.866060397303997
3021811,0.04262103575748442
3021812,29.040317185700214
3021813,8761.478574844903
3021814,0.17120276572005902
3021815,1316.0817066704767
3021816,16.96076709542339
3021817,3717.0277795662646
3021818,2124.778037872381
3021819,1161.3484466911734
3021820,222.77089516938258
3021821,319.5220648545048
3021822,11275.81181444148
3021823,59.125646526610346
3021824,3.386682005490673
3021825,48.12170964365603
3021826,40.53095766578584
3021827,0.4573325980220362
3021828,1024.499221278745
3021829,49.683175454399326
3021830,30.142792547082216
3021831,15.259213901535857
3021832,147.53731945628158
3021833,13.886797237941517
3021834,1133.2488108403481
3021835,1093.1194548587102
3021836,36.53730345880669
3021837,59.59279310105695
3021838,1051.4766657302125
3021839,156.52638078436323
3021840,3947.493019601228
3021841,467.1389739913058
3021842,63.867935678155995
3021843,22.045746717032927
3021844,0.03714233432166985
3021845,28.682305128150215
3021846,11168.276823143318
3021847,0.08482076381492452
3021848,1585.2845433935172
3021849,22.509008734190246
3021850,3118.6979298516962
3021851,2709.762988075757
3021852,894.2870721985644
3021853,476.28524913571505
3021854,364.4222035418439
3021855,11353.632628051619
3021856,61.459760470747476
3021857,2.099437750728972
3021858,77.38240040571343
3021859,119.85232033859786
3021860,0.9176812229479255
3021861,936.8779596620581
3021862,45.96355890142231
3021863,34.84209469310395
3021864,23.599698902234078
3021865,236.32737616192549
3021866,18.734192351073727
3021867,1041.894832052696
3021868,1083.854278704133
3021869,34.60877321618211
3021870,45.39664288757599
3021871,1657.2067363815286
3021872,278.78902965661075
3021873,7125.2331731984705
3021874,391.9192298721322
3021875,89.92096855124703
3021876,18.541769024284896
3021877,0.05499736824619287
3021878,30.68906873832099
3021879,7877.328499410056
3021880,0.05691888000322905
3021881,1118.2593250640848
3021882,20.522344449427862
3021883,3258.2692149848613
3021884,1860.452963202578
3021885,985.3355065192678
3021886,175.4773603869459
3021887,230.42445562053044
3021888,10469.44887472375
3021889,59.409594474066964
3021890,0.49583691272893726
3021891,46.970864157176244
3021892,91.97820791072967
3021893,0.26285612788851836
3021894,940.2892409028739
3021895,43.42821920580081
3021896,16.717311804888404
3021897,12.269150072900587
3021898,138.37635609748605
3021899,9.507801104104551
3021900,1042.557161160417
3021901,1106.910300029888
3021902,26.574717556628194
3021903,37.92683156499678
3021904,1079.1292146605617
3021905,132.77733028151422
3021906,3035.950376527543
3021907,310.93423915402957
3021908,32.76355194378617
3021909,13.895102075816975
3021910,0.012460883879744976
3021911,16.194596599552312
3021912,8403.100916936208
3021913,0.03120824807353953
3021914,1343.3578842804454
3021915,27.811090368318684
3021916,2128.761226360798
3021917,2474.779708808408
3021918,578.6033651555508
3021919,525.9064469607987
3021920,391.6778502593569
3021921,8822.728634781333
3021922,68.6136946820872
3021923,1.9520683382400263
3021924,55.55849103821616
3021925,65.95017579589211
3021926,0.4248257827591778
3021927,657.6926413602249
3021928,26.279959940465744
3021929,32.20432418958753
3021930,17.326432416167684
3021931,258.519250676395
3021932,24.224972807328832
3021933,835.0774322834673
3021934,715.3575482771065
3021935,24.4908821108327
3021936,38.68340286401329
3021937,1080.866971784629
3021938,253.75922806870992
3021939,8094.951723259242
3021940,297.85141052525086
3021941,76.55372415488686
3021942,7.291399425785511
3021943,0.3167782383579234
3021944,7.342305136459513
3021945,2424.8678949679575
3021946,0.028450013179351624
3021947,388.9810329039614
3021948,22.219479325852767
3021949,1033.477009153269
3021950,653.0919101349104
3021951,243.3262810302261
3021952,95.56088357874327
3021953,99.73788230365965
3021954,3509.236442157293
3021955,43.72261619021349
3021956,1.210093618884835
3021957,28.405627035028132
3021958,23.64146105829663
3021959,0.13392899554536153
3021960,257.3012033057438
3021961,15.602727596005824
3021962,8.5857412888465
3021963,12.027843398719883
3021964,64.42694136329564
3021965,9.225971687196113
3021966,232.79418879074646
3021967,317.28424083718744
3021968,3.813198248762783
3021969,8.666220403477269
3021970,242.3878018085954
3021971,59.84830682540932
3021972,1626.5999645237748
3021973,0.5412745477625165
3021974,10.990284640035178
3021975,14.344496161433408
3021976,0.029690721030089053
3021977,18.194323746306907
3021978,6237.9579543889495
3021979,0.043669606045931855
3021980,745.9360770606648
3021981,37.52350430135976
3021982,2244.615201710663
3021983,1420.494624763234
3021984,644.4911065003403
3021985,149.0133585949226
3021986,165.5062376107869
3021987,8462.056720556899
3021988,95.59940885972168
3021989,1.5051327941342223
3021990,59.05143236912456
3021991,46.285045083171326
3021992,0.15461344982051423
3021993,583.6776335786157
3021994,30.27157475911232
3021995,10.967474223603952
3021996,4.326203464388705
3021997,141.2152862804121
3021998,12.635374803850889
3021999,579.864596592967
3022000,745.2389613304042
3022001,15.465571066934789
3022002,33.772802567383124
3022003,484.1569883856685
3022004,94.95260554718215
3022005,2655.763008496829
3022006,412.230855291875
3022007,23.033436492024983
3022008,9.408126016070192
3022009,0.0155581967880509
3022010,8.514218708932754
3022011,6309.43377505603
3022012,0.030514641316346736
3022013,1143.1577692391427
3022014,10.658656008152343
3022015,1760.9025889467223
3022016,1920.3577937875332
3022017,329.96439386664593
3022018,402.65718268688994
3022019,277.7588837482707
3022020,6813.333907712486
3022021,44.73807452653886
3022022,1.8271659273156327
3022023,39.63562465923247
3022024,49.48511464280126
3022025,0.30380215768689717
3022026,448.8174548800151
3022027,2.9321718959998013
3022028,47.92881989484085
3022029,5.97041463621525
3022030,148.16554015427937
3022031,13.492758324529046
3022032,684.8439431953859
3022033,430.8739786654785
3022034,26.33124519699547
3022035,15.246106876296414
3022036,878.4749576926042
3022037,146.90446835697068
3022038,5729.984234739068
3022039,3.5239235280515784
3022040,58.46924506495614
3022041,12.45393833634666
3022042,0.0
3022043,11.618535739140627
3022044,4798.7866010888665
3022045,0.004659949770885232
3022046,1117.1592882206105
3022047,12.810330271975067
3022048,1730.1896510442873
3022049,1288.8474516590402
3022050,410.78628948376894
3022051,205.67431410998668
3022052,268.5581821881171
3022053,5963.57697622293
3022054,52.59530006088924
3022055,3.0109942102809177
3022056,50.357626403264774
3022057,57.78455477236433
3022058,0.28673194638109367
3022059,455.78754666386874
3022060,9.980485954483402
3022061,49.78676537192101
3022062,9.873928489393657
3022063,255.04321810333008
3022064,11.65909140931963
3022065,473.7165772077065
3022066,436.8471881007746
3022067,17.17129660669671
3022068,27.384839777581522
3022069,454.05213774404336
3022070,120.36889519895986
3022071,3309.553957529063
3022072,6.0220611070939105
3022073,15.271165408401606
3022074,13.081763646433068
3022075,0.36448692726442533
3022076,5.22818056718517
3022077,2409.3569144901203
3022078,0.3680949042255489
3022079,510.1451034734866
3022080,11.74909599811693
3022081,1068.8977875656758
3022082,557.771629246131
3022083,261.26563781271506
3022084,84.3719121544894
3022085,107.02796225338984
3022086,2789.1633676955735
3022087,24.548255545136602
3022088,2.139382279566336
3022089,35.84503075370418
3022090,30.527211410172242
3022091,0.5325139056924227
3022092,250.66491613302182
3022093,8.945266362227256
3022094,18.736926360962492
3022095,10.258303991820096
3022096,96.26568351111924
3022097,6.023831974138995
3022098,220.3465520364159
3022099,281.5689292002762
3022100,8.40622151084523
3022101,9.990246652814921
3022102,194.43059274528068
3022103,65.31387093123911
3022104,1747.848287773446
3022105,0.6358949086556676
3022106,5.2136236593824625
3022107,11.175037482811824
3022108,0.3615267360583608
3022109,2.142502407133042
3022110,2986.7673783910973
3022111,0.36512688568053475
3022112,297.46932313972843
3022113,7.361511535472666
3022114,1256.7729027179937
3022115,241.65502683623313
3022116,249.22772474618864
3022117,65.1043627659479
3022118,37.94682241385689
3022119,3158.48870921357
3022120,17.037447682195268
3022121,1.6132410001240183
3022122,27.901697787318913
3022123,13.553005701233706
3022124,0.5276304219242421
3022125,275.0155041657061
3022126,0.42986220704651257
3022127,0.3676701915589667
3022128,6.465729336715828
3022129,29.25432012852295
3022130,2.002209220824119
3022131,57.13898785413084
3022132,242.54001347061094
3022133,0.6832952852627356
3022134,3.3688319993444846
3022135,58.97815378692788
3022136,76.81105156770359
3022137,576.34293870992
3022138,0.33424272626198004
3022139,3.499473003868542
3022140,8.725779198941623
3022141,0.03012614876959888
3022142,9.2951865392435
3022143,4729.341580252435
3022144,0.03574186803704588
3022145,702.6055007816457
3022146,14.168370978966745
3022147,1614.0597930660788
3022148,1245.237564403509
3022149,471.07473776690944
3022150,226.9793724253978
3022151,189.92774083920526
3022152,6060.894086902014
3022153,42.015143723417914
3022154,1.0053027140160908
3022155,37.52232193506395
3022156,64.7635068897538
3022157,0.03539800413036709
3022158,477.9399066017685
3022159,35.57998832286971
3022160,20.68276684126678
3022161,18.802397823847652
3022162,119.64128832923828
3022163,10.101396548804383
3022164,539.1962009171459
3022165,485.20361271876857
3022166,13.433367885077253
3022167,19.87663588216664
3022168,683.2826945930154
3022169,115.6523243669501
3022170,3153.8907439555046
3022171,0.04039031176169382
3022172,48.414590284490394
3022173,4.896029172777889
3022174,0.0
3022175,6.154751793161636
3022176,3999.112622003883
3022177,0.12640141618322312
3022178,646.4371022550557
3022179,14.53671303919946
3022180,980.1021789032848
3022181,1177.1251427450925
3022182,186.17078864678686
3022183,268.1584077395349
3022184,212.0241095633929
3022185,3797.5195240828684
3022186,33.860615604694985
3022187,2.4695459686455767
3022188,25.078475437722062
3022189,31.027276193683587
3022190,0.5227934737397171
3022191,246.91305150987117
3022192,15.00150397600972
3022193,33.82055307481261
3022194,9.095078276810316
3022195,172.96189989792387
3022196,13.874481009257098
3022197,435.8864696506967
3022198,261.8053720564885
3022199,7.7270262476422005
3022200,15.505361104628648
3022201,551.1133448913188
3022202,128.87738496778934
3022203,4264.0465796214985
3022204,0.24007726007887195
3022205,39.10795684583696
3022206,4.493275832374398
3022207,0.5584439379640541
3022208,14.336488619306241
3022209,5608.376764024506
3022210,0.030634928469940714
3022211,974.9294756642001
3022212,22.13313415770734
3022213,1428.9394661091226
3022214,1697.220253753376
3022215,370.5025408079933
3022216,397.0796383376114
3022217,187.62814827408687
3022218,5744.271588661323
3022219,40.858684839110154
3022220,3.579266129784206
3022221,42.63879244106851
3022222,52.17656748252889
3022223,0.03277076922266051
3022224,464.3714633231824
3022225,39.5878826084513
3022226,37.629996888104046
3022227,27.8176441252067
3022228,130.71033716984198
3022229,22.253327521074784
3022230,480.84006288595907
3022231,470.4038160452424
3022232,24.537757686279097
3022233,25.32620482040347
3022234,718.7717052114438
3022235,173.09658650011357
3022236,5209.610558179107
3022237,1.0411009189444425
3022238,45.996811570587376
3022239,16.714479966695777
3022240,0.39322096893994873
3022241,10.911210303157723
3022242,4506.433952141269
3022243,0.011944889247832829
3022244,660.3417188721941
3022245,15.731887586722259
3022246,1971.4113063621412
3022247,986.4678222031522
3022248,661.8947872462732
3022249,242.555178226021
3022250,113.85506140601781
3022251,7964.152435260676
3022252,14.591373524266524
3022253,1.4791790082996858
3022254,48.06219991753333
3022255,52.49009572685916
3022256,0.015728705936079525
3022257,491.38834578752
3022258,12.555045781831321
3022259,5.520748955486159
3022260,10.051704621184827
3022261,57.17501460967814
3022262,3.899852239427017
3022263,419.35208510047954
3022264,578.0947247079323
3022265,9.857208182490709
3022266,10.46419226507197
3022267,496.03858083555554
3022268,133.0141187284361
3022269,1792.4297837324598
3022270,105.26260630431526
3022271,19.566089810291633
3022272,3.7891258498138827
3022273,0.05805825486388462
3022274,3.5869703801809667
3022275,2062.234149733604
3022276,0.18109505035623288
3022277,317.8076929894207
3022278,8.04571038331182
3022279,586.0954089946487
3022280,618.8801546313023
3022281,139.81233377085601
3022282,126.44234459415746
3022283,113.21784475999604
3022284,2503.5939057452665
3022285,13.356909277960092
3022286,1.1039401395563093
3022287,18.007871916331045
3022288,22.39016371499361
3022289,0.23550909295891387
3022290,179.14007368418422
3022291,11.405025356687018
3022292,11.786535537628554
3022293,5.21089149897356
3022294,64.4962342771418
3022295,4.832029353236414
3022296,238.518558976046
3022297,160.75615178877533
3022298,3.5541601520607213
3022299,6.462284156764502
3022300,285.0811507879559
3022301,62.265282359020574
3022302,2147.735732501416
3022303,0.04420669509249211
3022304,23.910105639246545
3022305,1.067324537396796
3022306,0.0
3022307,1.3206988644027349
3022308,1202.3071212573327
3022309,0.0
3022310,95.92264467233116
3022311,2.7899535482569138
3022312,1041.9230891622808
3022313,268.91027810207385
3022314,204.423444567632
3022315,63.29488802087105
3022316,25.948920572746193
3022317,2759.343919305435
3022318,3.1482253316916964
3022319,0.28067543013186497
3022320,7.130389263542704
3022321,5.495772944519057
3022322,0.055600220322518455
3022323,168.9770700081319
3022324,2.275912970337992
3022325,0.0
3022326,1.1644760371055916
3022327,7.0782170071633015
3022328,0.27207709022064613
3022329,155.4123769657743
3022330,187.48544745523142
3022331,0.4777558621117194
3022332,2.732574939104621
3022333,117.0506953446003
3022334,23.123143909470684
3022335,220.1700271549841
3022336,5.741825459146068
3022337,1.0875147953201485
3022338,5.333998116528874
3022339,0.14736398962015093
3022340,4.260735512137236
3022341,3834.6386594830296
3022342,0.005091541366036478
3022343,627.3956624255183
3022344,9.783552591214985
3022345,1744.64237768831
3022346,596.2248131122743
3022347,458.1299803893481
3022348,331.27434190254814
3022349,65.93285934734826
3022350,7120.659715860008
3022351,19.584595720529066
3022352,0.6119327737365643
3022353,17.170578793639326
3022354,18.585053019900286
3022355,0.08922512341037307
3022356,453.99369699548015
3022357,5.309653155094463
3022358,1.266824875737495
3022359,7.089013970223442
3022360,25.112548102864533
3022361,1.544656100012764
3022362,546.6913915995875
3022363,402.80740421033903
3022364,1.9093539195048221
3022365,11.995282825675215
3022366,302.9627626288551
3022367,66.9051843698763
3022368,1293.5353038993778
3022369,38.038656015054656
3022370,8.134216916245226
3022371,4.808484060729526
3022372,0.006621341687112693
3022373,0.7954840929751347
3022374,1566.4493356832418
3022375,0.010223143185363057
3022376,182.19006292974493
3022377,9.086314248774181
3022378,1389.992467425585
3022379,348.02514996146016
3022380,191.90140046750682
3022381,73.75314190547685
3022382,31.4224263101696
3022383,2887.2397861385093
3022384,5.694614022644047
3022385,0.34928983775153694
3022386,10.139630542850073
3022387,14.410866516985394
3022388,0.21037930075636585
3022389,170.1845108036292
3022390,3.995225955907445
3022391,0.0
3022392,7.969095464457766
3022393,18.605988335621742
3022394,1.1145741388456536
3022395,128.95854504836808
3022396,190.40007434263077
3022397,1.15085528629799
3022398,5.258844033821498
3022399,141.2660824049532
3022400,29.060044825782438
3022401,295.3400206543194
3022402,4.742690521630275
3022403,2.597073627845311
3022404,3.734853202419195
3022405,0.0
3022406,3.456976990252126
3022407,1677.3526815518312
3022408,0.0
3022409,122.17183413704603
3022410,5.011660889932785
3022411,1132.484725837828
3022412,279.8280573580326
3022413,142.81160797983082
3022414,61.43485463988084
3022415,25.04451450961937
3022416,3072.735930980003
3022417,7.787825419692332
3022418,0.09440166962573171
3022419,11.974036548866724
3022420,8.823231572851942
3022421,0.0
3022422,141.52552218515754
3022423,1.0176915198612753
3022424,0.0
3022425,1.7713682261163206
3022426,17.27813423539894
3022427,0.659350230989182
3022428,140.52012657499958
3022429,203.06381290694904
3022430,0.3859135022763621
3022431,3.7303461677739578
3022432,74.76612439106327
3022433,19.43893942541146
3022434,171.8434601151543
3022435,7.3175466390796435
3022436,0.9171211506481765
3022437,2.8775588008395534
3022438,0.0
3022439,1.2901327372804705
3022440,1483.3920419872147
3022441,0.0
3022442,163.1630453436969
3022443,6.339614477746612
3022444,1622.874725570434
3022445,341.3129930570672
3022446,217.78572959241583
3022447,38.00296068962882
3022448,30.005760858535023
3022449,3091.995796634482
3022450,3.1558824901680937
3022451,0.2528003973855266
3022452,6.971520690223665
3022453,20.123352344365617
3022454,0.10686832119360591
3022455,219.100410514601
3022456,0.5833829143449121
3022457,0.0
3022458,2.457406222843078
3022459,9.98487049919014
3022460,1.4090103526159745
3022461,215.22492816257258
3022462,257.4027604200089
3022463,0.8592306077906328
3022464,4.083811444753384
3022465,68.1640888640789
3022466,77.91727800646355
3022467,343.37452361521116
3022468,5.97554905357127
3022469,3.216023772535063
3022470,3.7331792231720007
3022471,0.4926444892603962
3022472,2.2976814687098193
3022473,1642.755130155683
3022474,0.014180778969894905
3022475,159.08749983240406
3022476,2.6097893724141445
3022477,1073.4824302229663
3022478,341.5097454648128
3022479,239.7763118362702
3022480,105.25137522112614
3022481,54.041737929142734
3022482,2893.7229319416224
3022483,4.711237893637116
3022484,0.8980012514484806
3022485,10.772758840693683
3022486,14.0698773989046
3022487,0.13953832044544318
3022488,235.00592205796454
3022489,5.852584110532842
3022490,0.0007596144327792668
3022491,2.755272259238024
3022492,16.061757348530676
3022493,1.3380105140911691
3022494,123.78760534423604
3022495,219.25429177464224
3022496,0.6880894154812838
3022497,4.187638660495116
3022498,101.40963511386633
3022499,37.29687708798448
3022500,539.7619757413456
3022501,7.293310895695747
3022502,3.570094816306443
3022503,3.2694512752328158
3022504,0.16163512483701212
3022505,0.7594638376686329
3022506,1294.107058798423
3022507,0.0
3022508,145.60630060856766
3022509,3.6035721834326737
3022510,706.2253076525905
3022511,238.8344075681714
3022512,146.1913975057427
3022513,220.44191868285063
3022514,22.38785422578924
3022515,2154.195194766106
3022516,3.0069349842211928
3022517,0.19048952852423803
3022518,8.917431154546202
3022519,10.98035261275547
3022520,0.20184479289674265
3022521,143.6681398377046
3022522,0.0
3022523,0.0
3022524,1.7691305507402653
3022525,15.089792706885586
3022526,1.0922677225324058
3022527,46.12274149199875
3022528,130.94557824649883
3022529,0.7739132819539252
3022530,2.4988280599643913
3022531,59.97115962376087
3022532,32.6166313497254
3022533,456.6027303728939
3022534,0.0
3022535,0.7251096561766216
3022536,6.2263223920617214
3022537,0.4600129537793219
3022538,2.620085895692413
3022539,2659.3527384172294
3022540,0.0
3022541,308.93390887974135
3022542,4.845337767986406
3022543,1371.9357897898701
3022544,645.3469982790174
3022545,451.499155977788
3022546,290.58082219830357
3022547,85.78957853532722
3022548,4589.957571343618
3022549,10.710942347806832
3022550,1.087727893204698
3022551,18.11083500341248
3022552,22.957607713158396
3022553,0.18105787966619077
3022554,276.80921817247753
3022555,0.21364492291153309
3022556,0.0
3022557,6.3762318525937784
3022558,22.30634437143069
3022559,2.5409376279607723
3022560,212.33256315314975
3022561,303.4050843719246
3022562,1.6925773904656465
3022563,7.577096230232774
3022564,374.0590853320457
3022565,57.18493497881665
3022566,1165.1891769362546
3022567,21.216086974620104
3022568,9.699823425773294
3022569,2.1818204658970974
3022570,0.12668164021454661
3022571,1.9326750886340074
3022572,1548.4817565584838
3022573,0.0
3022574,296.9417699082863
3022575,3.8640966462451027
3022576,480.89421253651744
3022577,386.4344339765914
3022578,148.71020770034912
3022579,172.45232428522775
3022580,17.339154585098928
3022581,2325.2588018290894
3022582,5.74432194825921
3022583,0.5467460600684056
3022584,7.511916298363009
3022585,11.274826016935737
3022586,0.03428848911495451
3022587,136.38788523924936
3022588,4.0460146731220155
3022589,1.7095603811449873
3022590,5.993117333229838
3022591,29.056641967442587
3022592,1.2785864902341226
3022593,27.516349046017975
3022594,132.04012837030334
3022595,2.197108074886897
3022596,3.7226971143298457
3022597,36.30801573209811
3022598,18.19460526729761
3022599,992.6867788485821
3022600,38.6213211539175
3022601,4.751594103439859
3022602,5.094475688125251
3022603,0.35266752304183163
3022604,2.2201464277513154
3022605,2296.897780888231
3022606,0.0
3022607,168.75226133500138
3022608,4.510983056608953
3022609,934.7683368792959
3022610,365.0335775730529
3022611,267.43271603134474
3022612,85.02552950980571
3022613,33.470501211076595
3022614,3396.7144566125603
3022615,14.867820146048727
3022616,0.9230363607606156
3022617,10.787832577270375
3022618,14.332175625205613
3022619,0.12123491672889593
3022620,170.50910239843415
3022621,5.858514887775427
3022622,0.0
3022623,2.7275658394504427
3022624,17.641994001419825
3022625,1.6663123568681568
3022626,144.08886049217026
3022627,178.6301429311459
3022628,1.052234202711717
3022629,4.034144266302423
3022630,105.95577169541635
3022631,23.74079986395316
3022632,442.0286220057613
3022633,2.933456767865883
3022634,3.469813717086668
3022635,5.7429432075535995
3022636,0.006934714214299426
3022637,6.536916406816733
3022638,2786.740942344258
3022639,0.019863546301159767
3022640,561.4469801816053
3022641,8.012600747521912
3022642,758.521362884908
3022643,740.2766161995444
3022644,222.70917218146823
3022645,148.6895778413725
3022646,82.9704048763042
3022647,3586.6979062299533
3022648,31.45622501637712
3022649,1.1606038556514822
3022650,16.18736866167888
3022651,23.817526190476226
3022652,0.12411108168853893
3022653,235.91375689536886
3022654,16.54644403451113
3022655,11.361313836868238
3022656,3.7707630871314977
3022657,53.02126157415803
3022658,7.319529528578326
3022659,390.531247758829
3022660,235.9255775477215
3022661,6.9723187300118425
3022662,6.625603887963799
3022663,380.4522317093972
3022664,101.39809746879003
3022665,1988.6844508899433
3022666,0.0
3022667,27.47738318663323
3022668,5.303004888672125
3022669,0.056683366225252926
3022670,3.506550116721016
3022671,3436.9723418657645
3022672,0.0
3022673,442.881920817736
3022674,5.373151574762514
3022675,2315.8549785922787
3022676,684.4590542091336
3022677,500.251873826789
3022678,131.19623141230724
3022679,63.95673370513008
3022680,4988.422346272112
3022681,9.410300209024449
3022682,0.339193840107597
3022683,14.43322737745302
3022684,13.325684377373944
3022685,0.0
3022686,304.47374556545594
3022687,1.392238314323577
3022688,4.885193457604115
3022689,3.6357660473519506
3022690,27.042057960137956
3022691,0.9248536758035899
3022692,255.0064713177443
3022693,378.85980209597193
3022694,2.936681048903061
3022695,4.798060601677894
3022696,283.422454954023
3022697,59.60445425196733
3022698,890.4418827202924
3022699,71.58067005693454
3022700,10.128091945426757
3022701,8.406739872088057
3022702,0.1965726249444452
3022703,3.024102613549818
3022704,3306.9548816192037
3022705,0.0
3022706,391.15940933083345
3022707,4.266753957557524
3022708,1794.1017035497068
3022709,532.6827970489753
3022710,301.43195686760515
3022711,290.3233442622665
3022712,58.78594461105722
3022713,4194.249981883975
3022714,11.681177452168654
3022715,0.2718323801010661
3022716,26.75112344887247
3022717,25.811686217307205
3022718,0.11592028702187797
3022719,329.6559076581354
3022720,2.7857649285079336
3022721,1.9156398243322894
3022722,7.22855590216955
3022723,41.72278412915984
3022724,1.3099229395123717
3022725,97.48592746783757
3022726,294.79784572279544
3022727,1.7354536171847204
3022728,4.158346874626537
3022729,142.29138599727656
3022730,118.53849319077958
3022731,1161.173685606269
3022732,0.2359032148788328
3022733,4.417031005313118
3022734,3.6759327741479537
3022735,0.190521217406495
3022736,2.602884821762437
3022737,1761.2190455125292
3022738,0.0013056598701061547
3022739,154.21959604224895
3022740,6.306564592674535
3022741,816.9687021051867
3022742,317.91542709822517
3022743,146.44934590678528
3022744,65.97835394300282
3022745,40.94517628483489
3022746,2888.0240525509585
3022747,5.11593536421428
3022748,0.6390198458600521
3022749,19.875342583942054
3022750,15.941220451703195
3022751,0.00011468034363468545
3022752,169.40396834405695
3022753,0.1850909641383109
3022754,0.0
3022755,3.1339101675139283
3022756,40.7564677752819
3022757,1.8592527716931717
3022758,100.83948735449964
3022759,162.4457677943257
3022760,0.9814941213749817
3022761,4.4471991230175
3022762,140.13672176931138
3022763,24.596913242029302
3022764,511.9148649777289
3022765,5.238414466245399
3022766,1.1121935587925005
3022767,1.4559638180494596
3022768,0.005235921650407911
3022769,1.3741886610660787
3022770,1442.7857193737746
3022771,0.09783004788084079
3022772,272.75499760744805
3022773,7.752179850674482
3022774,437.38144135469804
3022775,426.2951830222348
3022776,121.38220007663595
3022777,40.45547107612567
3022778,50.17622602976792
3022779,2060.4856779763372
3022780,17.15052946221077
3022781,0.3277689126957587
3022782,10.522114181964094
3022783,16.317468311371
3022784,0.21468501068027104
3022785,122.46252577734819
3022786,9.347016263769374
3022787,1.4361376330609703
3022788,3.0026254132733197
3022789,39.33818289622908
3022790,3.686279663087351
3022791,433.80237823020803
3022792,136.5732466785593
3022793,2.7949256769197643
3022794,3.9574135841746974
3022795,286.4787737751961
3022796,27.791682192674365
3022797,1068.3108982230656
3022798,0.0
3022799,5.972301583059143
3022800,2.0732670088676524
3022801,0.11470446947479412
3022802,4.976102835524345
3022803,3507.7639469380106
3022804,0.04095551906567369
3022805,710.4798499812528
3022806,14.25589769833937
3022807,1013.7345577854255
3022808,1154.6580467480717
3022809,265.14241017474353
3022810,210.69340495842997
3022811,146.3372794906813
3022812,4008.8459792696185
3022813,28.67655042851801
3022814,0.58461777010801
3022815,18.63307595856601
3022816,32.281718997055876
3022817,0.030844734379983915
3022818,232.76998600295755
3022819,10.699357228525168
3022820,26.190826922717818
3022821,8.85340894802563
3022822,50.61058789575252
3022823,9.99756628191785
3022824,347.8820901030253
3022825,270.5606685090051
3022826,14.5842588451997
3022827,8.042624301817563
3022828,486.17488767238933
3022829,99.15248984369617
3022830,3138.0068848335927
3022831,0.02010721394506915
3022832,20.9270550028479
3022833,2.0033498154317146
3022834,0.029660686823179447
3022835,1.7818663032573565
3022836,1665.5457875454435
3022837,0.0
3022838,209.9040216340788
3022839,3.571710357041944
3022840,295.7961899831161
3022841,451.0657568819634
3022842,113.8944778186529
3022843,34.1334999728201
3022844,23.669626268291626
3022845,1589.471600991935
3022846,8.739913305534994
3022847,0.8157227064521232
3022848,6.4106570740868545
3022849,12.789676972282727
3022850,0.0
3022851,65.7682958787671
3022852,0.0
3022853,7.585642507522992
3022854,2.7506795187576345
3022855,84.78940717258249
3022856,5.025315369605512
3022857,38.882441744379
3022858,78.93889131560545
3022859,2.781856635676145
3022860,3.669033370362442
3022861,40.31923931934358
3022862,11.867116242563885
3022863,53.03749845038843
3022864,0.49261218567199216
3022865,2.3576637521722565
3022866,2.936635702928148
3022867,0.0
3022868,0.22287910321462887
3022869,952.4565532522844
3022870,0.0
3022871,191.86804052989532
3022872,3.6466048633118895
3022873,368.71233707686736
3022874,229.18360566137716
3022875,75.16808820228026
3022876,27.0276021297936
3022877,23.481242658564025
3022878,1520.596202464469
3022879,7.716031486607347
3022880,0.30568813736791434
3022881,7.974580987832126
3022882,6.213612831876231
3022883,0.18334224209934297
3022884,79.52229496567583
3022885,0.040383527991458376
3022886,4.78277261578481
3022887,0.6603140558108214
3022888,12.873685302929205
3022889,0.09464513438073609
3022890,204.5087322353029
3022891,141.99349060587414
3022892,1.5506767106855524
3022893,1.089754415769859
3022894,122.40247706387501
3022895,18.114838278386237
3022896,398.5522484020229
3022897,0.32320935851019117
3022898,1.6994581422521517
3022899,5.087813294479114
3022900,0.2034925811988652
3022901,3.3688858701936613
3022902,3117.371341239051
3022903,0.09012941369231682
3022904,599.4102692300282
3022905,11.626956985478015
3022906,844.0849017010338
3022907,930.1347993656917
3022908,255.32000036463089
3022909,207.47271105702725
3022910,100.96477981545233
3022911,3865.0523667218063
3022912,21.592138191778606
3022913,1.6828154460483642
3022914,13.228874373239307
3022915,24.192404555440785
3022916,0.22818416640412104
3022917,223.56335182020493
3022918,4.785632651748901
3022919,23.280409416529196
3022920,6.409773780965035
3022921,89.47620053265264
3022922,2.728613233140576
3022923,258.2469824558261
3022924,238.43893261423165
3022925,8.104826808081212
3022926,7.581129804906829
3022927,364.2180592051384
3022928,70.15188994520778
3022929,2378.029902363688
3022930,0.7952144945537428
3022931,15.281958938352131
3022932,4.623665735070852
3022933,0.0
3022934,2.095800876232411
3022935,3211.78629496804
3022936,0.0
3022937,595.4857570754496
3022938,9.25980492555957
3022939,1215.0184368979758
3022940,748.2306740062003
3022941,322.9851227236928
3022942,322.22435583467876
3022943,53.59026216989808
3022944,4674.631911243137
3022945,11.361285427361182
3022946,0.649844000538089
3022947,20.047222409985046
3022948,15.528360136568752
3022949,0.5433834234898993
3022950,245.63005158797478
3022951,0.0
3022952,3.031952131160669
3022953,4.01658440284057
3022954,26.446854069096755
3022955,0.8657870575348082
3022956,165.9439011562645
3022957,293.82909158723305
3022958,3.6647903365834877
3022959,3.6923289775909467
3022960,176.72485246423793
3022961,67.87749985446933
3022962,1294.7075090167116
3022963,1.569019981281973
3022964,3.6658567721658817
3022965,4.798769391562869
3022966,0.3555967881402471
3022967,2.3041214102302257
3022968,3021.2992520582993
3022969,0.0
3022970,627.8503949734799
3022971,8.522359154124825
3022972,929.5733605802499
3022973,637.9032893727214
3022974,227.96742172148808
3022975,311.2257477612969
3022976,57.31350338775389
3022977,4028.536932165264
3022978,12.674502947063068
3022979,1.0216068381659502
3022980,20.405970520069726
3022981,13.703888287846263
3022982,0.0
3022983,219.953399920871
3022984,0.0
3022985,3.9172333409126825
3022986,4.069438349101446
3022987,53.32829535308629
3022988,0.9990035293842879
3022989,114.53466653948033
3022990,239.30200524967933
3022991,3.7036245680863518
3022992,3.925869688208713
3022993,171.71051436372318
3022994,58.97308817901089
3022995,1020.686691983437
3022996,1.1316945881820015
3022997,5.099323498236577
3022998,8.607534182658554
3022999,0.6842352235100985
3023000,13.597600546828364
3023001,7526.488741204558
3023002,0.04958565898361615
3023003,1056.5596815185706
3023004,26.89174265077035
3023005,1817.5708210220555
3023006,1763.3740690829814
3023007,313.14790014739225
3023008,416.5663694822964
3023009,302.0126435388715
3023010,7300.1920697363485
3023011,66.21117120046081
3023012,2.3198389242019157
3023013,40.74181113968795
3023014,51.35539221594138
3023015,0.20063405666036843
3023016,467.9664064232661
3023017,31.819002212075446
3023018,37.8837745304253
3023019,22.659931357737864
3023020,141.1784919732035
3023021,21.097389496257406
3023022,617.7964639348338
3023023,504.5041854985926
3023024,16.213294222983595
3023025,22.410979791458626
3023026,1021.0509788023681
3023027,213.8578095345546
3023028,6528.029429570424
3023029,0.8096072588275706
3023030,80.00191875107849
3023031,2.435553158973888
3023032,0.28761277925157247
3023033,0.40863011868144195
3023034,1578.3315677187447
3023035,0.008837328268731973
3023036,150.83197281134042
3023037,3.051003862610935
3023038,539.5495264668276
3023039,249.70964027179835
3023040,112.87535799429004
3023041,174.01186580368528
3023042,33.31283713205939
3023043,1931.4594335921545
3023044,4.035109079202092
3023045,0.193033052328808
3023046,9.755328286516779
3023047,6.506628831177128
3023048,0.092051718833104
3023049,131.77905284980415
3023050,0.4219070444192225
3023051,0.0
3023052,1.985826755479346
3023053,20.768540545315318
3023054,0.5595267397350961
3023055,51.737690670071615
3023056,97.75994680613478
3023057,1.4674999835990552
3023058,3.4438123101474156
3023059,82.88482328510835
3023060,18.815044073431814
3023061,454.904203941997
3023062,0.07082340486824411
3023063,3.1626710062247745
3023064,6.4665046920160165
3023065,0.1995017288184728
3023066,1.5890338950029275
3023067,3126.6327873601363
3023068,0.0012747704217643996
3023069,476.14560702589347
3023070,6.974142472970954
3023071,1129.4057642436094
3023072,597.50996435764
3023073,204.84214920962694
3023074,406.9199357428303
3023075,63.150682711132745
3023076,4252.26081071207
3023077,9.924896866741753
3023078,0.23782641654328068
3023079,17.33980484693484
3023080,16.675336683205078
3023081,0.0007268885292309737
3023082,246.0123685497704
3023083,0.6410876451731958
3023084,3.305202432599475
3023085,7.02162198425713
3023086,10.844535433382276
3023087,1.0751091177737289
3023088,303.2728311013172
3023089,254.1448708768879
3023090,2.8999835234405356
3023091,5.592020845436622
3023092,110.80093370517733
3023093,59.91740708583323
3023094,1080.2386415745746
3023095,1.0985035893161215
3023096,4.263227041272653
3023097,1.182767655631532
3023098,0.0
3023099,1.8006932373695121
3023100,982.2920005780354
3023101,0.0
3023102,118.59566997843513
3023103,2.6812958360432457
3023104,639.0348937497293
3023105,153.00520930039892
3023106,62.677685234114335
3023107,293.4311779689076
3023108,14.418290458379335
3023109,1758.9644056879588
3023110,0.8323325269353972
3023111,0.19206659891177438
3023112,6.696141722609531
3023113,3.049330238550567
3023114,0.06925919396643458
3023115,86.72106305042223
3023116,0.0
3023117,0.0
3023118,0.3578673338961103
3023119,8.896731238505868
3023120,0.26556561074918694
3023121,61.728287003693325
3023122,92.05503185248398
3023123,0.4198224009785388
3023124,0.9080039641908005
3023125,48.12022934378095
3023126,8.918111229138216
3023127,182.38534575232262
3023128,0.0
3023129,1.2639811276637896
3023130,6.004032035193369
3023131,0.0
3023132,1.368743468135526
3023133,1979.2929493959275
3023134,0.0
3023135,211.96255864559782
3023136,6.016945971801882
3023137,909.8829050656162
3023138,364.3460657531783
3023139,158.4394544724794
3023140,277.64424571561517
3023141,47.443916383668
3023142,2830.1652832961045
3023143,2.3457303187313556
3023144,0.43036248997294996
3023145,21.963511009802243
3023146,15.280979775661885
3023147,0.1346925421026139
3023148,192.58967029546943
3023149,0.0
3023150,0.0
3023151,9.156071138269764
3023152,22.728055381980372
3023153,1.0747131171467488
3023154,187.91745999836482
3023155,212.26320965445592
3023156,1.4004410307448256
3023157,3.1058412067276895
3023158,170.71902911467947
3023159,26.10303393695318
3023160,1120.1826369804446
3023161,0.0
3023162,0.5124150659432594
3023163,2.5380066472806218
3023164,0.34378070626245855
3023165,1.602724444235566
3023166,2522.1226227976326
3023167,0.019248534274459224
3023168,682.5639841771084
3023169,6.957498713308515
3023170,1051.2748977089834
3023171,592.7226497668776
3023172,221.6474522684563
3023173,150.15176832383358
3023174,58.5493413071919
3023175,4125.86966657992
3023176,5.245024230764457
3023177,2.4723057644355526
3023178,25.700853425968536
3023179,34.43558330471944
3023180,0.11308529199461372
3023181,201.62211507703663
3023182,1.8301630781908076
3023183,3.447894740763345
3023184,3.018188901537053
3023185,23.583471989621014
3023186,1.6952966639124087
3023187,156.97570768377864
3023188,280.231877457935
3023189,2.579267582243789
3023190,5.392405912059742
3023191,131.80231796975528
3023192,27.591497725316334
3023193,574.5139154464296
3023194,3.035789007368123
3023195,2.0515129051627405
3023196,2.7510216660444122
3023197,0.0
3023198,1.410965744311112
3023199,1478.1578883309485
3023200,0.0
3023201,89.804168341294
3023202,1.6217534195791428
3023203,478.7754428032698
3023204,168.11904447825503
3023205,81.48936249868098
3023206,217.21626254881596
3023207,34.567195225390776
3023208,2142.0365430495535
3023209,4.489569250339039
3023210,0.38420893402038603
3023211,7.873940946810233
3023212,6.235228412138077
3023213,0.057361936919404846
3023214,93.72373421210294
3023215,0.0
3023216,0.0
3023217,0.15659416514298255
3023218,14.824185526213197
3023219,0.48177834721605817
3023220,161.94577431779666
3023221,89.89575934424258
3023222,0.6677388414172002
3023223,0.7828009775620146
3023224,44.66102250253802
3023225,15.897605998965918
3023226,339.4781903483839
3023227,0.017826652306354336
3023228,0.670810628214442
3023229,3.638644472302034
3023230,0.0
3023231,0.6828635548896556
3023232,3412.078339261465
3023233,0.0
3023234,485.6997521280331
3023235,6.33555920265761
3023236,837.4919005055102
3023237,527.3302979350424
3023238,186.16095556036382
3023239,186.11146357348326
3023240,64.7929724683177
3023241,3878.7813994531803
3023242,5.888033830777566
3023243,0.23886043307682214
3023244,24.693797965668356
3023245,9.421509732720425
3023246,0.12093306114771377
3023247,201.93587249201335
3023248,0.0
3023249,14.653676606090592
3023250,2.266461482803909
3023251,39.70433962392611
3023252,0.8974783588075317
3023253,205.26502891863774
3023254,230.7020479386692
3023255,2.351285782715612
3023256,3.374866861701998
3023257,109.945307391521
3023258,40.908905059441665
3023259,1092.1182703172126
3023260,0.6411436987234231
3023261,0.846052918245699
3023262,3.158937926634156
3023263,0.02992535370254499
3023264,7.132218864832888
3023265,3294.5654606405456
3023266,0.039278190840357476
3023267,486.7898082305153
3023268,5.831291169724477
3023269,889.135198666197
3023270,841.4071983188959
3023271,165.76566576305834
3023272,115.7432867957423
3023273,98.57894874952068
3023274,3470.39006523748
3023275,41.89604701585185
3023276,1.0680892239666997
3023277,20.45912942329994
3023278,24.36108258066201
3023279,0.285738238684518
3023280,244.74203799472076
3023281,16.82919629716217
3023282,15.753623193379909
3023283,2.263276174501562
3023284,75.95546258960206
3023285,8.179563415971376
3023286,182.80694079587843
3023287,254.52024391484463
3023288,10.7782326022487
3023289,11.598535683222751
3023290,221.44430496672732
3023291,63.47628359748395
3023292,1955.2704499970143
3023293,0.02511235274090581
3023294,9.351933000795162
3023295,4.745836261960942
3023296,0.0038331949088978327
3023297,6.627811452711376
3023298,2446.1574631441963
3023299,0.008341999247098943
3023300,443.9598801229458
3023301,9.07657035891613
3023302,923.1761666300721
3023303,640.4281133707289
3023304,141.7710714021486
3023305,75.67999557617111
3023306,80.97241914874976
3023307,3710.747283297411
3023308,18.289158043566317
3023309,0.7925037079463161
3023310,30.508209895147466
3023311,49.44969947080137
3023312,0.0065366497530616125
3023313,304.8551314092741
3023314,17.473426357215505
3023315,10.380725420851828
3023316,6.723090258499388
3023317,62.97891203751536
3023318,9.151884606280866
3023319,173.7421316088761
3023320,377.14547692374595
3023321,5.6981999687119576
3023322,7.952563221397097
3023323,102.12120056312432
3023324,77.05433264784672
3023325,1639.2455842973447
3023326,1.4994601986607825
3023327,13.277132420080916
3023328,7.2758906259673175
3023329,0.19583887277745088
3023330,3.492656500725173
3023331,3149.7276349365984
3023332,0.008691034129532827
3023333,591.696909579039
3023334,3.759228069991624
3023335,2372.8931725985794
3023336,563.922311897979
3023337,188.61138521427867
3023338,690.5610500484448
3023339,59.670877077236256
3023340,5213.960761108144
3023341,25.70161648953361
3023342,1.401076476911436
3023343,18.902190512691952
3023344,16.460807912917122
3023345,0.09491371823544079
3023346,302.1308301539328
3023347,3.2959520504830566
3023348,9.49974890496882
3023349,6.681844780538086
3023350,27.61486003875187
3023351,2.6534058462531656
3023352,148.82597684029466
3023353,306.54138059489134
3023354,5.068696049961734
3023355,7.526125041217096
3023356,200.646241009974
3023357,49.586169244142596
3023358,1428.720998990819
3023359,15.440330740572156
3023360,11.034538590759048
3023361,3.2934115205937338
3023362,0.38260859938137926
3023363,4.589421012517834
3023364,2355.157238534425
3023365,0.00978013263411591
3023366,371.26267133205636
3023367,5.197265666466416
3023368,656.0383259086427
3023369,653.0490185990133
3023370,161.74585776228082
3023371,121.9694323375987
3023372,73.46566001364175
3023373,3010.780874472271
3023374,18.190412249433628
3023375,0.9942508902516936
3023376,11.323719666452796
3023377,9.560738967013497
3023378,0.08784759086757102
3023379,205.039471566033
3023380,13.698698114774897
3023381,13.105485982495983
3023382,1.6415318846360565
3023383,42.87497073815056
3023384,5.494945979041106
3023385,304.55766786567233
3023386,209.5328286102477
3023387,5.021752960742862
3023388,6.767801206492009
3023389,322.7349474560023
3023390,46.83618184212532
3023391,1805.7680780712512
3023392,0.06325636205349053
3023393,21.532815082721804
3023394,2.7709968032111125
3023395,0.10942525185073892
3023396,2.9074881425960633
3023397,4109.958540596595
3023398,0.006337415395925141
3023399,440.05972917460696
3023400,6.131374894709975
3023401,1685.8480901993614
3023402,612.1788932833254
3023403,248.8458634636263
3023404,228.67158737556272
3023405,60.46287328714821
3023406,5181.921480210891
3023407,7.9191747549831915
3023408,1.5361783221665661
3023409,22.709171102674325
3023410,19.967125793010432
3023411,0.18952983237145798
3023412,388.62632272878886
3023413,0.0
3023414,0.07248513116874908
3023415,7.715815027460315
3023416,23.806113389405716
3023417,1.470533475459904
3023418,123.03173812906918
3023419,323.3222103783612
3023420,2.635565431833587
3023421,8.758337589033161
3023422,165.82176838567335
3023423,50.413323272986176
3023424,1124.1420344409662
3023425,0.0
3023426,4.481453875220232
3023427,5.77348341099854
3023428,0.009002239693531396
3023429,6.826531449369133
3023430,2620.2973453414033
3023431,0.013145519252508295
3023432,432.8483011803552
3023433,7.359470584848568
3023434,853.5603018006715
3023435,623.5412176470641
3023436,194.87356865046357
3023437,122.25823926316492
3023438,106.26574858165212
3023439,3398.4976011867334
3023440,35.820366648426415
3023441,0.9640070927982184
3023442,19.450819937651854
3023443,27.714693286558433
3023444,0.01250238692143773
3023445,220.79982460967855
3023446,12.525691407932724
3023447,11.152124980131717
3023448,5.445049582855502
3023449,66.84961797299897
3023450,9.193055250268658
3023451,172.73264120603716
3023452,304.25152657600785
3023453,9.976302911707142
3023454,7.650003070483355
3023455,169.8462207807731
3023456,51.70708102469131
3023457,1910.1750499827958
3023458,0.3053886622649676
3023459,5.431589688172572
3023460,2.8198683904338777
3023461,0.010525391711152035
3023462,3.6605113165019247
3023463,2430.6195793380302
3023464,0.025476102050271583
3023465,464.00524792867435
3023466,6.917390688057991
3023467,694.2745220050367
3023468,747.5251467325728
3023469,172.10329696571944
3023470,122.67751657972026
3023471,95.30600571643677
3023472,2903.7099340777686
3023473,24.310856679978155
3023474,0.8540217774908709
3023475,17.498047053851376
3023476,17.6880081539272
3023477,0.014863104628453194
3023478,202.36093257760584
3023479,10.830882529883365
3023480,26.923421654598396
3023481,4.4694494788743615
3023482,48.75481784628657
3023483,7.8372224523832354
3023484,195.21010548461152
3023485,191.42541390679557
3023486,7.161355300693515
3023487,7.174270036545815
3023488,194.35747664598145
3023489,50.52449621087057
3023490,2000.4179826148575
3023491,0.18459499408069152
3023492,12.07431329214703
3023493,4.782937742950056
3023494,0.0711163318586832
3023495,2.0837736010597103
3023496,4188.661718779843
3023497,0.0
3023498,509.41758334351465
3023499,10.15167238621967
3023500,1133.992133964066
3023501,631.66931108143
3023502,312.54992240131685
3023503,279.76025368403936
3023504,44.92562162204129
3023505,4533.11809717891
3023506,6.417232080534016
3023507,0.10137511636444752
3023508,11.28833412060819
3023509,12.785989081463542
3023510,0.07453544038083909
3023511,235.56268190321254
3023512,0.0
3023513,4.325071307475472
3023514,1.1176364043114635
3023515,36.059210496869085
3023516,2.2167298530095896
3023517,162.31932330039686
3023518,261.10163477662985
3023519,2.5597273944588754
3023520,1.6883008853254444
3023521,156.77979064978408
3023522,104.82305199528899
3023523,1085.161739055813
3023524,1.2287020302135034
3023525,0.6543846098903312
3023526,13.085607097586237
3023527,0.015965572213914724
3023528,13.988745213734981
3023529,8854.01806715633
3023530,0.03139964657359813
3023531,1425.388120787945
3023532,20.744561999648788
3023533,2220.1861471595607
3023534,2119.5424577482618
3023535,503.42711430093226
3023536,527.9694908017636
3023537,344.01942123360834
3023538,8925.989406340752
3023539,80.79098295307821
3023540,3.207134176240558
3023541,78.72241425865872
3023542,97.56419382794166
3023543,0.3035800327624242
3023544,611.5665583646567
3023545,27.166322332926207
3023546,17.35906495513429
3023547,39.06683916285587
3023548,211.36803673860976
3023549,20.415688667408222
3023550,699.7399080057096
3023551,570.8910832729698
3023552,31.129480154435377
3023553,31.256255741789328
3023554,971.1025803708998
3023555,286.0024766221888
3023556,7084.447550158198
3023557,154.11222672246177
3023558,80.43129823258825
3023559,12.156939925961625
3023560,0.0009854064429635052
3023561,11.502658998278218
3023562,8617.253872328036
3023563,0.0305958941843774
3023564,1131.4865015931493
3023565,20.271130557309213
3023566,2416.7638731774696
3023567,1912.4463139363963
3023568,616.6385560331269
3023569,350.2100650396485
3023570,252.01500825134488
3023571,8893.007420855212
3023572,103.13692685067322
3023573,1.1588319402161416
3023574,45.357926349954695
3023575,72.15781504465293
3023576,0.5841588051114822
3023577,643.1001657414781
3023578,19.59561721168437
3023579,24.064652955266922
3023580,12.087241192439093
3023581,140.83993868031592
3023582,14.724639861646432
3023583,950.3601100812547
3023584,713.3283000884284
3023585,18.627198300984666
3023586,25.35562774433538
3023587,1075.6253432020274
3023588,218.16388042502888
3023589,5119.054925210782
3023590,349.67820832366857
3023591,76.72368792995178
3023592,9.51712768124218
3023593,0.0
3023594,15.675007377033612
3023595,5296.449173772848
3023596,0.07578681148837246
3023597,795.0664134325702
3023598,10.695963966922758
3023599,2086.7580009347757
3023600,1347.6008767077815
3023601,655.3579091576657
3023602,124.62419804945067
3023603,191.08627290588697
3023604,8511.361636488662
3023605,38.687503967824775
3023606,1.9374113274593177
3023607,28.178085068591646
3023608,24.87946129474496
3023609,0.3202187718654691
3023610,552.3443248334005
3023611,25.36722725661112
3023612,16.223831012791774
3023613,10.783129626692554
3023614,79.11852683760024
3023615,7.565540770019485
3023616,859.7789539562028
3023617,670.5897016078068
3023618,18.44023010083955
3023619,33.56859292453802
3023620,696.8670543062055
3023621,132.48096390896836
3023622,2021.386408299906
3023623,267.96049648179803
3023624,36.504559191528124
3023625,12.431179252792885
3023626,0.0033257626494672884
3023627,16.639166586311195
3023628,7919.001151900866
3023629,0.032353196892663756
3023630,1083.827625101061
3023631,15.435331076181315
3023632,2013.6078051203078
3023633,1787.67431992659
3023634,594.6687030923705
3023635,310.74316037617206
3023636,231.40523519982935
3023637,9016.00452399836
3023638,43.68226298529255
3023639,1.3279489832294142
3023640,44.263294044123995
3023641,64.3584508812018
3023642,0.6889104614352357
3023643,584.6290415214526
3023644,22.793762221791177
3023645,19.41033607081182
3023646,11.803905354577637
3023647,124.95901206134862
3023648,10.849882143882098
3023649,700.6662197044295
3023650,675.8322730460959
3023651,19.38936580277203
3023652,26.386960999447247
3023653,967.8053005016995
3023654,206.38313800543438
3023655,4708.141700094621
3023656,315.0789566906784
3023657,62.09125149757806
3023658,9.635739468374258
3023659,0.0
3023660,16.31324682964237
3023661,4438.925721608306
3023662,0.0
3023663,742.9139200444858
3023664,11.911468986157958
3023665,2128.2415900475603
3023666,1197.8401789992336
3023667,602.5685891569768
3023668,95.26655838787694
3023669,139.16116061441082
3023670,7942.802400547044
3023671,34.34092761977703
3023672,0.2215753932350655
3023673,25.168334275881985
3023674,39.050923777105176
3023675,0.11818609071512287
3023676,574.3517762968788
3023677,22.50842988601945
3023678,8.291004993579488
3023679,9.203878513181166
3023680,77.19404443690345
3023681,4.758499524210451
3023682,716.8803204744722
3023683,697.4079895092362
3023684,14.356004178342694
3023685,21.188529575252634
3023686,712.0327262000881
3023687,84.82990564416812
3023688,1860.4175043239068
3023689,230.78165468781717
3023690,20.19982430625177
3023691,9.44728569526459
3023692,0.01780009789987405
3023693,10.968857442627394
3023694,6336.222599507238
3023695,0.0332620415167707
3023696,1102.000345044576
3023697,21.948815159250735
3023698,1756.3759661580318
3023699,1898.313259604025
3023700,408.1162742936272
3023701,405.07077836787107
3023702,259.34487345624103
3023703,7829.3078520666495
3023704,63.19360161654511
3023705,1.4647610036699106
3023706,39.690481481092085
3023707,55.080398565192425
3023708,0.41010246440067427
3023709,477.2221322134557
3023710,15.089769917144576
3023711,21.517633608991204
3023712,10.962644051473918
3023713,173.6617987138896
3023714,15.579678299296763
3023715,719.8236985832539
3023716,521.1088816486989
3023717,15.474175018009399
3023718,28.26148150882064
3023719,883.8994457952911
3023720,214.84531566326186
3023721,6948.619968429669
3023722,237.43105278625185
3023723,71.89547353304874
3023724,4.92965661441817
3023725,0.29944330068121194
3023726,6.225463923134052
3023727,1883.9769724537368
3023728,0.03403407180672812
3023729,325.029619452489
3023730,19.693361537526837
3023731,878.4457238984741
3023732,505.1988118706916
3023733,213.8344837162558
3023734,75.4251135389793
3023735,75.93341747785624
3023736,2858.589993915045
3023737,37.811536143941275
3023738,0.9375462201399707
3023739,23.88903441575691
3023740,18.52087123200189
3023741,0.03272516029044486
3023742,230.2296723142556
3023743,10.249222889406976
3023744,5.974508198976746
3023745,10.242890908056323
3023746,43.32701811367438
3023747,6.338974244859284
3023748,223.41510719201304
3023749,219.2503624660876
3023750,2.876785790117415
3023751,6.002791884217373
3023752,197.63440474511816
3023753,53.864752373436815
3023754,1292.1068821152592
3023755,0.44341271101148094
3023756,8.646916532498325
3023757,8.868642692622489
3023758,0.0
3023759,11.045427075586035
3023760,3995.947527851573
3023761,0.009114423767070785
3023762,565.7496789299242
3023763,23.673006184299474
3023764,1552.7932230423844
3023765,972.3346952177408
3023766,411.1549706818346
3023767,100.15636361408714
3023768,119.07231396336346
3023769,6670.035386093868
3023770,57.125172283546036
3023771,0.9340071449424321
3023772,38.134133588543094
3023773,28.487966319698963
3023774,0.08306785099757605
3023775,373.0966130289413
3023776,16.410282416199287
3023777,5.961501141044597
3023778,2.9075128403660706
3023779,84.59352071701164
3023780,7.16493777811171
3023781,464.9061227094175
3023782,501.7024335347773
3023783,9.584905264480337
3023784,20.03593561827357
3023785,362.4510874642851
3023786,74.83394231469833
3023787,1807.4832332750702
3023788,366.61856172984074
3023789,13.698432456432208
3023790,5.688875881399015
3023791,0.01264579161633351
3023792,4.378876683971662
3023793,4325.020267548515
3023794,0.026319054205801887
3023795,807.6995096166793
3023796,8.25908494899253
3023797,1315.5958024707222
3023798,1392.0350470393173
3023799,235.6936314281747
3023800,286.7786382947697
3023801,207.5821391558487
3023802,4877.961157540776
3023803,32.472675136914674
3023804,1.3463487936915
3023805,26.520405274361423
3023806,33.64016146373728
3023807,0.25448886673451615
3023808,298.7000918293441
3023809,1.7989505512223636
3023810,33.49174921083606
3023811,4.084814277714326
3023812,103.2352058740937
3023813,8.700748198173262
3023814,517.1371687653831
3023815,301.37333953215165
3023816,17.832774062592698
3023817,10.435263213379828
3023818,668.1197972870681
3023819,110.31565409932213
3023820,4430.7045889523515
3023821,2.4799779025705804
3023822,40.438256962282956
3023823,8.96314217103919
3023824,0.0
3023825,7.905909521845167
3023826,3708.0534153993585
3023827,0.0
3023828,842.3311755887352
3023829,8.422879791070569
3023830,1338.1532385957876
3023831,1015.5813403748976
3023832,314.56909904347793
3023833,155.92782467552345
3023834,182.0930847954708
3023835,4506.726515483914
3023836,43.649672608987096
3023837,2.123037244560861
3023838,41.673363433134966
3023839,40.86961868126192
3023840,0.21239719804808632
3023841,292.35537450364063
3023842,6.389067698287426
3023843,29.82376457884915
3023844,7.284603408669117
3023845,164.65265154290245
3023846,7.5031022831391265
3023847,328.1924638856848
3023848,306.6173557037301
3023849,12.17905997398942
3023850,18.14504720983211
3023851,322.73867669964164
3023852,102.42608503495369
3023853,2668.5383356370294
3023854,4.071841621232921
3023855,10.551348491020278
3023856,8.356396337064044
3023857,0.3264448028532468
3023858,4.128875366960091
3023859,1811.0567386110338
3023860,0.33120582077059
3023861,316.94061667988336
3023862,7.863255792421819
3023863,715.9715955111558
3023864,386.37861736925333
3023865,173.40030995762962
3023866,60.0909963205404
3023867,68.13073960889375
3023868,2191.2915440874835
3023869,16.63152367420693
3023870,1.7212981023404157
3023871,25.183318093067562
3023872,22.571561749764054
3023873,0.45308407541415985
3023874,147.03891708040803
3023875,5.627317380327898
3023876,11.22813983937929
3023877,6.947988913252734
3023878,46.49869177444056
3023879,4.101163945387915
3023880,148.2473371999853
3023881,175.2213379111894
3023882,4.988204992507827
3023883,6.37953727464033
3023884,116.09017968344675
3023885,47.573595989406805
3023886,1127.0850246352486
3023887,0.5005837153846313
3023888,3.698655507634262
3023889,6.721923555487218
3023890,0.3235671422745498
3023891,1.4125843398965918
3023892,2420.9690988051707
3023893,0.3283178313839805
3023894,166.00094809653984
3023895,4.993827703409056
3023896,991.3469411296093
3023897,171.3110325751567
3023898,166.2171806166507
3023899,63.5131355012197
3023900,23.853636165206634
3023901,2565.4984206756926
3023902,10.56156355230307
3023903,1.2932108530032662
3023904,17.44503448303161
3023905,8.625106832906887
3023906,0.44750917812836133
3023907,181.44362481063658
3023908,0.30346500748223015
3023909,0.26855816108530417
3023910,4.578218693676611
3023911,17.34053637108815
3023912,1.4858517017314687
3023913,38.931058672273466
3023914,166.15741648226611
3023915,0.5016679966454367
3023916,2.364061033825652
3023917,48.18224656546796
3023918,58.451746504163154
3023919,407.86975151607965
3023920,0.26367919614579816
3023921,2.5558895648551108
3023922,5.141449118642387
3023923,0.003289003981296457
3023924,5.956932283561581
3023925,3172.56851150114
3023926,0.0067500869874142595
3023927,484.91425378327773
3023928,8.80227488826247
3023929,1050.0093101539005
3023930,831.6882199375104
3023931,291.3143990782554
3023932,146.2989799292997
3023933,112.62852632445588
3023934,4617.696338614754
3023935,27.993183610864353
3023936,0.6543527231499908
3023937,22.79304232142182
3023938,47.04270115356294
3023939,0.006769332456226952
3023940,312.43505526555185
3023941,17.87723246714822
3023942,11.743948269694808
3023943,12.923254263746317
3023944,56.44358177405759
3023945,5.495475244876107
3023946,365.9206764004093
3023947,287.46313185938783
3023948,7.516125552500622
3023949,10.868221922145418
3023950,468.9199140165973
3023951,76.48273109650337
3023952,2138.6134618418023
3023953,0.0
3023954,30.876608850937632
3023955,3.9434156727127374
3023956,0.039825737253296994
3023957,4.03519001701001
3023958,3656.002454807695
3023959,0.17395250665447357
3023960,587.9755688635827
3023961,14.027101667669106
3023962,1058.6632292065235
3023963,1148.9422657344755
3023964,184.07064028339218
3023965,274.39116784935135
3023966,191.88612543998823
3023967,3797.702561941645
3023968,31.75616473746674
3023969,2.172346356968917
3023970,23.826176216613337
3023971,26.750862734477817
3023972,0.510968901298651
3023973,253.12929517873593
3023974,11.124649045318558
3023975,28.75626746854236
3023976,7.6761130579571
3023977,114.58637853950522
3023978,10.796195586817463
3023979,417.7701856441416
3023980,262.10053368245894
3023981,6.271978801244792
3023982,13.832472839596983
3023983,563.259242498463
3023984,136.58118290805857
3023985,4436.5967362338315
3023986,0.28098594444001274
3023987,36.85290567000545
3023988,3.1643059120097328
3023989,0.438789198550272
3023990,10.418617925322684
3023991,4204.2362014089
3023992,0.030294715948116578
3023993,767.2098766622788
3023994,14.864321767394799
3023995,1102.2177615346093
3023996,1230.940086399328
3023997,273.3273064863829
3023998,291.7059066061197
3023999,139.28875651468036
3024000,4398.6230523417635
3024001,33.84255413824507
3024002,2.5941964958559556
3024003,28.917617567917404
3024004,46.023765653676584
3024005,0.030325907436895984
3024006,343.23959331188996
3024007,24.80576853865823
3024008,23.79861251954393
3024009,19.407900986473802
3024010,105.02361853791574
3024011,14.987684991682665
3024012,385.2054114870259
3024013,298.99108775299476
3024014,16.039385614498638
3024015,17.97131558462126
3024016,518.5087555034135
3024017,144.74470486066474
3024018,3838.1588344502716
3024019,0.7866896601696235
3024020,34.794439397420184
3024021,9.806567153689011
3024022,0.3006266047092677
3024023,6.725792383480933
3024024,3405.6871237114956
3024025,0.0004360562251052596
3024026,481.51826643554915
3024027,9.950781229552726
3024028,1881.8347449563037
3024029,740.0607858792437
3024030,503.5308235664984
3024031,270.03514684502335
3024032,72.59856442307459
3024033,6704.281663737459
3024034,8.49387646652076
3024035,1.0443860128899292
3024036,37.512695576869255
3024037,30.85231630429693
3024038,0.0
3024039,364.2049779562741
3024040,7.448882522582501
3024041,3.522419457931413
3024042,6.954850253221035
3024043,34.00896299213439
3024044,2.4451291293877633
3024045,316.8181910881032
3024046,398.1128586338648
3024047,5.529970119481514
3024048,6.222539781187658
3024049,379.11075220223523
3024050,82.52070112964813
3024051,1321.7815064788376
3024052,78.13234157911502
3024053,12.157852079935262
3024054,3.7442659585241613
3024055,0.05582809673422888
3024056,3.577302037973129
3024057,2142.5004193624827
3024058,0.16315164085535416
3024059,326.55729241493145
3024060,8.42890192780188
3024061,630.9112937505773
3024062,592.3145031183994
3024063,119.5559307809214
3024064,124.19856241431283
3024065,109.25301942277311
3024066,2489.09826457247
3024067,15.218602996673077
3024068,1.071976700645946
3024069,17.902919244433686
3024070,23.38726797970839
3024071,0.18719827489144428
3024072,177.23950743461978
3024073,10.527798386050096
3024074,13.369964851480539
3024075,5.925861151648144
3024076,67.68696376820327
3024077,4.970344648540505
3024078,271.03456073469425
3024079,148.75314608581965
3024080,3.545524370583572
3024081,7.55856399669654
3024082,263.65508616575164
3024083,64.81418348439563
3024084,2095.445184090625
3024085,0.04200573305718239
3024086,22.102343769788078
3024087,1.0679684546973292
3024088,0.0
3024089,1.3329301880249145
3024090,1372.078793993497
3024091,0.0
3024092,91.75175505459327
3024093,2.480592899774357
3024094,801.1112817302769
3024095,288.9550708060849
3024096,203.37828593080016
3024097,42.14782947418183
3024098,25.777388728796222
3024099,2711.38690815477
3024100,2.853140413916638
3024101,0.3004382011101783
3024102,6.750028460486944
3024103,5.376759779671484
3024104,0.051574821391361166
3024105,157.85026255914093
3024106,2.2713895894867324
3024107,0.0
3024108,1.1564048692270725
3024109,7.419683503802902
3024110,0.2680151837594191
3024111,153.692129595472
3024112,170.8668597617904
3024113,0.45521447617889943
3024114,2.8658977731022333
3024115,130.64705914783298
3024116,22.23533226103301
3024117,321.84881312832346
3024118,6.040102687034962
3024119,1.0571109727523056
3024120,5.543490837212373
3024121,0.1561136062161205
3024122,4.387018609671686
3024123,4368.765142151879
3024124,0.0036879008306653018
3024125,623.2940427012327
3024126,9.720400524256252
3024127,2173.823668321191
3024128,645.0609208470332
3024129,508.1374070052004
3024130,240.67378082078847
3024131,75.9498205213122
3024132,7952.806351083593
3024133,19.432741888325708
3024134,0.5314576570860988
3024135,21.238147445097866
3024136,15.262259729242423
3024137,0.11410215416173297
3024138,517.1549230783469
3024139,5.1513721826623
3024140,1.2957899278222025
3024141,6.980281754487508
3024142,26.185013304339716
3024143,1.5509940600810523
3024144,600.3101699306006
3024145,459.44450308496
3024146,2.0235847285523954
3024147,11.919836905577188
3024148,398.75999767339937
3024149,81.42477454655429
3024150,2020.1683656785617
3024151,27.084585744793966
3024152,7.607277066037612
3024153,5.0710747420178075
3024154,0.003381790385254082
3024155,0.7649449389749219
3024156,1521.2775319160073
3024157,0.009998581429911039
3024158,162.84344688638572
3024159,9.29270713051682
3024160,1307.6111278004564
3024161,359.76230177155435
3024162,208.66605773719482
3024163,49.378186051234614
3024164,32.69338763896768
3024165,2939.724371339933
3024166,5.255431674979729
3024167,0.34898990511128514
3024168,10.409805791925102
3024169,15.935933636455305
3024170,0.16489271547931955
3024171,176.58942042838035
3024172,4.214462895109637
3024173,0.0
3024174,8.085858944574126
3024175,21.431023659781392
3024176,1.1252746532839542
3024177,149.76096874211626
3024178,203.75546677072148
3024179,1.0883114394781792
3024180,5.451061560888808
3024181,139.2737282669909
3024182,30.18771830346392
3024183,439.10332759749514
3024184,10.739215822538767
3024185,2.53221286229992
3024186,3.6942774193495262
3024187,0.0
3024188,2.3747346213716547
3024189,1409.196114111993
3024190,0.0
3024191,109.03577521042986
3024192,5.197124224434666
3024193,983.5632365827043
3024194,251.74202189050533
3024195,156.6873392474762
3024196,38.957946637843506
3024197,25.51226478921815
3024198,2649.1319486121324
3024199,7.751621234848711
3024200,0.09287330481293389
3024201,11.456914602798816
3024202,6.957421942494467
3024203,0.0
3024204,141.54621733213287
3024205,1.0097205542412058
3024206,0.0
3024207,1.7145382070257054
3024208,17.99765774892752
3024209,0.649760819701455
3024210,148.83898572156315
3024211,195.56725763240294
3024212,0.37737051118999937
3024213,3.82704587849774
3024214,85.1998697093029
3024215,18.730606008848035
3024216,249.92575369700347
3024217,7.362718792983711
3024218,0.8464917300941001
3024219,2.7262140707010767
3024220,0.0
3024221,2.8104355359136144
3024222,1464.869539605045
3024223,0.0
3024224,171.03114508945887
3024225,6.385184993819866
3024226,1571.5106925067992
3024227,316.49917200859244
3024228,225.64419703634522
3024229,27.887747624196557
3024230,31.000640392767835
3024231,2776.6702754738667
3024232,2.7324377589503057
3024233,0.23055986527409805
3024234,6.836708057642215
3024235,14.821717829388046
3024236,0.10444165497177649
3024237,204.39066556032344
3024238,0.45773164409463934
3024239,0.0
3024240,2.3167244016301267
3024241,9.894367904687071
3024242,1.4699825212046203
3024243,208.40272777499266
3024244,266.49222789493206
3024245,0.7375033662963544
3024246,4.063647434092641
3024247,72.61311994215619
3024248,74.59910959956166
3024249,469.7934549282881
3024250,0.9790148203363477
3024251,3.09035636518549
3024252,3.2192472782661556
3024253,0.4978819218663891
3024254,2.343242659283782
3024255,1738.0121392220526
3024256,0.01395533747451096
3024257,153.70864240189277
3024258,2.6310141913588287
3024259,1033.5940124233193
3024260,335.04389981444814
3024261,240.39464338290847
3024262,87.28617880748584
3024263,56.45494201276394
3024264,2872.593725667799
3024265,4.223805571712665
3024266,0.8721867666728625
3024267,11.639957258734025
3024268,17.247502817169924
3024269,0.12314378999877464
3024270,229.34523900492513
3024271,5.854611385240211
3024272,0.0012335422740233342
3024273,2.50552158196657
3024274,13.333460008622215
3024275,1.3393540752014859
3024276,117.62912462078003
3024277,206.94565949078623
3024278,0.610556801788114
3024279,4.2206573246229295
3024280,112.239502321358
3024281,38.84368973728151
3024282,814.7609531950013
3024283,5.735796477119154
3024284,3.663221280398061
3024285,3.091274859453804
3024286,0.15730347507724785
3024287,0.7847035084035023
3024288,1545.4917666273705
3024289,0.0
3024290,146.95170346572152
3024291,3.2366196895810613
3024292,842.9564890770495
3024293,232.60136722798387
3024294,166.66980970063597
3024295,137.07305676926603
3024296,23.851288233084503
3024297,2197.008283960594
3024298,2.904951084810155
3024299,0.1888269741295404
3024300,8.331770295651216
3024301,9.597870871814846
3024302,0.1811071025335672
3024303,169.36910641508484
3024304,0.0
3024305,0.0
3024306,1.6524964000374647
3024307,18.214384258866705
3024308,1.009280297154703
3024309,45.25302663285346
3024310,137.15765221450184
3024311,0.7675639603207379
3024312,2.5337425749637963
3024313,61.20129431648598
3024314,32.44687941459608
3024315,847.5111636651918
3024316,0.0
3024317,0.7103679666084567
3024318,5.920543564111441
3024319,0.398223834627521
3024320,2.579896645345523
3024321,2793.456516865249
3024322,0.0
3024323,314.2221199660283
3024324,4.870025643156579
3024325,1366.1249619207238
3024326,683.4708091164904
3024327,464.0247234165802
3024328,211.07669375284812
3024329,86.99769152663919
3024330,4578.893519181469
3024331,10.417542600274215
3024332,1.0398496105753827
3024333,20.080897787829755
3024334,23.008886881801754
3024335,0.10808928986422857
3024336,296.5562775107481
3024337,0.18724931409833998
3024338,0.0
3024339,8.41961417850751
3024340,21.037714897330478
3024341,2.5643162706595093
3024342,244.2190307392011
3024343,297.80421735151333
3024344,1.7758826048588687
3024345,6.81979342437492
3024346,359.0321148473895
3024347,51.37326249857826
3024348,1970.3948252598734
3024349,19.929337576957
3024350,9.536967891108826
3024351,2.0196238912326803
3024352,0.12248032936243983
3024353,3.4164637947322265
3024354,1859.2647058225955
3024355,0.0
3024356,291.0955297908237
3024357,3.786611813736479
3024358,524.7716932425113
3024359,429.1809627048219
3024360,170.7074378602948
3024361,92.3494144869279
3024362,13.905477056673428
3024363,2446.973176455546
3024364,5.2736398848781985
3024365,0.5883495198722166
3024366,6.072869807901579
3024367,10.842828055751998
3024368,0.06197380205358722
3024369,151.61469945206164
3024370,3.8103175746924567
3024371,3.815075606005029
3024372,4.774318239095064
3024373,22.799168556630384
3024374,1.1936349644665267
3024375,30.757487920717917
3024376,131.77637481954
3024377,2.062953972109219
3024378,3.5384504891103914
3024379,108.59071799620715
3024380,17.48310851868096
3024381,1959.8096440071663
3024382,31.004787374288025
3024383,5.006993232065392
3024384,4.685853336428706
3024385,0.3350846633134326
3024386,3.089087810753384
3024387,2386.637363040774
3024388,0.0
3024389,178.37124893673652
3024390,4.717216683939483
3024391,883.7529700860375
3024392,301.19233473878484
3024393,283.1579329854997
3024394,51.60893555037448
3024395,33.76813723012701
3024396,3154.397147130087
3024397,10.97944695654731
3024398,0.956477610645922
3024399,11.209806674568084
3024400,13.807461955030401
3024401,0.10420203900102966
3024402,167.66572278266338
3024403,5.242722661353751
3024404,0.0
3024405,2.6596373157529394
3024406,17.35753306403589
3024407,1.6241096437608973
3024408,136.42379577592553
3024409,161.92550134094
3024410,1.0835170563887706
3024411,3.925693976071285
3024412,100.3739999938786
3024413,24.29109732032445
3024414,579.5439373796398
3024415,9.557261078465435
3024416,3.1452847819818195
3024417,5.104009340438316
3024418,0.0031799306168796685
3024419,5.107492857468324
3024420,2766.113605392207
3024421,0.018439276217073593
3024422,569.6906878981404
3024423,9.327745962614175
3024424,823.4226173555257
3024425,741.1217305597182
3024426,195.35532203683937
3024427,144.5958219488768
3024428,79.33967251470841
3024429,3645.2971682296106
3024430,29.425143426481018
3024431,1.1498397770861386
3024432,14.590901850361178
3024433,25.366561993021055
3024434,0.1030570478351869
3024435,231.19599341971752
3024436,16.843058363088247
3024437,11.356596263890609
3024438,3.603635320744376
3024439,52.81263024521096
3024440,7.226904612863691
3024441,410.25696892562047
3024442,253.84099720696324
3024443,6.717183634490454
3024444,6.659643313538503
3024445,383.57357232110104
3024446,90.57182855830295
3024447,2078.9501155585276
3024448,0.0
3024449,29.35406562632301
3024450,5.125717701146422
3024451,0.05274307365696584
3024452,3.34866420134112
3024453,3734.053466323508
3024454,0.0
3024455,451.3506468094896
3024456,4.936299670190392
3024457,2262.091251338917
3024458,701.4352103043992
3024459,589.3350954286186
3024460,84.75504713326342
3024461,61.03232895734892
3024462,5608.133566390792
3024463,8.750628355374388
3024464,0.35216107495334675
3024465,16.226823537800904
3024466,13.596460147380553
3024467,0.0
3024468,306.85420681557366
3024469,1.4607852228838283
3024470,6.3676442692896025
3024471,3.7433697980445158
3024472,29.078523495379606
3024473,0.9187073693864946
3024474,281.9509332735916
3024475,343.3629449194843
3024476,2.783405784288759
3024477,4.45864690052783
3024478,287.4655416306986
3024479,58.32379210058553
3024480,1482.1403558350464
3024481,63.055168591696656
3024482,9.766713219857197
3024483,8.367698208948891
3024484,0.25325260596151067
3024485,2.8933143892793645
3024486,3141.782651244073
3024487,0.0
3024488,418.8469031284929
3024489,4.038045763331329
3024490,1751.4363066081166
3024491,565.7490962906509
3024492,328.4939912151377
3024493,243.80358338615594
3024494,61.690900414763476
3024495,4417.577045964902
3024496,12.188763825779288
3024497,0.30701069687543114
3024498,28.86571567474798
3024499,25.314164566042066
3024500,0.11166486508831477
3024501,329.02317449592925
3024502,2.657794988412216
3024503,3.772779997699051
3024504,7.727792831639425
3024505,46.08274519398652
3024506,1.3025470571974764
3024507,108.07055337669867
3024508,310.7974335963863
3024509,1.7913122371909476
3024510,4.11745895645341
3024511,155.9444137539805
3024512,130.0916034731659
3024513,1966.740462453457
3024514,0.27246847084748865
3024515,4.480075686287937
3024516,3.6233179108659814
3024517,0.18608185358638266
3024518,2.5628865332563224
3024519,1712.172068716091
3024520,0.0
3024521,120.13446874167772
3024522,5.2813410790903585
3024523,782.1168814466416
3024524,294.7146230355466
3024525,144.79578310493758
3024526,44.53642548903296
3024527,42.77599233468402
3024528,2555.1926496948804
3024529,4.944913793959222
3024530,0.7050228010023175
3024531,21.319483715119173
3024532,16.578296178959242
3024533,0.0
3024534,174.86107325841652
3024535,0.13726715404889545
3024536,0.0
3024537,2.991938830561147
3024538,44.409621129523735
3024539,1.8901078896402548
3024540,87.51081601753302
3024541,164.52092299604467
3024542,0.9490005780173916
3024543,4.807576768273011
3024544,130.7613734409854
3024545,26.11144468890598
3024546,594.2529776321243
3024547,11.794083273815232
3024548,1.1161266482614483
3024549,1.4427161505805335
3024550,0.002603173438277039
3024551,2.758259343552363
3024552,1505.8106705424773
3024553,0.12695148684227373
3024554,263.59297243046143
3024555,7.2563619966214485
3024556,480.8400177541065
3024557,448.6538797686144
3024558,116.79166497724516
3024559,41.05607838460254
3024560,56.352120650760014
3024561,2117.0850767578645
3024562,19.31157497110686
3024563,0.38686472521153625
3024564,8.288627657094953
3024565,15.354427312110689
3024566,0.19115338861441827
3024567,119.92033595884558
3024568,9.680276730863621
3024569,1.3192243931187186
3024570,4.714762037801561
3024571,36.7659000515756
3024572,3.6077284630580335
3024573,498.2071550787428
3024574,140.04783353726566
3024575,2.7857890144828357
3024576,3.9784065069430343
3024577,307.3723970653998
3024578,28.32661909198798
3024579,1097.2310225931624
3024580,0.0
3024581,7.206435098489841
3024582,1.9926585254766587
3024583,0.1569990401642606
3024584,3.8254363049354017
3024585,3435.4242138598524
3024586,0.040724125833113425
3024587,682.4592736454675
3024588,13.93148003394984
3024589,999.7851228886219
3024590,1149.8199800032805
3024591,268.3070013421214
3024592,195.65733970880154
3024593,149.9324463561939
3024594,3896.0360524231673
3024595,28.46685048385579
3024596,0.608347669911079
3024597,16.575420448013077
3024598,31.47804226444523
3024599,0.029794235328304632
3024600,240.5289545771297
3024601,11.008583464898717
3024602,25.191850599861855
3024603,8.325195258304282
3024604,65.62661868811266
3024605,9.954899064719259
3024606,355.9921577212531
3024607,285.69070522104266
3024608,13.810055138653418
3024609,7.946030597953282
3024610,473.9486872104942
3024611,100.57143175623469
3024612,2899.8075203240182
3024613,0.01795704840754613
3024614,20.369381997802403
3024615,1.9226138844388376
3024616,0.06098893734078921
3024617,1.7998519537335056
3024618,1613.900701259974
3024619,0.0
3024620,267.8284458951344
3024621,3.447710556063713
3024622,310.90677899144913
3024623,438.7835356703183
3024624,120.907346847779
3024625,31.44455948331878
3024626,50.547765255283004
3024627,1703.1894177878894
3024628,7.968204402330308
3024629,0.7389350575988689
3024630,6.487315455574756
3024631,10.441975099790582
3024632,0.0
3024633,41.03095390775276
3024634,0.0
3024635,7.41567808368776
3024636,2.4885686788459207
3024637,107.48336227089186
3024638,4.766398712777679
3024639,36.922552273266696
3024640,83.60626630008622
3024641,2.7705134506626368
3024642,3.5115082671962417
3024643,38.874209663153714
3024644,11.87509369195467
3024645,80.02243437950048
3024646,0.47795270820996366
3024647,3.9178300248960216
3024648,2.8437971188925295
3024649,0.0
3024650,0.2679929413899736
3024651,1136.159483899558
3024652,0.0
3024653,221.6977940615338
3024654,3.6074366017198916
3024655,363.59110793772385
3024656,245.3365465391427
3024657,75.04512300920422
3024658,26.862108452825726
3024659,24.577210848376723
3024660,1694.8682735223401
3024661,7.634874269966309
3024662,0.31956610792413914
3024663,9.498742432402057
3024664,6.026731469112363
3024665,0.1440054522858223
3024666,77.31984724459252
3024667,0.0639985358747975
3024668,3.6725436056496794
3024669,0.5043111397004303
3024670,10.3093680027696
3024671,0.12034306734584055
3024672,227.47124035430636
3024673,129.15193813395726
3024674,1.420402669013999
3024675,1.1098152628721984
3024676,141.6669931059269
3024677,17.71737536937881
3024678,454.46227243406804
3024679,0.33092321887370585
3024680,1.648911405315915
3024681,5.153009888680193
3024682,0.17757971947394
3024683,3.2283315087196556
3024684,2826.654483138581
3024685,0.11904658283173292
3024686,601.7690466479979
3024687,11.71859242780548
3024688,827.015278136813
3024689,876.1319592184717
3024690,268.7183895797708
3024691,207.59705148615652
3024692,93.58492646427973
3024693,3883.8499649994797
3024694,22.665266914220457
3024695,1.7820865146149074
3024696,14.26463109272565
3024697,23.352678556890453
3024698,0.20841127454684719
3024699,222.44924178063934
3024700,4.566436709052113
3024701,24.088082032764813
3024702,6.5674155365413
3024703,91.02177713006968
3024704,2.7066161111029636
3024705,271.01415922344916
3024706,259.70555086171294
3024707,8.154252199817087
3024708,7.63935853464905
3024709,368.04196766172697
3024710,68.15981679863032
3024711,2074.605174998166
3024712,0.8458077122894387
3024713,13.133722436035155
3024714,5.020633803976103
3024715,0.0
3024716,3.2691827319972915
3024717,3600.8924072301734
3024718,0.0
3024719,619.9973175492796
3024720,9.127601589195367
3024721,1379.075562196768
3024722,870.9533017606545
3024723,354.0765883593474
3024724,263.86651166782974
3024725,63.580561737518806
3024726,5786.519442153809
3024727,11.402535381351422
3024728,0.546953126140009
3024729,22.480189543953784
3024730,15.903758040310906
3024731,0.5615614988380624
3024732,288.61882943865055
3024733,0.0
3024734,4.138887270815631
3024735,3.9760451995958714
3024736,26.349322434442296
3024737,0.8812412370759997
3024738,202.3323521475436
3024739,361.65018153411006
3024740,3.4522740198492516
3024741,3.6160883908981862
3024742,236.17426784841734
3024743,79.32680461504866
3024744,2521.847476265616
3024745,1.3988844265140772
3024746,3.6307157089680433
3024747,4.605059835026952
3024748,0.3515362850997676
3024749,2.3435857343875046
3024750,3321.8166526067107
3024751,0.0
3024752,650.9057903601137
3024753,8.613427326137067
3024754,1057.3545380328362
3024755,702.1712443456523
3024756,290.3503044598165
3024757,208.10800358640233
3024758,58.53957593932118
3024759,4404.455474510502
3024760,12.583297150714632
3024761,0.9745260949571437
3024762,20.10624553212824
3024763,16.760883183399404
3024764,0.0
3024765,244.80041781998875
3024766,0.0
3024767,7.242047608179067
3024768,3.8106553586665113
3024769,46.53743646611333
3024770,1.065924449679179
3024771,121.88268799127523
3024772,296.03519116628553
3024773,3.5634453462731472
3024774,3.833938238124884
3024775,192.8296008666896
3024776,57.811476980138515
3024777,1981.136351616298
3024778,1.108313279669186
3024779,5.102161739999866
3024780,9.26920727306362
3024781,0.6563697999623267
3024782,13.536004100014486
3024783,7470.790579187729
3024784,0.0493523473636354
3024785,1093.0023768514034
3024786,27.965786432361522
3024787,1741.2814508490387
3024788,1860.7401633163424
3024789,329.68789772249835
3024790,401.2207118649001
3024791,285.1443003718973
3024792,7574.1311724158795
3024793,70.41306168161684
3024794,2.2425062406386367
3024795,40.66437241418671
3024796,50.959755024587295
3024797,0.1795321487707122
3024798,476.045700835178
3024799,30.360144665851163
3024800,40.9758441438364
3024801,21.710904267805887
3024802,154.21944405935946
3024803,22.075351339352313
3024804,634.9900450177064
3024805,507.617640748039
3024806,16.804107869718855
3024807,21.47507483051709
3024808,948.2842851255517
3024809,237.56758530704215
3024810,6316.960706212473
3024811,0.7565652592777942
3024812,78.09855878928185
3024813,2.342194996905602
3024814,0.3222851079675021
3024815,0.3583854786364595
3024816,1779.4359076932467
3024817,0.008613074565052982
3024818,155.20894149802726
3024819,3.3443082108139506
3024820,937.9257591657256
3024821,260.5317167408935
3024822,109.00390588014108
3024823,102.85496873586878
3024824,39.62742764212928
3024825,2327.0328250627235
3024826,4.101956776751422
3024827,0.192767853893838
3024828,11.159297490421736
3024829,6.358879506240639
3024830,0.13715332510888573
3024831,179.89670356315347
3024832,0.4189099716775763
3024833,0.0
3024834,2.18306367103953
3024835,17.8988162660249
3024836,0.598262776374258
3024837,54.10789753628725
3024838,94.76694521018523
3024839,1.4628210109802324
3024840,3.374793373308083
3024841,96.71852652448631
3024842,19.440738118988154
3024843,927.8255338859179
3024844,0.0971554056474012
3024845,3.0247014844595643
3024846,6.402519756956763
3024847,0.19414961512595508
3024848,1.4662753760423408
3024849,3470.8991591573376
3024850,0.0010521977934767977
3024851,559.75252789207
3024852,6.8416294788839425
3024853,1474.734105391342
3024854,652.5837550756844
3024855,247.58386968762684
3024856,312.8076547355632
3024857,75.6149795807288
3024858,4900.94645307133
3024859,9.707991800572493
3024860,0.23755126102450352
3024861,17.71127032290407
3024862,17.35504522897286
3024863,0.0
3024864,304.630485219907
3024865,0.6192374558746101
3024866,3.4374779210454114
3024867,8.8419116592213
3024868,14.049482975903517
3024869,1.077320802960541
3024870,334.6164037942851
3024871,305.4181717749896
3024872,2.8905939237495657
3024873,5.699158135893641
3024874,131.2927823132995
3024875,58.435890866327476
3024876,2100.5734605558678
3024877,1.153951644852492
3024878,4.242434466499137
3024879,1.0469765573034193
3024880,0.0
3024881,0.6300937693444238
3024882,1087.0851445266976
3024883,0.0
3024884,108.91609921758476
3024885,2.9178070860747742
3024886,811.4574335563211
3024887,141.83830961798057
3024888,63.01573285897678
3024889,190.7706508527817
3024890,14.128507620610355
3024891,1959.3730459521064
3024892,0.8239113699957047
3024893,0.1918016153090198
3024894,6.137990760072897
3024895,2.841007979242005
3024896,0.09496625876771538
3024897,86.98922862380422
3024898,0.0
3024899,0.0
3024900,0.26277583432735285
3024901,9.251689872454477
3024902,0.2630079014168395
3024903,61.60563970648129
3024904,90.67052486849052
3024905,0.4362751211266298
3024906,0.9120423725948683
3024907,49.23854304134465
3024908,9.16733711318797
3024909,308.2318570652391
3024910,0.0
3024911,1.0647523768926161
3024912,5.869522324330376
3024913,0.0
3024914,1.3750659109348584
3024915,2255.6627198118076
3024916,0.0
3024917,235.23243865367434
3024918,6.360994303040301
3024919,1142.0105867189177
3024920,372.15239236436605
3024921,172.89464656125404
3024922,133.5219960693114
3024923,49.91433259460928
3024924,3356.0345877633385
3024925,2.3092569423836475
3024926,0.4092511888317639
3024927,23.282283012802722
3024928,11.74712876560601
3024929,0.13036553453077343
3024930,227.65371545357985
3024931,0.0
3024932,0.0
3024933,9.66928410746797
3024934,19.738675286093837
3024935,1.0251064165987063
3024936,234.36271463999304
3024937,236.86705217904256
3024938,1.385644330737711
3024939,3.0514614559078024
3024940,216.64679563125762
3024941,26.404596964089713
3024942,1910.9540175597392
3024943,0.0
3024944,0.5107342223610714
3024945,2.569271802221733
3024946,0.2862576007313316
3024947,1.4474928910639133
3024948,2338.958683179621
3024949,0.019021966271496167
3024950,643.2472954654381
3024951,6.84507543584281
3024952,937.0403359639997
3024953,568.8492003015117
3024954,227.65199380498302
3024955,113.58029947236501
3024956,60.849042243993416
3024957,3924.37815667225
3024958,5.354505849703077
3024959,2.3809070937017847
3024960,27.379961729821236
3024961,35.203109696994005
3024962,0.11014454779887346
3024963,206.2968268067207
3024964,1.7055309995194787
3024965,4.779573583887216
3024966,3.039316882742409
3024967,18.258557042140453
3024968,1.6379598437175336
3024969,166.0253763874018
3024970,293.57740474379614
3024971,2.517908765010119
3024972,5.3620449441842775
3024973,135.3812615393934
3024974,27.918232219791026
3024975,986.7159919113996
3024976,2.9197310333218733
3024977,2.0043534013936637
3024978,2.7627141109201876
3024979,0.0
3024980,0.31227139408275917
3024981,1337.7691643033486
3024982,0.0
3024983,114.9517815736521
3024984,1.5180818602251225
3024985,415.0395340086782
3024986,152.54775007613824
3024987,85.0766646395522
3024988,111.62172870466291
3024989,36.11668165443325
3024990,2076.3207044035958
3024991,4.279257826631916
3024992,0.34122315416018484
3024993,6.653141421055493
3024994,6.125453262205495
3024995,0.08151123797271077
3024996,90.35836386030807
3024997,0.0
3024998,0.0
3024999,0.16057837020186613
3025000,14.232126651918362
3025001,0.4648101732519087
3025002,163.96066422232752
3025003,84.53611169052955
3025004,0.670158743511626
3025005,1.917790358315867
3025006,41.31365858715177
3025007,14.952372503456541
3025008,519.5467722743649
3025009,0.013805690145953198
3025010,0.6692121834537382
3025011,3.49118238028543
3025012,0.0
3025013,0.6997294981429967
3025014,3620.6386435837026
3025015,0.0
3025016,514.6571147171295
3025017,6.502114384423505
3025018,1004.4815236515655
3025019,618.3034001590923
3025020,222.40124604286345
3025021,140.95067196291532
3025022,73.50466883212928
3025023,4470.422037954296
3025024,6.2114078002250155
3025025,0.2385850477072744
3025026,19.134657074951722
3025027,8.790935989141328
3025028,0.11936824227220082
3025029,228.73059185115562
3025030,0.0
3025031,19.809519241641944
3025032,2.4270369704639085
3025033,33.20045048330567
3025034,0.8936435531956943
3025035,236.3779227252588
3025036,255.23673901396717
3025037,2.410745354239758
3025038,3.3133816298295153
3025039,126.84533517758845
3025040,41.105375792513954
3025041,2114.083736386532
3025042,0.6358621007823089
3025043,0.9187056297840921
3025044,3.368810160953291
3025045,0.027754493648347138
3025046,6.399805647317651
3025047,2676.302636955207
3025048,0.039047170459848055
3025049,499.7400322914748
3025050,5.57948214781171
3025051,921.1025958548166
3025052,807.8115521436741
3025053,170.86393493052395
3025054,111.57277408950765
3025055,110.08859102274283
3025056,3688.4305315016563
3025057,42.1680635959421
3025058,1.0334592767856263
3025059,21.553614908208885
3025060,22.87894939767864
3025061,0.2844279862717158
3025062,253.38186150816583
3025063,18.18855276536161
3025064,15.880910279169381
3025065,1.3051714144785347
3025066,84.4144239891161
3025067,8.171306395780913
3025068,231.18402646340678
3025069,287.72795104222797
3025070,10.734003361631244
3025071,11.291390088184736
3025072,236.14974990093353
3025073,63.226135198657374
3025074,2062.899377282976
3025075,0.02295163745253091
3025076,8.734543536427493
3025077,4.60462459772561
3025078,0.0006026165387177883
3025079,5.5692349783498045
3025080,3464.134793985074
3025081,0.0069338193496372505
3025082,400.9510973272813
3025083,8.540325409502119
3025084,945.430464682947
3025085,706.453731453555
3025086,139.7525808319075
3025087,76.06056987857312
3025088,81.35301157326589
3025089,3661.0640096603506
3025090,19.96748369273652
3025091,0.8529916614563074
3025092,32.30997004857214
3025093,44.894522413080466
3025094,0.003212325520256329
3025095,313.75637564177265
3025096,16.291697648341472
3025097,10.986156081771478
3025098,6.65662960276127
3025099,62.872630190707646
3025100,9.025659387006792
3025101,136.76698685257347
3025102,364.04616377378625
3025103,5.665209597153363
3025104,8.081168451030436
3025105,122.34615007855268
3025106,79.10452465304087
3025107,1690.2815088592267
3025108,1.6503888779569338
3025109,11.377322827503543
3025110,6.8963035194657305
3025111,0.12205218961278466
3025112,3.474908093618558
3025113,3346.474460415975
3025114,0.0072823667943711055
3025115,583.6281201661265
3025116,3.9533816294754307
3025117,2210.595044397841
3025118,590.7671912563941
3025119,186.82737423884154
3025120,381.72527791297193
3025121,59.663115247229214
3025122,4890.027306703783
3025123,25.750132951403256
3025124,1.3977233014713775
3025125,20.96591980138724
3025126,13.683726117619727
3025127,0.0907384022149991
3025128,313.90132157419487
3025129,3.457207359206698
3025130,11.899056613398914
3025131,5.5680197637009785
3025132,34.657090765898666
3025133,2.658120486936746
3025134,149.6388180007479
3025135,322.38007611126767
3025136,5.614702714545638
3025137,7.325650725542339
3025138,205.6841210671572
3025139,49.33072722704583
3025140,2317.4188007394946
3025141,5.467033506700835
3025142,10.964670404809208
3025143,3.231769699998261
3025144,0.33599305661725054
3025145,4.567339796292106
3025146,2453.4374521948926
3025147,0.008369944340170705
3025148,357.03356853640844
3025149,5.265199556928426
3025150,751.3531538833231
3025151,649.5822848057146
3025152,175.3813795902805
3025153,123.42920748124997
3025154,71.72156180038719
3025155,3180.0841108706163
3025156,18.039737954692605
3025157,1.0006811497568242
3025158,13.862589783967572
3025159,8.925765795960046
3025160,0.11269315987728383
3025161,213.00119826408582
3025162,13.596542329099703
3025163,13.12597581696748
3025164,1.6794936361960255
3025165,51.754239094765666
3025166,5.622886997674008
3025167,373.17808745323833
3025168,235.83323466466982
3025169,4.867107200207978
3025170,6.614833422577779
3025171,334.3133573703046
3025172,52.933947058410304
3025173,1913.9017481929366
3025174,0.05905592812995825
3025175,20.735388300585143
3025176,2.7331685941046007
3025177,0.13670648838641652
3025178,2.926919944830878
3025179,4351.513014641378
3025180,0.0049320349600390926
3025181,445.49428161202803
3025182,6.100680954384036
3025183,2597.8614524883733
3025184,644.0090211271971
3025185,293.0202149130845
3025186,182.78689533633064
3025187,59.894372450364244
3025188,5837.529836793231
3025189,8.926256602158931
3025190,1.620372331749488
3025191,23.446326887223748
3025192,23.20726424773297
3025193,0.20302023369395153
3025194,486.18097537299377
3025195,0.0
3025196,0.10170052521030541
3025197,7.985272810741149
3025198,22.136539685722198
3025199,1.6222241326338849
3025200,131.30424535338616
3025201,345.81712254066923
3025202,2.662677458606957
3025203,9.209099654532851
3025204,164.75298453475156
3025205,50.851396758971916
3025206,1903.6520031489965
3025207,0.0
3025208,4.200643367506253
3025209,5.953002377879351
3025210,0.0052397464495505695
3025211,5.69601395476403
3025212,2425.610227300913
3025213,0.012920307884241368
3025214,417.16111252730593
3025215,7.843961433081891
3025216,910.9562351825907
3025217,618.9553029171886
3025218,208.26736911449782
3025219,114.45404499196658
3025220,106.95888776799421
3025221,3894.880064406985
3025222,34.20322972121528
3025223,0.9927030234873827
3025224,18.542650380640683
3025225,31.147692483319247
3025226,0.009827380307904319
3025227,238.68545590803447
3025228,13.524487549659876
3025229,11.568483914627151
3025230,5.513663519907543
3025231,65.0251168964857
3025232,9.125453167906358
3025233,188.44661378620796
3025234,370.699104891689
3025235,9.805672819517
3025236,6.565115295792926
3025237,173.14721097695232
3025238,51.50259355752489
3025239,1790.2705559874146
3025240,0.3407377596728257
3025241,6.042845178573084
3025242,2.8047778578556204
3025243,0.006757218748187041
3025244,4.931306071496004
3025245,3317.3811301615933
3025246,0.025248149725872845
3025247,467.9634776314423
3025248,6.533710621609351
3025249,768.8161466381557
3025250,761.3798081072821
3025251,163.8238066002673
3025252,113.55514130227054
3025253,99.14408208214257
3025254,3178.7825270253834
3025255,23.345134454269473
3025256,0.853609648360977
3025257,15.865010256555053
3025258,17.656635180532756
3025259,0.012181861056310578
3025260,213.31328681433706
3025261,11.128878411395723
3025262,26.468051395121947
3025263,2.809279257404467
3025264,50.56156513523251
3025265,7.543341112867887
3025266,200.63212729332363
3025267,237.01056995021705
3025268,7.349031715128877
3025269,7.0400797233189625
3025270,206.74325545907422
3025271,49.71592300765547
3025272,2046.4630815065134
3025273,0.1799152073647455
3025274,12.363614282116439
3025275,4.8123515466247655
3025276,0.06712221985021044
3025277,3.4077481535209615
3025278,4329.027527473797
3025279,0.0
3025280,497.59802830538956
3025281,10.86571453651702
3025282,1161.7572131960887
3025283,656.921842032849
3025284,262.4532182259427
3025285,192.64688698540957
3025286,47.47864607031189
3025287,4592.472219848489
3025288,6.161304193222684
3025289,0.12926271234279973
3025290,14.277372854618838
3025291,15.851611297306045
3025292,0.07043783436491945
3025293,228.20541182622813
3025294,0.0
3025295,11.938552848826005
3025296,1.020757161968626
3025297,39.51896960183781
3025298,2.1398173617145786
3025299,146.7251277991713
3025300,271.76246759328933
3025301,2.5469861548595003
3025302,1.6588144885763334
3025303,168.42731055391639
3025304,99.27416633124767
3025305,1806.942460622551
3025306,1.2042378127483706
3025307,0.690901591509987
3025308,11.64053217887175
3025309,0.013824136362053525
3025310,13.288202611737667
3025311,8665.36849235574
3025312,0.03117037750886768
3025313,1432.0480525312826
3025314,20.181287772337384
3025315,2353.4437687185036
3025316,2185.087626185964
3025317,501.9167785807716
3025318,513.0803125225764
3025319,358.06161514901225
3025320,8790.746708005321
3025321,78.96373572196067
3025322,3.1157480994344735
3025323,104.00886263217576
3025324,104.03531102631673
3025325,0.3022515983798898
3025326,613.2985823815782
3025327,29.178483818327898
3025328,18.81099647500974
3025329,43.90573510509654
3025330,248.7631941347802
3025331,21.38350794055362
3025332,752.9066209560992
3025333,567.4585344363011
3025334,32.24613623032699
3025335,32.9779419141248
3025336,967.8147044260961
3025337,283.61703855895615
3025338,6823.7222709239395
3025339,156.46748228650824
3025340,82.89403331758201
3025341,12.738443686205361
3025342,0.0
3025343,11.978701681771774
3025344,7943.923414172361
3025345,0.029156636054020225
3025346,1087.1460998873606
3025347,22.060328091278524
3025348,2453.942505519231
3025349,1880.723462546412
3025350,593.1769601715284
3025351,332.009050457102
3025352,275.75928265604466
3025353,8987.295894436289
3025354,100.61379522414825
3025355,1.17111410893616
3025356,48.03996364137444
3025357,70.93494366055755
3025358,0.5781178143669646
3025359,630.3078251980174
3025360,23.784261439546444
3025361,24.882260318014016
3025362,8.993717432846786
3025363,145.5402254158842
3025364,15.08307793717795
3025365,926.1330112994365
3025366,692.064580963745
3025367,20.32961369487613
3025368,23.033179540004276
3025369,1052.8789634923098
3025370,217.16607967911995
3025371,4703.212225327385
3025372,352.92087750238204
3025373,76.2724522602132
3025374,9.327959558271308
3025375,0.0
3025376,16.08698181490658
3025377,5510.839958524671
3025378,0.10302649351120469
3025379,796.5778982273387
3025380,10.094311608164775
3025381,2235.51310660927
3025382,1345.8970387139564
3025383,713.1098241783272
3025384,128.39114527179007
3025385,194.51109087363213
3025386,8322.118946933222
3025387,39.01261681910712
3025388,2.0279562099499056
3025389,32.83566754494013
3025390,23.788858008627646
3025391,0.34001940007819054
3025392,547.0523923420852
3025393,27.48527453362968
3025394,16.21379317587038
3025395,10.370414808388391
3025396,79.59433675039003
3025397,8.052365811526434
3025398,820.8970180734042
3025399,690.4080957368151
3025400,18.33457114632324
3025401,33.68475376307379
3025402,685.1735326101698
3025403,127.51568244889361
3025404,2277.2383800672897
3025405,269.8060578400112
3025406,37.743543756863424
3025407,13.266709712960294
3025408,0.0
3025409,17.17764847252707
3025410,7860.398672043625
3025411,0.030911484636276507
3025412,1027.7849967703403
3025413,16.565400535711245
3025414,2211.625722229318
3025415,1837.1924006638242
3025416,587.4329027685553
3025417,324.134152180802
3025418,220.92868384249113
3025419,9013.401130846281
3025420,43.296387188186344
3025421,1.3796121167281077
3025422,45.591611823369405
3025423,76.80617479939028
3025424,0.7264272350854225
3025425,606.3745417232956
3025426,25.632547466450294
3025427,19.536259587122363
3025428,10.35692235119764
3025429,159.48501206570538
3025430,11.00183632021918
3025431,745.2442922040731
3025432,708.7947139999975
3025433,18.487770036828472
3025434,26.51820538775005
3025435,992.3247395252446
3025436,208.067094808114
3025437,4677.40452344541
3025438,432.1524506663063
3025439,60.6601609990267
3025440,9.300702148245405
3025441,0.0
3025442,16.830230726871033
3025443,4639.409821035356
3025444,0.0
3025445,694.290678705115
3025446,11.496747499715497
3025447,2129.2233891765154
3025448,1198.2312328623477
3025449,552.395739860439
3025450,96.39765399551708
3025451,137.6877538435036
3025452,7880.778724833411
3025453,33.146100241586296
3025454,0.2064836226323766
3025455,24.316876688490893
3025456,43.0688814478616
3025457,0.11392202842360084
3025458,566.0424129939923
3025459,21.18325175892758
3025460,7.692279717362667
3025461,5.632719338838658
3025462,80.715765350907
3025463,4.729421166313536
3025464,735.8127892144876
3025465,727.6806385118858
3025466,13.206113862491732
3025467,21.001087851610578
3025468,721.7745654057017
3025469,77.6200823956996
3025470,1714.1523661181354
3025471,244.68830760935904
3025472,18.95593392684116
3025473,10.291526432806618
3025474,0.014004798106253722
3025475,10.957442078124997
3025476,6696.826224912051
3025477,0.03303235846164555
3025478,1097.4362246387434
3025479,23.096137072337836
3025480,1803.0143188560407
3025481,2006.3566560357924
3025482,410.08773532329184
3025483,422.3468967852503
3025484,293.2991465538565
3025485,7780.00050271616
3025486,62.97245720564793
3025487,1.405760503107732
3025488,43.0887746698857
3025489,48.66922968044049
3025490,0.4277550991221419
3025491,492.67953479813957
3025492,16.741371347754768
3025493,21.990783542124255
3025494,11.193533004718192
3025495,176.16836940478348
3025496,15.609180628379878
3025497,706.6963759249963
3025498,549.4361415983781
3025499,14.882347011029122
3025500,25.181739131483532
3025501,979.900080331899
3025502,214.11527684277337
3025503,6631.006956562544
3025504,238.45898437514467
3025505,69.39099771480994
3025506,5.209466348239684
3025507,0.24360497138923382
3025508,6.172071261003127
3025509,1966.8522069205503
3025510,0.032590012158021694
3025511,342.10973490482365
3025512,21.87166670157863
3025513,857.6858749706611
3025514,497.04376056327595
3025515,221.05693146812325
3025516,75.59904901546331
3025517,73.57795654505992
3025518,2895.32390737984
3025519,35.448048295807254
3025520,0.9022741306342125
3025521,24.24046303323849
3025522,18.654759253218817
3025523,0.028786992529223447
3025524,192.6193910554196
3025525,10.864387665717652
3025526,5.682921274192223
3025527,9.355404352066993
3025528,46.991235170879165
3025529,6.301915056299651
3025530,223.48025852436226
3025531,270.37901588984096
3025532,2.795617281548504
3025533,6.03699542550777
3025534,200.83320216716703
3025535,53.12219417541894
3025536,1383.21507701452
3025537,0.4956465059459463
3025538,8.385296224099717
3025539,8.733941612013977
3025540,0.0
3025541,10.808273712491618
3025542,4197.32656396774
3025543,0.00770516515555955
3025544,528.2100491201203
3025545,24.709873318873157
3025546,1529.9207661353764
3025547,992.1025488057805
3025548,420.76301954468937
3025549,91.3991284004232
3025550,127.63134937412462
3025551,6346.756635822173
3025552,55.44981086174791
3025553,0.9061464119227716
3025554,45.68393836633687
3025555,29.228393276038286
3025556,0.1224265159581713
3025557,374.0132725618024
3025558,16.262791749682897
3025559,5.840384918756584
3025560,3.0711983215118686
3025561,101.97229439751432
3025562,7.1207263595550145
3025563,470.11043217926874
3025564,436.39128623512994
3025565,9.134763085733262
3025566,19.816685715941208
3025567,363.76553213063823
3025568,75.44214886872344
3025569,1830.8231244071108
3025570,238.88538017770645
3025571,15.606508417588191
3025572,5.875785837579912
3025573,0.008869711842061331
3025574,5.4928916116169955
3025575,4264.956807332986
3025576,0.024885768810971928
3025577,796.0353997192706
3025578,7.805077576317437
3025579,1259.4279738455994
3025580,1332.9535972636893
3025581,241.25434102280786
3025582,299.10241260413756
3025583,216.81712557399933
3025584,5111.706054591101
3025585,32.204810014812836
3025586,1.3430720471053446
3025587,26.043708670188987
3025588,35.51513571383513
3025589,0.24970503091667315
3025590,320.1996977995034
3025591,1.8914515414938757
3025592,34.03208362245073
3025593,3.7770628189900988
3025594,107.41424845007597
3025595,8.362432154375124
3025596,521.2042279995154
3025597,289.88018377254815
3025598,16.25249932613974
3025599,9.98984941721791
3025600,642.9945998597934
3025601,109.75354995816184
3025602,4134.867762287627
3025603,2.3549676113608498
3025604,43.32893292450904
3025605,8.248762239865005
3025606,0.0
3025607,7.887137789352352
3025608,3976.1719524455257
3025609,0.0
3025610,805.8894545430816
3025611,8.488916758724784
3025612,1294.1896007450202
3025613,987.5967820459364
3025614,305.2320864232243
3025615,154.04172547022387
3025616,206.7173851321365
3025617,4484.428717662309
3025618,35.13192665568126
3025619,2.1756727600624224
3025620,33.75706516583643
3025621,42.965003837040825
3025622,0.21116168501267837
3025623,306.40951385050505
3025624,5.902934834452771
3025625,32.92954205941136
3025626,7.3202660311729355
3025627,152.32355218869262
3025628,7.545844524389685
3025629,323.0676196439889
3025630,313.19602935404026
3025631,11.967391076743844
3025632,18.578685488364727
3025633,317.8875283040507
3025634,96.4919329579135
3025635,2702.719094788159
3025636,3.9580183022550997
3025637,10.093214444952226
3025638,7.694688759423742
3025639,0.31903735282146495
3025640,2.506316470679823
3025641,1782.4264654128276
3025642,0.3268708975498505
3025643,309.5614891778687
3025644,7.986645424630977
3025645,686.7117702567524
3025646,393.30712631374155
3025647,178.71277954110633
3025648,59.84480007774234
3025649,67.94087768440579
3025650,2324.6432891724194
3025651,16.944157162254623
3025652,1.7076177046371066
3025653,23.716615113661707
3025654,22.74794699216145
3025655,0.46453255269593763
3025656,159.20495005116686
3025657,5.6007545879573595
3025658,11.12338970027208
3025659,6.8337819655455885
3025660,48.00332933398825
3025661,4.081010674852471
3025662,168.6507453574863
3025663,192.87320950136495
3025664,4.805565776336308
3025665,5.95609547840858
3025666,122.80644665319372
3025667,48.07097778834648
3025668,1121.9491232410644
3025669,0.4942518100336143
3025670,5.1800686351886585
3025671,6.723077413530266
3025672,0.3161757623626096
3025673,4.154248830490162
3025674,2296.685162343022
3025675,0.3239923125784396
3025676,159.40998856645584
3025677,4.871953035640232
3025678,910.5140130108992
3025679,164.5133454870216
3025680,183.2103086576618
3025681,47.902485095908816
3025682,23.462519663310044
3025683,2521.043429370374
3025684,10.824848228615492
3025685,1.2812690029089497
3025686,18.658407965372216
3025687,9.039935884906347
3025688,0.43930363714947673
3025689,190.88524364610396
3025690,0.29796486978839637
3025691,0.2763846517287744
3025692,4.748284083053911
3025693,21.34826984128633
3025694,1.4033113641781398
3025695,41.221747086767586
3025696,153.97356277176414
3025697,0.4972997417284661
3025698,2.344530510068104
3025699,45.18140781732909
3025700,59.88586442717101
3025701,690.695446028566
3025702,0.258346939783151
3025703,2.4413608312571395
3025704,5.1620131559943045
3025705,0.0
3025706,6.0884462025142145
3025707,3296.9944358741577
3025708,0.005344130243252028
3025709,487.37991368568277
3025710,9.297235267487798
3025711,1116.5760962569261
3025712,828.7471102879899
3025713,330.41176806408737
3025714,148.32982496597307
3025715,126.62920508603703
3025716,4581.6344491717
3025717,26.582755012725677
3025718,0.5108753965061966
3025719,17.21125944679326
3025720,47.0883039495768
3025721,0.002930143986227389
3025722,297.1445915106901
3025723,18.062287079156434
3025724,10.52166047504266
3025725,14.472921806586282
3025726,58.09716220868849
3025727,5.459131960719369
3025728,402.93699526490553
3025729,352.23394634366946
3025730,7.52733512695617
3025731,10.914192591162996
3025732,459.225801431934
3025733,81.33819435286837
3025734,2002.4831785565657
3025735,0.0
3025736,30.620044071347866
3025737,4.110237387112458
3025738,0.03763400933028293
3025739,4.351125184933255
3025740,3628.9431894634836
3025741,0.17369154961989172
3025742,596.3049334223207
3025743,14.175585562090456
3025744,992.1273007669395
3025745,1149.9710776216227
3025746,183.77347291977497
3025747,251.05014731610956
3025748,188.66002637270043
3025749,3844.753686021671
3025750,33.6273388189197
3025751,2.3268729017476355
3025752,23.954043725122993
3025753,29.960439095059755
3025754,0.5179249085724927
3025755,248.82595150608157
3025756,10.888122261976495
3025757,29.327944599617428
3025758,8.98742149045386
3025759,121.60751157098571
3025760,11.30476310668267
3025761,416.35380794122983
3025762,297.58813026929056
3025763,6.495891328795721
3025764,12.426823962102269
3025765,578.9374785633013
3025766,121.82677064288458
3025767,4421.58775687669
3025768,0.330700763773402
3025769,35.73527251750335
3025770,3.116754012638422
3025771,0.49361385486603976
3025772,8.809475009872164
3025773,3441.6186322171147
3025774,0.02885587842221521
3025775,669.5220540323324
3025776,16.905196777371447
3025777,962.8646055087592
3025778,1014.9345359367593
3025779,236.15590553443027
3025780,267.15942522067866
3025781,139.57355236754657
3025782,3064.4758060884024
3025783,31.629003682996576
3025784,2.481535861464049
3025785,27.38451592134585
3025786,37.275974864895474
3025787,0.028067050598029507
3025788,310.8996603599835
3025789,27.015674794854366
3025790,24.616646719186036
3025791,17.75146588178343
3025792,88.45750857657318
3025793,14.395820371683273
3025794,396.185041971443
3025795,289.57619621423567
3025796,15.349597795900797
3025797,17.51684959080344
3025798,486.82982998931567
3025799,125.75115167233396
3025800,3370.8102934207063
3025801,0.8167660256782677
3025802,29.89144349263683
3025803,9.94897647634251
3025804,0.33614396342615793
3025805,6.911248768969827
3025806,3649.2600627829383
3025807,0.0
3025808,475.1139982443368
3025809,10.237851700408775
3025810,2171.1521021038566
3025811,743.6063622650715
3025812,518.5686339691889
3025813,186.879212435126
3025814,83.30136427944721
3025815,7794.414776656953
3025816,7.963114015742456
3025817,1.0271469293756712
3025818,41.91212443183232
3025819,38.56644371215069
3025820,0.0
3025821,387.6183491973477
3025822,7.811115288582446
3025823,4.578305410403526
3025824,7.127473068771278
3025825,35.642916196646645
3025826,2.478216399634543
3025827,352.4017164632829
3025828,508.64574445762605
3025829,5.306417403092822
3025830,6.249669191829876
3025831,398.1202455041345
3025832,81.81972286916215
3025833,2072.908914563466
3025834,106.39983643570037
3025835,12.819678166471187
3025836,3.8303476937521532
3025837,0.055677497666450845
3025838,2.6425419659363727
3025839,2151.1228813120824
3025840,0.16315164085535416
3025841,351.42163558281544
3025842,8.847414912908407
3025843,666.181729726664
3025844,690.8865026760787
3025845,126.9881644720299
3025846,127.02070794171905
3025847,127.2501630553989
3025848,2598.880308445372
3025849,15.927717462835103
3025850,1.17133100692695
3025851,22.42899407926426
3025852,22.497604728553938
3025853,0.18719827489144428
3025854,188.55181910670498
3025855,11.610674519647432
3025856,18.550554788291727
3025857,5.765609209739389
3025858,75.57282175485739
3025859,5.017664399259114
3025860,246.59169572197277
3025861,154.1779486464236
3025862,3.545524370583572
3025863,7.851915728415752
3025864,285.3334971057172
3025865,61.86080779867004
3025866,3473.479549444906
3025867,0.04185710555569501
3025868,24.434003862027595
3025869,3.0164339095228714
3025870,0.0
3025871,2.4083074790410253
3025872,1400.1901501674563
3025873,0.0
3025874,104.87103264717555
3025875,3.910229347677744
3025876,826.2818844463084
3025877,346.03285222505116
3025878,234.83789558019438
3025879,52.803319868623035
3025880,36.08800329098073
3025881,2988.381186986468
3025882,4.421105841061099
3025883,0.31070009849073477
3025884,12.988918136728019
3025885,9.824704707764461
3025886,0.04991865361846133
3025887,181.93617512235303
3025888,5.317562207941592
3025889,0.0
3025890,2.179271518849188
3025891,16.46783599547131
3025892,1.0598884850515156
3025893,195.6260772773843
3025894,179.33498724626423
3025895,1.4799595902679252
3025896,4.10758948889104
3025897,150.59368232012253
3025898,27.193293911146313
3025899,297.0579699416181
3025900,0.7554544759337104
3025901,2.0511711782686888
3025902,5.388815932358352
3025903,0.1416628599327406
3025904,4.334743800078967
3025905,4315.218704252687
3025906,0.0
3025907,577.0110967185739
3025908,9.97842721457589
3025909,2049.969130018262
3025910,716.3579037840269
3025911,483.27466420420427
3025912,158.92563335112305
3025913,71.29409144052899
3025914,8007.725814901554
3025915,21.95493852735553
3025916,0.5871100632667461
3025917,21.077740440156223
3025918,17.72351798666351
3025919,0.11287426718777989
3025920,493.2634742649
3025921,6.165361153637066
3025922,1.321050944290839
3025923,7.4182129820117915
3025924,26.802520271433952
3025925,1.505907234996291
3025926,602.0233507668397
3025927,438.91435954351954
3025928,1.9472447995201903
3025929,11.211927188266673
3025930,390.11561569021
3025931,81.20414943471415
3025932,1252.040113627699
3025933,28.446899576064634
3025934,7.954701675623573
3025935,4.852196969511953
3025936,0.0024228839824075687
3025937,0.7652755313608086
3025938,1464.0833196542255
3025939,0.005995052243168762
3025940,168.5564849087966
3025941,9.291781726825679
3025942,1005.7895423351205
3025943,420.04070156405083
3025944,175.08971361936565
3025945,55.85035349123052
3025946,32.977663517460584
3025947,2812.7294415654583
3025948,4.978976248067746
3025949,0.327076035943874
3025950,10.182276664010388
3025951,14.636921601589833
3025952,0.14545043203463698
3025953,164.92141191477427
3025954,4.16826559838411
3025955,0.0018258595838719258
3025956,5.449877474286218
3025957,22.520183892890056
3025958,1.1295105147654614
3025959,123.6603151706011
3025960,184.6706940904787
3025961,1.1147935124223138
3025962,5.076389947812355
3025963,129.11765810838594
3025964,28.381421781880807
3025965,273.7012383038727
3025966,6.44961685411096
3025967,2.5661334036147987
3025968,3.6330652614857915
3025969,0.0
3025970,2.3090677190433673
3025971,1514.169572226237
3025972,0.0
3025973,105.00690124460029
3025974,4.867797546724957
3025975,738.9122195081233
3025976,323.29619978271296
3025977,133.82365124369719
3025978,37.7514159159913
3025979,25.310159115110636
3025980,3199.963122747489
3025981,7.437892525287909
3025982,0.09114700663893278
3025983,10.147087186476377
3025984,7.073082329209297
3025985,0.0
3025986,130.33031828857364
3025987,1.0382701457182975
3025988,0.0
3025989,1.7411246190854897
3025990,21.39982537776644
3025991,0.6788177976643078
3025992,119.53900029195252
3025993,181.5393388036168
3025994,0.3340279807398705
3025995,3.8175660946542895
3025996,73.01111157213244
3025997,18.771130415743972
3025998,169.27791718426766
3025999,1.3139435534715307
3026000,0.8174001412165101
3026001,2.6989587170683644
3026002,0.0
3026003,2.698094290393055
3026004,1745.6162994907356
3026005,0.0
3026006,159.14845813990004
3026007,6.396628895644798
3026008,1201.2825993598744
3026009,411.63842493546105
3026010,231.74553871470047
3026011,28.19444687804744
3026012,31.74672490227007
3026013,3304.3226520049707
3026014,2.5943529104101857
3026015,0.212175273287113
3026016,8.066064468069982
3026017,17.71075545787343
3026018,0.07347721909107643
3026019,182.01303898822658
3026020,0.5259272427270721
3026021,0.0
3026022,2.3800599974645475
3026023,9.914638518736655
3026024,1.3701191760203972
3026025,181.78057013665043
3026026,283.4116189223473
3026027,0.6940775516064716
3026028,4.0104957546527
3026029,74.4706007238766
3026030,80.96879435259189
3026031,353.73872668884184
3026032,6.293762442962541
3026033,3.2446366640669773
3026034,2.9889414602864304
3026035,0.5105477520006925
3026036,2.1909823817401834
3026037,1755.8530538086325
3026038,0.009644038415768233
3026039,141.12781545272668
3026040,2.774916349671433
3026041,931.9173837309751
3026042,376.45380096176086
3026043,239.87966298814226
3026044,88.66507866746954
3026045,55.58724718983634
3026046,2785.275214374048
3026047,4.122360271329135
3026048,0.8945819376291209
3026049,10.891357108796875
3026050,17.046281243770874
3026051,0.14783641447305315
3026052,221.46208868734595
3026053,6.013493265241871
3026054,0.006510421935630771
3026055,2.723269045348982
3026056,17.646104273942864
3026057,1.4146041078571139
3026058,116.68031363656053
3026059,195.42656426644328
3026060,0.5774637284191
3026061,4.176946010220772
3026062,106.59675827982419
3026063,38.042105567694975
3026064,518.6765932373183
3026065,5.744596302487355
3026066,3.4279478590545898
3026067,6.13878266367438
3026068,0.15531597783908727
3026069,0.7428813814306148
3026070,1589.6026532463088
3026071,0.0
3026072,164.30389578631403
3026073,4.89104773886516
3026074,1009.0078500440178
3026075,256.88506293279426
3026076,164.64400208316226
3026077,153.4744976535481
3026078,33.673488976974376
3026079,2570.246977968778
3026080,5.829704976909663
3026081,0.14530631472578184
3026082,14.209152987713953
3026083,16.579737364970367
3026084,0.19093398847795134
3026085,164.55179537947723
3026086,0.0
3026087,0.0
3026088,1.672885101928525
3026089,33.59544574431919
3026090,2.132699327439704
3026091,65.06306367039734
3026092,155.06182538570803
3026093,0.7145321175672936
3026094,4.833847722213374
3026095,76.37623918828051
3026096,33.43025693765971
3026097,574.3818870696605
3026098,0.0
3026099,1.6054902889529477
3026100,5.930119962756642
3026101,0.38387047005913455
3026102,1.5814432788664112
3026103,2495.5009794616676
3026104,0.0
3026105,279.3232222819646
3026106,4.999409036389627
3026107,1214.5306507990892
3026108,861.5806320709462
3026109,415.4805168442753
3026110,163.4176368763011
3026111,79.6185763615578
3026112,4086.028534001913
3026113,9.62984613530121
3026114,0.9252882389841077
3026115,20.398665710332587
3026116,21.63834253559927
3026117,0.09141625664007838
3026118,261.0986743204727
3026119,0.11433992964943056
3026120,0.0
3026121,6.423360966163051
3026122,23.495959550213293
3026123,2.4679500181862952
3026124,214.4273429487779
3026125,257.28242780326866
3026126,1.6604478077549432
3026127,6.7352685894765845
3026128,311.31520886693716
3026129,50.42799955782797
3026130,1105.8553349834533
3026131,17.3970465904413
3026132,9.347553273841397
3026133,2.0405363527015195
3026134,0.12055263571721984
3026135,3.3164344480067753
3026136,1543.888551268906
3026137,0.0
3026138,246.13630486958522
3026139,4.139005088519514
3026140,454.3553142699752
3026141,474.6420371442391
3026142,156.1288437756352
3026143,92.7716961879273
3026144,15.288697139906091
3026145,2226.8150489182044
3026146,5.2556518318074765
3026147,0.4730929584186632
3026148,9.691407259578071
3026149,12.59053880798706
3026150,0.0326725163308737
3026151,139.275467675522
3026152,3.6620374421661266
3026153,1.6120405096905057
3026154,4.721294649699821
3026155,8.535962488399171
3026156,1.139162807699332
3026157,28.456701772582512
3026158,122.36912440214229
3026159,1.8906321954735215
3026160,3.4952308656711417
3026161,93.18056781712136
3026162,17.600289651952533
3026163,838.2377162744529
3026164,33.61189726809125
3026165,4.623600534371396
3026166,4.701895222828289
3026167,0.3058522178048102
3026168,3.0409251900487435
3026169,2192.352282624972
3026170,0.0
3026171,148.40444517572487
3026172,4.489262490693245
3026173,825.6997797019671
3026174,349.7673684975073
3026175,228.97925748389417
3026176,46.91074956787921
3026177,33.00340902348371
3026178,2980.172310989489
3026179,9.243476160002004
3026180,0.9786587043837949
3026181,9.656156934403274
3026182,14.231373286148663
3026183,0.12977445082784955
3026184,168.0352498310538
3026185,4.930134889788287
3026186,0.0
3026187,2.7146607122717095
3026188,17.823510126738054
3026189,1.589346334735563
3026190,121.5935753342955
3026191,174.70376682962566
3026192,0.9672452441830988
3026193,3.7892234586387272
3026194,106.3808598786472
3026195,20.877692093329433
3026196,350.3611775199047
3026197,9.59908847600135
3026198,3.2686975377779324
3026199,5.198314723258584
3026200,0.003036841071496444
3026201,5.148074910380494
3026202,2804.375937221248
3026203,0.018439276217073593
3026204,571.3623117731785
3026205,7.922542748409704
3026206,813.0963289099309
3026207,745.1921653639973
3026208,206.12745762535312
3026209,145.33682223948645
3026210,96.20765753258331
3026211,3679.986603291206
3026212,27.051672790743687
3026213,1.076235503679989
3026214,16.948256752699805
3026215,27.23649628775064
3026216,0.1030570478351869
3026217,234.94061896099046
3026218,16.40557879058826
3026219,16.703548437367807
3026220,3.865420507536171
3026221,59.384512350186505
3026222,7.261676383430797
3026223,404.22453880147606
3026224,258.88490831869007
3026225,6.570380672507983
3026226,6.811636050444312
3026227,387.47834183956076
3026228,106.93345567912371
3026229,3084.690484750588
3026230,0.0
3026231,28.12864157082475
3026232,4.695128166489126
3026233,0.053763958998824704
3026234,4.1131312095297154
3026235,3317.322345522326
3026236,0.0
3026237,392.8433396367955
3026238,4.902076753900939
3026239,1676.950956826771
3026240,861.997965813315
3026241,525.7335261739323
3026242,72.91296881881874
3026243,57.4789494552495
3026244,4810.62466132764
3026245,8.632464250066475
3026246,0.3502396137354203
3026247,16.26191232449077
3026248,11.89932269283885
3026249,0.0
3026250,300.6097338715133
3026251,0.971411025111842
3026252,4.066191264287557
3026253,3.3277184930664028
3026254,30.97612244807986
3026255,0.9735369962218902
3026256,267.02416094326657
3026257,330.2651683101988
3026258,2.579216094688007
3026259,4.138841971007763
3026260,246.67235204162537
3026261,56.622801508336664
3026262,722.2220220106564
3026263,54.52533195813696
3026264,9.616998973830146
3026265,7.582969475642665
3026266,0.18399577987200072
3026267,2.8709791199346406
3026268,2984.124650361627
3026269,0.0
3026270,370.1378073102995
3026271,4.232788039379098
3026272,1615.9825630961222
3026273,647.3353957064444
3026274,278.4148271286383
3026275,197.3456097962806
3026276,61.93321609059402
3026277,4093.311830679572
3026278,11.822152952310777
3026279,0.31732445852529273
3026280,25.726766398582743
3026281,23.021924922214346
3026282,0.10991405907206928
3026283,277.4823428396868
3026284,2.506716344365402
3026285,1.9053180295100856
3026286,6.597567762532897
3026287,55.34245391482776
3026288,1.2140364915710904
3026289,106.7755426049085
3026290,260.59236049384526
3026291,1.7905850998238089
3026292,4.027506571308685
3026293,149.36829368916048
3026294,123.58018777444515
3026295,1105.04195295411
3026296,0.19500390415166846
3026297,3.7530843950349757
3026298,3.571063617950209
3026299,0.16827870003001436
3026300,1.410099264460597
3026301,1516.361110038692
3026302,0.0
3026303,118.06938599837378
3026304,5.227587392235581
3026305,768.8577215823511
3026306,329.1981428166834
3026307,140.6669143946161
3026308,47.61281027644656
3026309,42.95207133527748
3026310,2660.99932853258
3026311,4.69345839961588
3026312,0.6768401992725097
3026313,20.512045419559755
3026314,16.042358219905083
3026315,0.0
3026316,175.15004702426825
3026317,0.11804883877554591
3026318,0.0
3026319,2.981536200696752
3026320,51.67001925821371
3026321,1.817247847744686
3026322,97.39401753112152
3026323,167.68003833175445
3026324,0.9628078880541633
3026325,4.841597186293046
3026326,116.41360215999072
3026327,22.130107680060625
3026328,377.13577651316257
3026329,11.8305815559944
3026330,1.164265363555566
3026331,1.6025418323499219
3026332,0.00202531333729719
3026333,1.5546014857327162
3026334,1450.881677346736
3026335,0.1264626314734908
3026336,280.2149112570787
3026337,6.752756243280847
3026338,468.3572360936336
3026339,418.35587957888265
3026340,121.20242584445539
3026341,38.382113851485116
3026342,55.04134652829402
3026343,2137.2960860231374
3026344,19.498369610551094
3026345,0.36612501768071604
3026346,8.185065437775231
3026347,15.514294040476027
3026348,0.19063668338276737
3026349,122.43719805278242
3026350,10.379659156254593
3026351,2.19471640338576
3026352,2.9342821579053395
3026353,39.74523801866286
3026354,3.5910417466864444
3026355,583.6007202909943
3026356,148.49433601510754
3026357,2.7735175636846967
3026358,4.132333603045346
3026359,278.04840393649073
3026360,26.955251340182535
3026361,1562.7230327771456
3026362,0.0
3026363,7.442893312073098
3026364,1.8489147166708746
3026365,0.1121962515420725
3026366,3.828899500810313
3026367,3434.1474368913514
3026368,0.040724125833113425
3026369,699.6173159686441
3026370,13.307950306158284
3026371,1011.6357532227455
3026372,1213.4389999347625
3026373,273.41602794479667
3026374,206.3353187210681
3026375,142.06491732366868
3026376,4082.383980822356
3026377,27.91311432545389
3026378,0.552732400960246
3026379,17.92815128979853
3026380,29.588402972987755
3026381,0.029794235328304632
3026382,264.0726457188899
3026383,10.949134246105823
3026384,36.41904320855317
3026385,8.321772900681543
3026386,61.3146453659855
3026387,10.053535744259731
3026388,380.88160249692015
3026389,288.1748169651015
3026390,14.749509387571337
3026391,8.513795258880304
3026392,466.22471949714475
3026393,98.6916353697304
3026394,5016.392720653839
3026395,0.01781185111359038
3026396,20.369381997802403
3026397,2.096008737675824
3026398,0.06189617976006388
3026399,3.6556540147749454
3026400,1722.5281699107047
3026401,0.0
3026402,220.92307424498256
3026403,3.5463686227328868
3026404,304.7550817143605
3026405,449.95744207721003
3026406,122.67397789132615
3026407,33.40130814359738
3026408,21.692442283176852
3026409,1788.70372184652
3026410,7.872602989277936
3026411,0.7734464495183363
3026412,6.90108246602373
3026413,12.293131728654897
3026414,0.0
3026415,43.733174445528675
3026416,0.0
3026417,22.54706984994808
3026418,2.290375501206926
3026419,111.54687961247014
3026420,4.893033989557874
3026421,42.75105268863227
3026422,87.06929851756303
3026423,2.693060068702612
3026424,3.4785419288651096
3026425,37.05709212367613
3026426,11.971471820728812
3026427,2071.145511836606
3026428,0.40432869684211015
3026429,4.237053110749577
3026430,2.8127963502335556
3026431,0.0
3026432,0.26731353455475004
3026433,1040.1789860822032
3026434,0.0
3026435,190.65291651598966
3026436,3.5049192231992916
3026437,359.4407850794475
3026438,241.0178277979767
3026439,73.91694220340612
3026440,25.67914828912574
3026441,24.008984528074873
3026442,1625.578067267785
3026443,7.330823859592302
3026444,0.305309210860529
3026445,7.867881386658596
3026446,5.750189849718235
3026447,0.14475416275661387
3026448,72.88658835542776
3026449,0.034815776409688845
3026450,7.2111393630424665
3026451,0.5027217075054509
3026452,15.019892837972373
3026453,0.11822913346564898
3026454,217.08312136913216
3026455,118.78045346380014
3026456,1.2149539876007551
3026457,1.1907521271159631
3026458,120.59610284110714
3026459,17.752048316633026
3026460,771.9274842532045
3026461,0.3144277568505571
3026462,1.6720283532774916
3026463,4.655828148021631
3026464,0.17741175424500202
3026465,3.1859972763913875
3026466,2777.4103824149797
3026467,0.08988708963108344
3026468,600.121112135687
3026469,10.939447088959442
3026470,836.5910583198379
3026471,872.7751939805933
3026472,262.15623815748705
3026473,204.0802331932319
3026474,107.06182425884475
3026475,3700.7956947547914
3026476,23.349138571850006
3026477,1.7012513209168096
3026478,16.063837065829887
3026479,21.84439309398582
3026480,0.22493933378920003
3026481,201.05249239583415
3026482,4.409015097096395
3026483,34.845742108316905
3026484,6.282805313342595
3026485,100.30114870315218
3026486,2.789889727077522
3026487,255.5922015719948
3026488,235.54993843273337
3026489,8.298588682267512
3026490,7.450910972361815
3026491,360.5518361063147
3026492,69.0456410647159
3026493,3672.0869796445004
3026494,0.7878673821389222
3026495,15.128786485680353
3026496,4.434152149541754
3026497,0.0
3026498,2.9097187039343133
3026499,3142.9124644829717
3026500,0.0
3026501,534.7405477627228
3026502,10.106992718756167
3026503,1055.5641192728647
3026504,849.4783487302967
3026505,288.0857947413153
3026506,212.93378173198244
3026507,55.16755200859845
3026508,4703.43871104843
3026509,11.517080944204036
3026510,0.5243670465077226
3026511,22.548492011815434
3026512,14.207635171841572
3026513,0.5757131464281947
3026514,255.35842169072006
3026515,0.0
3026516,3.386980916429142
3026517,3.743651910069048
3026518,33.99159946261049
3026519,0.8390595119025449
3026520,195.78989034507035
3026521,269.03942531830864
3026522,3.5352283880757227
3026523,3.395562376089719
3026524,172.57846959656675
3026525,65.15395089216162
3026526,1187.0754260974077
3026527,1.2548841990454247
3026528,3.261333859038017
3026529,4.136627989213432
3026530,0.30724419210873216
3026531,2.291302415895451
3026532,2852.284392182425
3026533,0.0
3026534,535.3633634291124
3026535,8.65740921540031
3026536,822.1039763255532
3026537,739.3014763875541
3026538,224.3609474731666
3026539,162.87746544127876
3026540,51.410746593188556
3026541,3577.007600154363
3026542,11.236411199809707
3026543,0.9457544029514794
3026544,18.458712993891833
3026545,16.972313697302372
3026546,0.0
3026547,205.06141374262742
3026548,0.0
3026549,3.710439368410379
3026550,3.6730063115431224
3026551,52.149901384984425
3026552,0.9623899716600453
3026553,105.37132358003805
3026554,221.82682774501305
3026555,3.5471705961895657
3026556,3.9028733715055623
3026557,154.5615753364906
3026558,54.42556572052093
3026559,1000.0354683729549
3026560,1.0087894468554386
3026561,4.774929272122324
3026562,8.608556176648955
3026563,0.6777155006807934
3026564,13.43714314175453
3026565,7498.346974438727
3026566,0.0493523473636354
3026567,1109.385596524604
3026568,28.903949879889737
3026569,1896.7790641818037
3026570,1929.533869956419
3026571,315.5367616644887
3026572,426.8393480353189
3026573,302.3035640725014
3026574,8016.718215243866
3026575,68.62934642194092
3026576,2.2655141090569506
3026577,40.07347094292881
3026578,50.959755024587295
3026579,0.1795321487707122
3026580,464.6397363213531
3026581,30.870006718429135
3026582,57.5893889621878
3026583,25.12288940661783
3026584,172.8491954570602
3026585,21.352064687700864
3026586,633.3851853788416
3026587,518.527743644138
3026588,16.222388680759803
3026589,21.650866807064418
3026590,945.8888576390033
3026591,212.56103169345295
3026592,9659.764900867904
3026593,0.7031203315200598
3026594,72.73259354902551
3026595,2.186896914016061
3026596,0.3048346308460944
3026597,0.374140808883388
3026598,1566.264152689644
3026599,0.0054326094583545545
3026600,140.0278525701431
3026601,3.490513902244828
3026602,725.3684353598935
3026603,324.0919300367922
3026604,111.24772671523407
3026605,108.5135848312096
3026606,36.48959727295776
3026607,2357.5755331565706
3026608,4.332100347623202
3026609,0.19165777576713586
3026610,9.31781583435425
3026611,5.851166607106215
3026612,0.08992353730270662
3026613,135.25993002494974
3026614,0.36258978334282604
3026615,0.0
3026616,1.889484552227954
3026617,19.608618992172353
3026618,0.5848697826685743
3026619,54.215179492490876
3026620,85.16138336892611
3026621,1.4779881152218695
3026622,3.265028004651174
3026623,89.62822767093998
3026624,17.972508440074588
3026625,454.5820515599833
3026626,0.09433461363503874
3026627,3.002250653100371
3026628,6.104674898800287
3026629,0.19083449827517407
3026630,1.218510798087281
3026631,2929.8993529128666
3026632,0.0
3026633,464.0104653977463
3026634,6.780698730358025
3026635,1432.4316631676245
3026636,735.0908830527087
3026637,204.59418303501607
3026638,223.80492315974695
3026639,64.39700945999907
3026640,4401.4811964140345
3026641,8.802751613061776
3026642,0.23589397391594977
3026643,17.730743304092545
3026644,17.001934613830404
3026645,0.0
3026646,241.49309003748266
3026647,0.4669194229093578
3026648,3.568123843168856
3026649,6.469669814929997
3026650,14.833803480061205
3026651,1.0733747783282737
3026652,304.02851688459606
3026653,241.47418878288238
3026654,2.9161631882236336
3026655,5.153223904308624
3026656,109.51172131050821
3026657,62.19662695018383
3026658,1035.4227181900674
3026659,0.986832732195584
3026660,5.305640310923149
3026661,1.1187199732983604
3026662,0.0
3026663,0.6313384730188392
3026664,1069.1841253483756
3026665,0.0
3026666,98.25544361934993
3026667,2.8160968414011616
3026668,913.3901458704421
3026669,189.40402380438817
3026670,76.29830010559557
3026671,145.29934433200222
3026672,14.715686969996671
3026673,1667.7276666422317
3026674,0.8522528431379448
3026675,0.14875769249147425
3026676,7.373680501708807
3026677,2.9076856889149223
3026678,0.09379936696474889
3026679,89.98895425265191
3026680,0.0
3026681,0.0
3026682,0.259273153119992
3026683,9.373609716506206
3026684,0.21277045418036467
3026685,59.600992972318664
3026686,83.23992570402467
3026687,0.44022534496951476
3026688,0.8726585431235321
3026689,44.77199458866937
3026690,8.431430444437042
3026691,165.97636066955596
3026692,0.0
3026693,1.146631701901621
3026694,5.496680969976553
3026695,0.0
3026696,1.194709879338719
3026697,1944.8762458209426
3026698,0.0
3026699,193.18614410068955
3026700,5.237976054481339
3026701,896.4524479696914
3026702,473.46318463419345
3026703,167.2558127368104
3026704,132.19560812022527
3026705,48.58571299674554
3026706,2799.2580974055886
3026707,2.392487242572559
3026708,0.39557253152337574
3026709,24.197241544967117
3026710,11.126539987484268
3026711,0.12858527607288303
3026712,192.6772698222586
3026713,0.0
3026714,0.0
3026715,9.105782809311954
3026716,29.45999955965735
3026717,1.0417380863800427
3026718,239.50209473884897
3026719,204.85842056750292
3026720,1.4158541885736526
3026721,2.839381741625109
3026722,219.21581552325375
3026723,25.357447498820004
3026724,1072.7369206373016
3026725,0.0
3026726,0.46050920377820226
3026727,2.511590761378284
3026728,0.29979160043388214
3026729,1.4154725194301068
3026730,2261.344186647166
3026731,0.015074378857475531
3026732,598.6362347420061
3026733,7.187275958850483
3026734,800.0373634230518
3026735,691.2911981384761
3026736,212.17782462674901
3026737,97.35973483378348
3026738,61.33115500999719
3026739,3648.688373900207
3026740,5.519971985434434
3026741,2.3232329856437617
3026742,28.564402124264944
3026743,31.554245004489403
3026744,0.12438812681469451
3026745,189.9828122285798
3026746,1.4483461643904223
3026747,3.153789297141202
3026748,3.0186160623390257
3026749,19.303503529559777
3026750,1.6462397599650795
3026751,163.97923712919092
3026752,267.8598788765026
3026753,2.5425037446017615
3026754,5.396269029906942
3026755,133.22878652939573
3026756,24.434700942475935
3026757,569.6111594713302
3026758,2.9096422138104674
3026759,1.9574933991705534
3026760,2.637386884017023
3026761,0.0
3026762,0.3086461584157605
3026763,1271.5928549915823
3026764,0.0
3026765,87.44068009699572
3026766,1.4893119150284304
3026767,434.59874406759417
3026768,188.71972374088458
3026769,72.60934608372703
3026770,137.13635506519225
3026771,36.125091795736566
3026772,1745.4108935615566
3026773,4.015537424726819
3026774,0.37660616101966515
3026775,6.357585834296864
3026776,4.030495012816696
3026777,0.08853201397245446
3026778,85.0861699166058
3026779,0.0
3026780,0.0
3026781,0.15676914634936265
3026782,22.62326274265007
3026783,0.5123248512995935
3026784,146.93191477082127
3026785,81.11923512245905
3026786,0.6024356762584072
3026787,0.7448604713548929
3026788,37.85276905520238
3026789,13.446016546464236
3026790,334.10191456038314
3026791,0.008819137574444687
3026792,0.7129963528248544
3026793,4.668082332779635
3026794,0.0
3026795,1.6434273144611122
3026796,4142.246888461525
3026797,0.0
3026798,514.5344295852235
3026799,12.910363616836149
3026800,965.6936586189277
3026801,656.5410074705084
3026802,216.2310009827159
3026803,130.74088708612592
3026804,92.90453048357429
3026805,4321.0729451028055
3026806,9.067404952504296
3026807,0.23662858386394892
3026808,34.813949204290154
3026809,15.670676672295187
3026810,0.12684882824613097
3026811,224.77130766454155
3026812,0.0
3026813,25.501397382693174
3026814,6.3816539843965945
3026815,63.60210616969799
3026816,2.637814269714665
3026817,287.7965876875034
3026818,265.7217069609312
3026819,4.174581428610742
3026820,7.020136581695627
3026821,129.61014826899807
3026822,50.10136356785538
3026823,1484.7926913281499
3026824,0.6482484070558917
3026825,0.8886695892019878
3026826,3.1892609785797514
3026827,0.027607898886257674
3026828,7.493518971184971
3026829,2682.026651844386
3026830,0.039047170459848055
3026831,490.62727712565027
3026832,6.057337871290121
3026833,926.3072966894025
3026834,819.7507288698837
3026835,159.8410528487348
3026836,111.57277408950765
3026837,103.54714800638384
3026838,3720.444315408254
3026839,39.63575092971952
3026840,1.0478881043659451
3026841,20.163271822551476
3026842,23.374961866850605
3026843,0.18420151666748022
3026844,238.84107903140494
3026845,19.86950994685469
3026846,24.52728043720674
3026847,1.2146144114635216
3026848,95.81928045282741
3026849,8.12087562167979
3026850,209.7818321542134
3026851,252.38223062283888
3026852,11.965199106085937
3026853,12.12424151606029
3026854,225.10284430922866
3026855,65.21911394259988
3026856,3373.5065135422637
3026857,0.022805727750507564
3026858,8.820232913730528
3026859,4.572215801316221
3026860,0.0020472390648186207
3026861,6.29412579641995
3026862,3496.685166369447
3026863,0.00795994469540171
3026864,427.4697190181131
3026865,8.239313788428957
3026866,903.5330220689568
3026867,679.9658875525282
3026868,132.8460805119876
3026869,79.94788555871817
3026870,99.34528876619122
3026871,3700.9207349895096
3026872,19.999024455333377
3026873,0.7936528078449694
3026874,30.797264398199268
3026875,40.49735271119231
3026876,0.00480403702159595
3026877,296.41870178993577
3026878,16.49907486721487
3026879,17.28679781632505
3026880,6.6591153301007715
3026881,70.72584703426243
3026882,8.751367564184413
3026883,143.220440798945
3026884,384.7364122182826
3026885,5.665956396392463
3026886,7.3373802841717595
3026887,122.29517639398102
3026888,67.93855752103362
3026889,2748.7552960947355
3026890,1.647597662496614
3026891,13.090143400114973
3026892,6.611217358821381
3026893,0.14713771399141853
3026894,3.450531526616539
3026895,2873.0965172980564
3026896,0.003507225223684661
3026897,561.3383940909023
3026898,3.977183058047236
3026899,2443.832396640469
3026900,638.368238254022
3026901,174.64073507930672
3026902,310.1311134602564
3026903,57.68229547648875
3026904,4637.698438340394
3026905,25.271114767557915
3026906,1.1940233557325663
3026907,17.77020790340951
3026908,13.500526978791774
3026909,0.08907334355271203
3026910,296.34543726762854
3026911,3.382113519193554
3026912,9.243427490973342
3026913,5.786283987123874
3026914,38.945281600110306
3026915,2.751999442769008
3026916,147.26973957790403
3026917,287.44931423295856
3026918,5.0675735487174345
3026919,7.329036400172951
3026920,183.9306516165139
3026921,50.008297901752215
3026922,1333.18369895786
3026923,10.016725257253102
3026924,10.160786702989807
3026925,3.29751639921451
3026926,0.37678399583604927
3026927,3.6135416015631545
3026928,2313.723186214525
3026929,0.008963025451005184
3026930,350.07063535570717
3026931,5.3825288368779125
3026932,709.2381303220794
3026933,645.585777902986
3026934,179.8025420210293
3026935,121.4231069749488
3026936,78.50277064378363
3026937,3047.0960403026997
3026938,18.423446425081885
3026939,0.7933001165651612
3026940,12.119848341663518
3026941,8.964249957102219
3026942,0.08332744330779525
3026943,168.63936595636815
3026944,14.033776849102113
3026945,19.662032592756525
3026946,1.6785744005185577
3026947,61.931570925664765
3026948,5.448095552240776
3026949,327.40076748543726
3026950,222.60242647966382
3026951,4.675324936921391
3026952,6.414252118227903
3026953,320.3896398203895
3026954,52.58955465906315
3026955,2835.9776740466527
3026956,0.056954381095166595
3026957,20.511574911663697
3026958,2.5510463392882357
3026959,0.12269099267529344
3026960,3.151097146320981
3026961,4396.762106435544
3026962,0.001763177295595148
3026963,397.46546369412755
3026964,7.345267559820965
3026965,1730.5806930219383
3026966,837.8790350548925
3026967,234.30114933315645
3026968,163.92616552776514
3026969,48.66169249536795
3026970,5447.938707004058
3026971,8.346784508501006
3026972,1.7102506766204226
3026973,22.786153105364065
3026974,20.82992092443266
3026975,0.14369067228859478
3026976,467.3452680402312
3026977,0.0
3026978,0.11245141505245221
3026979,7.756083706383791
3026980,26.653338197737412
3026981,1.535773895265223
3026982,126.46782405899933
3026983,367.6723243336277
3026984,2.5955237245716885
3026985,8.451112948041224
3026986,158.9180840294471
3026987,50.22143461225159
3026988,998.4965113260718
3026989,0.0
3026990,3.8625401390592335
3026991,6.094965112364119
3026992,0.005096363100332091
3026993,5.7830229047861055
3026994,2993.27000434141
3026995,0.012920307884241368
3026996,445.5993499136448
3026997,8.574082043661429
3026998,1042.9886882623575
3026999,635.5186000509706
3027000,209.92151819883333
3027001,108.66168360826059
3027002,115.09523808800843
3027003,3944.59093659743
3027004,26.498829134206044
3027005,1.02930537841734
3027006,18.395585072892324
3027007,27.755792216088608
3027008,0.009827380307904319
3027009,231.9445359683884
3027010,12.202810345395662
3027011,15.734619446035701
3027012,5.289557031547486
3027013,89.97657254276035
3027014,9.136648867933111
3027015,195.1287854237601
3027016,279.52668356658063
3027017,9.90286931087324
3027018,6.5667776576166
3027019,173.221667942057
3027020,50.37484551365839
3027021,2782.1608413094605
3027022,0.300046215846565
3027023,4.812540581532091
3027024,2.7999665431713465
3027025,0.007205667066383441
3027026,4.89680992373734
3027027,2481.139429677764
3027028,0.025851157892601076
3027029,401.60789216265783
3027030,6.587258778053387
3027031,694.2056605596249
3027032,735.4811616920448
3027033,145.71207800476202
3027034,113.67418224526385
3027035,106.28316115829546
3027036,3133.3714450936563
3027037,23.91247317714433
3027038,0.8043635803390966
3027039,16.552015677235346
3027040,16.89650957890893
3027041,0.012777184177444056
3027042,175.0970516374755
3027043,10.124256048295646
3027044,32.98055785039958
3027045,3.6215672980872005
3027046,59.22180891877414
3027047,7.56281791407852
3027048,200.99116488883294
3027049,218.12713733623644
3027050,7.296047680664197
3027051,6.8530982811449235
3027052,200.3069188481284
3027053,46.659759800190166
3027054,2971.370544674346
3027055,0.13850515814941228
3027056,13.167844279499164
3027057,4.807803483973374
3027058,0.06480216176096343
3027059,3.530441047802505
3027060,4116.890155006949
3027061,0.0
3027062,498.2963762833905
3027063,10.587559846176875
3027064,1141.7539074364286
3027065,744.9887646022594
3027066,273.23861497202705
3027067,171.47112949609854
3027068,44.045942873449015
3027069,4416.2873742270385
3027070,6.311528181382036
3027071,0.14290003981967395
3027072,10.483481233441655
3027073,15.852809322403992
3027074,0.06826294043598745
3027075,231.14434676943958
3027076,0.0
3027077,4.85033488438477
3027078,1.070298263129098
3027079,42.53190167339656
3027080,2.1070650286755357
3027081,154.98158900031754
3027082,268.17977212116847
3027083,2.3878064369780425
3027084,1.6092793198842863
3027085,165.75320620522612
3027086,89.1463768670165
3027087,427.89400074653537
3027088,1.1421316007506925
3027089,0.4447431886708078
3027090,11.452355371135413
3027091,0.013679528570028241
3027092,12.90175107840695
3027093,8115.094120211067
3027094,0.03117037750886768
3027095,1489.163066493628
3027096,19.641496644133188
3027097,2424.450499422175
3027098,2167.284673538436
3027099,467.0802379915192
3027100,507.2722960021418
3027101,362.020417532583
3027102,8896.823193688639
3027103,81.73197077171923
3027104,2.9911052007220005
3027105,87.97230864198563
3027106,104.29336777100455
3027107,0.25598859207361635
3027108,574.9913515185242
3027109,27.896969078023112
3027110,23.74077721093078
3027111,44.56074982674739
3027112,261.3416179107616
3027113,20.4549747197843
3027114,755.6123110698652
3027115,541.3747924699778
3027116,28.834820531236343
3027117,31.065590549960373
3027118,1104.8836831586943
3027119,303.43218793206876
3027120,10245.795908737198
3027121,257.5449293260182
3027122,80.26168106602144
3027123,12.3634654442192
3027124,0.0
3027125,11.781325518869798
3027126,8654.420783579128
3027127,0.029156636054020225
3027128,1093.7265405988874
3027129,21.344149698883214
3027130,2513.832527675429
3027131,1954.3367780355063
3027132,609.1194076078608
3027133,324.70747526883775
3027134,286.757223690865
3027135,9188.195293977682
3027136,99.5265130301268
3027137,1.0401671975431819
3027138,51.316087698289
3027139,78.49018326903185
3027140,0.5997025391015558
3027141,585.8489155232611
3027142,18.397750975897058
3027143,34.985709421123644
3027144,13.45333520015449
3027145,182.89581047905432
3027146,14.0648695202138
3027147,924.0620362180687
3027148,701.1097541247692
3027149,19.321233273055874
3027150,24.354061047537144
3027151,1068.3297721361457
3027152,236.40090859647898
3027153,8463.135200145565
3027154,429.1224365694148
3027155,77.82121862639231
3027156,9.606061556103123
3027157,0.0
3027158,15.913995971181555
3027159,5282.600183193993
3027160,0.11519283395156298
3027161,799.4018105884124
3027162,10.334129583280554
3027163,1970.6646019668071
3027164,1232.090501867715
3027165,697.2269267856394
3027166,112.48800216931795
3027167,203.69920395672023
3027168,8473.434878548522
3027169,34.748274930987925
3027170,2.0066795993445083
3027171,32.96663565211667
3027172,23.351668650915638
3027173,0.33943811890890346
3027174,521.9179509841877
3027175,25.161395089847407
3027176,25.10408175408684
3027177,8.957856703733958
3027178,88.75213335752413
3027179,7.751018193725406
3027180,835.4481237883351
3027181,656.6653060206996
3027182,17.10007629827587
3027183,31.241219765329024
3027184,706.8857658186271
3027185,121.33699911651016
3027186,3606.965704164497
3027187,241.85281010039662
3027188,38.9979617138563
3027189,12.024192315199485
3027190,0.0
3027191,17.46727604525032
3027192,7891.292923744634
3027193,0.030911484636276507
3027194,1059.5222823917236
3027195,16.781635847238874
3027196,2128.1233355759055
3027197,1837.735071462189
3027198,549.1183874156745
3027199,298.3354064572768
3027200,238.46618632787718
3027201,9107.951052773928
3027202,40.88981983747642
3027203,1.2907117935096675
3027204,50.047207987288076
3027205,65.88666567028535
3027206,0.7264272350854225
3027207,530.6149978829079
3027208,22.475925696235645
3027209,25.118731328966867
3027210,11.497543759199122
3027211,170.84949920508922
3027212,10.983200096540841
3027213,719.9012592797857
3027214,654.215056345338
3027215,17.296016459731383
3027216,25.64137408689631
3027217,922.3952783965606
3027218,194.16267603949126
3027219,7007.609184751619
3027220,438.46525201611985
3027221,59.20004523697167
3027222,8.927862903978783
3027223,0.0
3027224,16.6627168078275
3027225,4175.361705163052
3027226,0.0
3027227,689.0931228287591
3027228,12.52813235141446
3027229,1976.1583827840568
3027230,1120.0870139935091
3027231,551.4918364655381
3027232,94.65307340678643
3027233,131.06004891282262
3027234,8019.97881984493
3027235,30.540409775304038
3027236,0.18788615001176673
3027237,24.325770300353657
3027238,36.875470979721314
3027239,0.12521823732309814
3027240,551.0595179146758
3027241,22.35303778929855
3027242,13.124286418355965
3027243,6.475623966122839
3027244,86.89992174760145
3027245,4.634052524810402
3027246,701.1991994976053
3027247,834.2657077604906
3027248,12.286323713798016
3027249,19.3645593781902
3027250,676.8760731527118
3027251,72.91794188051811
3027252,2731.352474565374
3027253,222.13917055628454
3027254,19.725905104679573
3027255,9.687278860315748
3027256,0.013860164545364788
3027257,11.347475030819627
3027258,6682.285655126732
3027259,0.03303235846164555
3027260,1052.7115778799719
3027261,22.281703227249082
3027262,1791.369078364474
3027263,1938.1207586082658
3027264,387.9121531852798
3027265,393.9750982627832
3027266,299.59329113994835
3027267,7900.573782289329
3027268,63.53714319737309
3027269,1.2128650658371503
3027270,38.12533879808477
3027271,51.79132310574325
3027272,0.4277550991221419
3027273,441.682617993749
3027274,15.737971148840842
3027275,30.701650984784436
3027276,11.033530546491223
3027277,195.15036465743967
3027278,14.94990459553531
3027279,668.3643875755158
3027280,510.7014195487283
3027281,14.156038721154177
3027282,27.007520590397572
3027283,860.5127282810879
3027284,226.941834669049
3027285,9590.101055839561
3027286,248.3661580956186
3027287,67.65047823630617
3027288,5.377317193756203
3027289,0.24342758858425387
3027290,6.522773744428947
3027291,2070.545535590329
3027292,0.032590012158021694
3027293,327.7031819190614
3027294,20.790387370448943
3027295,821.662639357677
3027296,513.9459992355954
3027297,223.4845205440671
3027298,70.40264795904659
3027299,72.87874946546363
3027300,3008.935932588417
3027301,30.029582153193253
3027302,0.9022741306342125
3027303,26.03621796886628
3027304,18.804399924786065
3027305,0.028786992529223447
3027306,179.81566255973308
3027307,10.114658626749142
3027308,9.551293134318415
3027309,9.170107190101952
3027310,46.018895083428674
3027311,6.387325235900017
3027312,206.91972264181825
3027313,246.1284455153254
3027314,2.7740972633102476
3027315,5.91519421924042
3027316,198.75783466927737
3027317,53.380335454390085
3027318,2012.0591916652004
3027319,0.5718171135151534
3027320,8.964240981525107
3027321,9.326051367730576
3027322,0.0
3027323,10.938770223533986
3027324,4114.6722869630985
3027325,0.0066972623083855504
3027326,550.5717595092747
3027327,24.139759385955283
3027328,1495.0693000011067
3027329,943.6883291827249
3027330,392.0025718597156
3027331,91.05346273864424
3027332,131.75289842924403
3027333,6709.229414210408
3027334,51.40076023745593
3027335,0.9061828618257335
3027336,45.74100542715525
3027337,29.957660299240292
3027338,0.12193962345676654
3027339,361.1109158520627
3027340,12.00715531735083
3027341,10.382115563516125
3027342,3.0874797417625985
3027343,109.40186056779928
3027344,7.085855836099372
3027345,500.947459183516
3027346,454.8144031648902
3027347,9.293196959248746
3027348,18.51608028679765
3027349,351.52380508136724
3027350,76.00347107594385
3027351,2828.4809454613423
3027352,268.72186809131233
3027353,16.214796503284038
3027354,5.728528068927575
3027355,0.00872581072919755
3027356,5.473932086426734
3027357,4390.88458563609
3027358,0.024885768810971928
3027359,811.775235963399
3027360,8.29635593052914
3027361,1323.969725815619
3027362,1463.5817634267562
3027363,245.872909130909
3027364,309.1054388786882
3027365,238.4009635822944
3027366,5041.094325957772
3027367,32.00494117821273
3027368,1.3430720471053446
3027369,26.395275504099015
3027370,35.16845812574527
3027371,0.22737393598782943
3027372,288.0308157994142
3027373,1.9243428855212068
3027374,51.420609949107735
3027375,3.7444492168751964
3027376,119.23727954413027
3027377,8.34410606962992
3027378,552.8312665263823
3027379,288.29499379817304
3027380,16.87464667814913
3027381,7.930565624434538
3027382,688.6712707677469
3027383,113.5818394284493
3027384,8102.584027545251
3027385,2.3670610930391667
3027386,39.33535149021245
3027387,8.74823122705389
3027388,0.0
3027389,5.874326542019387
3027390,4005.898171883317
3027391,0.0
3027392,853.5101628112059
3027393,8.479077000362942
3027394,1294.732903106796
3027395,1039.146588881482
3027396,315.04663087412104
3027397,157.32032674349622
3027398,223.12467697778385
3027399,5073.066430450934
3027400,39.508088243829285
3027401,2.122343026921212
3027402,34.62610783846624
3027403,42.421558973829875
3027404,0.18589129525625853
3027405,262.794372515728
3027406,5.820266087533985
3027407,60.37917166608207
3027408,7.130006994218253
3027409,193.7427603526073
3027410,7.684088127347292
3027411,354.2437490760266
3027412,318.1774684643621
3027413,11.550537828765764
3027414,19.186759806276747
3027415,373.1410932302451
3027416,97.61141004626954
3027417,4540.767162008725
3027418,3.9683895923711074
3027419,10.143713374139034
3027420,7.793392394161579
3027421,0.31806261782711515
3027422,3.971809778037812
3027423,1692.001048949898
3027424,0.3218979866269524
3027425,328.98857580267395
3027426,8.18184760370735
3027427,750.6259094383969
3027428,406.9797436510344
3027429,181.3683109971761
3027430,58.285327752429275
3027431,69.29319119658216
3027432,2326.2679240799007
3027433,14.789372820165951
3027434,1.6583989332261304
3027435,24.489005831632504
3027436,21.895069783378784
3027437,0.44398519100398637
3027438,141.46942653524883
3027439,5.650183047475859
3027440,13.569856447150578
3027441,6.95537412960395
3027442,53.49204956243796
3027443,3.9767958479713705
3027444,162.84099416792836
3027445,190.23449848988946
3027446,4.4771902539418535
3027447,5.802602094364736
3027448,120.49690618660756
3027449,48.72398453975455
3027450,1984.8293444435628
3027451,0.4905944185566036
3027452,4.971309889456663
3027453,6.061000405635044
3027454,0.3152031420106948
3027455,1.1662123577843346
3027456,2264.375392263872
3027457,0.3190301901555178
3027458,141.917684432725
3027459,4.827033035311856
3027460,767.5708988156431
3027461,188.59383887310815
3027462,152.90794909568325
3027463,41.77030581703263
3027464,24.547993840437712
3027465,2108.463971938033
3027466,11.908379198309113
3027467,1.2727216168807782
3027468,14.854904741491758
3027469,8.34689302671707
3027470,0.438445202466319
3027471,150.23146244898783
3027472,0.29497262788674744
3027473,0.3021709088065367
3027474,4.595879590804211
3027475,23.675285071728045
3027476,1.3150148248445814
3027477,38.12269186619699
3027478,129.37145744234746
3027479,0.49384796646797047
3027480,2.3323146764752827
3027481,40.891778352037306
3027482,53.58599652274644
3027483,328.72893118054577
3027484,0.2552669586569565
3027485,2.415578043358019
3027486,5.412458555972055
3027487,0.0
3027488,4.661780628349937
3027489,3023.5589710424915
3027490,0.005344130243252028
3027491,515.6054962573055
3027492,9.874751816213426
3027493,1059.0534042848249
3027494,839.5422521389423
3027495,319.0471877702763
3027496,153.24371859694608
3027497,119.64608944506465
3027498,4373.857260493191
3027499,26.09433345978929
3027500,0.5717598070273806
3027501,20.579504018684847
3027502,48.93735243960818
3027503,0.002930143986227389
3027504,265.8773043910941
3027505,17.249801268409854
3027506,17.157039618878667
3027507,10.919844559524664
3027508,63.427607601437195
3027509,5.288824704481754
3027510,411.21335930196915
3027511,334.0899171023222
3027512,7.510675820340065
3027513,11.422129462353142
3027514,433.7628181728406
3027515,82.83558609767445
3027516,3529.570557694825
3027517,0.0
3027518,31.922726895985257
3027519,3.9850803574078895
3027520,0.03748600539386252
3027521,4.197181080307393
3027522,3896.439692555644
3027523,0.22020799548172673
3027524,613.2458463171349
3027525,14.22635245983685
3027526,1047.9564334384509
3027527,1271.735236707853
3027528,193.45318470296604
3027529,258.7184759738702
3027530,204.55851813139034
3027531,3977.407923523548
3027532,33.66633383362998
3027533,2.3290662755678317
3027534,27.09181937554528
3027535,28.758346438608967
3027536,0.5667481041585306
3027537,255.96990824102113
3027538,11.223057808943391
3027539,39.688796150006645
3027540,8.359562332973258
3027541,125.34497303738166
3027542,11.273713221813553
3027543,446.38228598846763
3027544,256.69467698980634
3027545,6.856654370135559
3027546,12.263926066475353
3027547,559.9317490657747
3027548,131.6724659783806
3027549,6722.544753643284
3027550,0.278103573367326
3027551,36.702769025134856
3027552,3.1602201740854303
3027553,0.5901362918978855
3027554,10.278048543605934
3027555,4216.0658604015025
3027556,0.02885587842221521
3027557,763.5684978314515
3027558,16.761857372914875
3027559,1199.3280750404533
3027560,1307.963530108238
3027561,268.116964940633
3027562,274.69942956014825
3027563,148.57694177319678
3027564,4711.851518584673
3027565,33.00475961460117
3027566,2.481535861464049
3027567,30.094418956429703
3027568,43.28294968402492
3027569,0.028067050598029507
3027570,351.3947770842127
3027571,25.59313399840909
3027572,33.04435104838132
3027573,18.944074232069696
3027574,120.70298095930995
3027575,15.667909023136051
3027576,386.65030462042483
3027577,317.07360723913064
3027578,15.63240974994044
3027579,17.00121108470409
3027580,510.9507567186713
3027581,147.50014263019344
3027582,6266.850738368705
3027583,0.8401787586685029
3027584,34.332076845542026
3027585,9.684530464600034
3027586,0.258209356449283
3027587,6.877317837136889
3027588,3268.9886949085803
3027589,0.0
3027590,416.44072646382875
3027591,9.616124735872681
3027592,1709.5244101101669
3027593,867.8807609455793
3027594,453.2913339600808
3027595,183.74228575058962
3027596,85.15862367046915
3027597,6963.507330211801
3027598,7.268233711710764
3027599,1.0004512589547234
3027600,38.28191682422567
3027601,33.87437805127196
3027602,0.0
3027603,373.9951738565993
3027604,7.057944230794618
3027605,3.679872605719874
3027606,8.325978621860564
3027607,40.00322988151203
3027608,2.4014386701962955
3027609,305.0607649257574
3027610,431.1645520340328
3027611,5.334900519218562
3027612,6.127044182871107
3027613,372.43292193721976
3027614,86.81357528906562
3027615,1207.8575445249428
3027616,91.54825790804807
3027617,13.00711034741273
3027618,3.725752156220868
3027619,0.06206547077710141
3027620,3.8393887254296044
3027621,1912.9183851326356
3027622,0.06918929457016113
3027623,278.18770405484753
3027624,9.060401510018913
3027625,558.2376861294861
3027626,526.0623274823533
3027627,109.79336515861678
3027628,114.87247543905858
3027629,110.42857688999766
3027630,2195.8443065039264
3027631,15.958099769241752
3027632,1.1903437870350224
3027633,21.551448833514254
3027634,25.260189979799183
3027635,0.0659881237668392
3027636,151.69972484763147
3027637,10.790758535278693
3027638,12.445740290065723
3027639,5.805638041103805
3027640,78.6340003407469
3027641,5.001255848675991
3027642,246.89024636568266
3027643,153.71493541594663
3027644,3.5530193669610126
3027645,6.749922287054703
3027646,230.44569360465718
3027647,60.712316899042875
3027648,1848.1139905933571
3027649,0.04816145057597014
3027650,23.120508980151335
3027651,1.1456551204286722
3027652,0.0
3027653,1.1119919430152179
3027654,1287.3414809736275
3027655,0.0
3027656,86.92962908323409
3027657,2.581725273680972
3027658,711.864146105177
3027659,277.46045320099273
3027660,253.33045173631652
3027661,34.684255537484724
3027662,27.836272246973085
3027663,2720.1583475945763
3027664,2.973767964718954
3027665,0.31273482220444876
3027666,8.54277024884197
3027667,6.42411056625215
3027668,0.05481580039629508
3027669,146.0028462364833
3027670,2.2711696018362617
3027671,0.0
3027672,1.176976468565114
3027673,8.340812062214468
3027674,0.2962606079624572
3027675,229.0222616920045
3027676,164.8196225830576
3027677,0.46597135228262404
3027678,2.6843998415112793
3027679,126.52596029177637
3027680,23.8102900778146
3027681,200.68789501722134
3027682,3.9767756947277584
3027683,1.0251129160153254
3027684,5.549476877836906
3027685,0.1495787584126761
3027686,4.438015492785843
3027687,4081.298815910601
3027688,0.003246670090798886
3027689,596.9286952939495
3027690,9.911920187702217
3027691,1822.6923309342421
3027692,595.205565960588
3027693,454.50563073682844
3027694,153.21050544156466
3027695,73.21037884303001
3027696,7476.168366860846
3027697,21.74529856802807
3027698,0.4570487794858622
3027699,20.874676591417725
3027700,15.433451965393349
3027701,0.1180650585056692
3027702,494.86115956162087
3027703,5.3474045765284774
3027704,1.5233581470539304
3027705,7.00346071318674
3027706,24.40344913323342
3027707,1.6157785458778875
3027708,838.2407170411801
3027709,444.73675802726234
3027710,2.004260693132274
3027711,11.286948846848528
3027712,396.429483358485
3027713,86.48755093377167
3027714,1245.6270402001894
3027715,29.921464822158548
3027716,7.098143083178009
3027717,4.837394923865729
3027718,0.007399424504706238
3027719,0.7899947642915012
3027720,1444.523639762034
3027721,0.007871794958101452
3027722,156.34731845852627
3027723,9.67221885527323
3027724,978.0226208304967
3027725,351.8284662789008
3027726,194.78373554568876
3027727,60.919851674914355
3027728,34.05622390844036
3027729,2874.466645890194
3027730,5.076881423564923
3027731,0.34976205813806527
3027732,11.26167988073171
3027733,14.301306369032561
3027734,0.12155149125618231
3027735,153.94147811768272
3027736,4.025440864298253
3027737,0.004530392511821779
3027738,4.653210499134128
3027739,24.537380290614312
3027740,1.106035381160521
3027741,192.28440744805494
3027742,191.91891743005843
3027743,1.1187387836333158
3027744,5.225943733237078
3027745,137.12092013044915
3027746,29.85801005532824
3027747,320.93454175698986
3027748,1.5508363852213776
3027749,2.585845705849272
3027750,3.783542636873376
3027751,0.0
3027752,2.2296499762402644
3027753,1272.0698580395856
3027754,0.0
3027755,93.44373291071837
3027756,5.569313920178157
3027757,784.7350728802653
3027758,215.23596279350724
3027759,128.0227842392704
3027760,35.344746702365185
3027761,24.714343763242915
3027762,2645.952733599481
3027763,8.603124924598896
3027764,0.09532460610128933
3027765,9.482752026393811
3027766,6.616102126287083
3027767,0.0
3027768,137.4270935808619
3027769,1.0090720481915012
3027770,0.0
3027771,1.5342334212234858
3027772,20.89938158581757
3027773,0.7292751042142951
3027774,197.0382194760163
3027775,175.50313801699005
3027776,0.3780999304050082
3027777,3.800426932061208
3027778,83.81291173316966
3027779,18.137996492926476
3027780,156.79367226077804
3027781,10.498195687007696
3027782,0.8501863701380012
3027783,2.8794221105747186
3027784,0.0
3027785,2.52108382971762
3027786,1616.736141664311
3027787,0.0
3027788,136.65093369440388
3027789,7.120309862759642
3027790,1505.012508224529
3027791,349.7396571686131
3027792,204.41703649439273
3027793,25.918479838956863
3027794,32.496128293864395
3027795,2772.4213071425966
3027796,2.7199908623657896
3027797,0.2557592745819972
3027798,8.952726709861993
3027799,17.04529353413428
3027800,0.07848425033719446
3027801,190.88691015179373
3027802,0.5496189409114226
3027803,0.0
3027804,2.0675350067945644
3027805,10.466433306997857
3027806,1.3791934882214296
3027807,289.97605948728017
3027808,239.40530034513228
3027809,0.537722430705642
3027810,4.178024641405383
3027811,71.73366999348598
3027812,82.88007392144473
3027813,327.47588501520846
3027814,6.542361123925369
3027815,3.2920942328585205
3027816,3.254388383768189
3027817,0.5868705529548073
3027818,3.223233430808758
3027819,1710.5968827404843
3027820,0.012196018497144788
3027821,155.4880429671573
3027822,2.935638395580728
3027823,947.8305309543586
3027824,316.8065545679436
3027825,267.5680438116197
3027826,81.85107195709207
3027827,58.23720259536355
3027828,2743.507141431291
3027829,4.160767156508922
3027830,0.8739541396194089
3027831,11.107216885065974
3027832,17.204970668962503
3027833,0.1260898568710244
3027834,201.20783925364861
3027835,5.870681918559714
3027836,0.011205099235296462
3027837,3.6623344966306917
3027838,20.162830323816905
3027839,1.4132429448180261
3027840,162.16993571679632
3027841,183.68584596185732
3027842,0.6085917931711594
3027843,4.046328947401792
3027844,102.42070379677226
3027845,39.06096343448488
3027846,507.58241953294896
3027847,10.745668633283357
3027848,3.533076733751406
3027849,3.0443834012889153
3027850,0.18345412115231838
3027851,2.1045174930838058
3027852,1161.7732122838968
3027853,0.0
3027854,124.84476279231795
3027855,3.7658693265364733
3027856,833.5071993073427
3027857,215.52085561597565
3027858,142.4757641917498
3027859,109.55850860414517
3027860,25.409008020846215
3027861,1964.0557415983121
3027862,3.0128508599489128
3027863,0.19099408820795402
3027864,8.542277518579493
3027865,10.795181355711584
3027866,0.1837088550648821
3027867,135.89225550072516
3027868,0.0
3027869,0.0
3027870,1.699414465653721
3027871,18.89191841010276
3027872,1.0573415426769466
3027873,62.449016041046754
3027874,121.37174331845563
3027875,0.7085410863965187
3027876,2.2798917148313507
3027877,61.1813200007328
3027878,29.815782660015014
3027879,412.0755872558427
3027880,0.0
3027881,0.7539018905181565
3027882,5.977369474089421
3027883,0.35422662565503704
3027884,2.605038037150955
3027885,2560.586935825087
3027886,0.0
3027887,260.083970752474
3027888,5.756383800209502
3027889,993.284213639188
3027890,576.2625325440213
3027891,390.0057706476917
3027892,158.97748909272661
3027893,86.71379391365457
3027894,4011.5677031937857
3027895,10.050524248670426
3027896,0.8953406213246918
3027897,18.09859159422893
3027898,21.75418245725498
3027899,0.0679347928506808
3027900,237.8576731667955
3027901,0.09648459077974493
3027902,0.0
3027903,10.474695502189615
3027904,26.334597026440903
3027905,2.668927395165376
3027906,294.1114467224353
3027907,238.96110312334602
3027908,1.630803107139463
3027909,6.545671124432064
3027910,292.964402624717
3027911,54.78313062256161
3027912,1089.7803040341075
3027913,16.96922228722156
3027914,9.283170985038046
3027915,2.0602279670628145
3027916,0.1488510896597041
3027917,3.5001294300309707
3027918,1496.3396265077467
3027919,0.0
3027920,267.32941378271147
3027921,4.232887245802348
3027922,495.30756812429075
3027923,374.7520295758218
3027924,156.8269321429141
3027925,72.3641852897541
3027926,30.66788805176686
3027927,2153.1900886513968
3027928,5.612942223757174
3027929,0.47729444994219145
3027930,6.4414521775421525
3027931,10.831856500598136
3027932,0.0
3027933,125.98007547345453
3027934,3.8412196772012024
3027935,1.6975708889629437
3027936,6.338635331013369
3027937,28.204750270330784
3027938,1.2115921592729422
3027939,102.40956788645796
3027940,100.46215254136315
3027941,1.8524292413811423
3027942,3.5551594263491757
3027943,85.51714378678521
3027944,17.195337913865927
3027945,853.5955261225369
3027946,37.429240009052364
3027947,4.479380968777702
3027948,4.191988322407011
3027949,0.27921937119030693
3027950,1.9279422400555521
3027951,2130.8646819467585
3027952,0.0
3027953,131.3335777093227
3027954,4.599419856544625
3027955,705.585623942348
3027956,283.45944223998157
3027957,202.97739269957995
3027958,45.87045270427166
3027959,31.778691355333535
3027960,2842.978662205071
3027961,9.331982283048566
3027962,0.9843021484902333
3027963,10.736776785907686
3027964,13.053823249292185
3027965,0.10837008966414913
3027966,142.71974826857635
3027967,4.8178327405805135
3027968,0.0
3027969,2.608509354281483
3027970,24.166321880425755
3027971,1.6106256396258911
3027972,150.74022662685016
3027973,150.3924118262037
3027974,0.9642670839318427
3027975,3.759189231678994
3027976,127.01795106749921
3027977,22.431764570609985
3027978,347.0476849800085
3027979,6.156004546829311
3027980,3.139846431409679
3027981,4.786016324893941
3027982,0.009991554309715399
3027983,6.245221540253201
3027984,2386.8340463343143
3027985,0.022338504594991968
3027986,537.1606134817764
3027987,7.834994859412199
3027988,744.7419850391976
3027989,680.5288138653766
3027990,182.79542359374148
3027991,135.57204008682768
3027992,80.46536557851802
3027993,3344.721209814116
3027994,24.273940244505752
3027995,0.9993742498222654
3027996,14.712639240635191
3027997,24.44599191527458
3027998,0.020732757433624762
3027999,202.9097728640039
3028000,15.956956248899708
3028001,11.244264778707267
3028002,6.138933945179119
3028003,62.134848225473974
3028004,7.124482431332195
3028005,367.83855877141826
3028006,241.50703952879454
3028007,6.52609393804551
3028008,6.518623926606192
3028009,370.07283673863594
3028010,94.4727962566399
3028011,1851.4780569094423
3028012,0.0014842541844724718
3028013,26.436165330359096
3028014,4.796530876584263
3028015,0.06107039666444257
3028016,4.26926679447349
3028017,3596.304321262236
3028018,0.0
3028019,389.83678115697995
3028020,4.844840134626466
3028021,1389.107887181949
3028022,613.9926947602829
3028023,559.7962590321753
3028024,70.72988532243697
3028025,62.978658721704896
3028026,5325.766164834626
3028027,8.312061232368311
3028028,0.3815677423103908
3028029,13.608578583362739
3028030,11.04522188558453
3028031,0.0
3028032,274.4242639299146
3028033,1.050764487953154
3028034,4.0004890770488
3028035,3.3490799547384014
3028036,32.82431059439073
3028037,1.017482040216623
3028038,450.4276352731743
3028039,345.7504320169825
3028040,2.626760199957316
3028041,4.170411472030128
3028042,265.6796086713868
3028043,52.990770590032696
3028044,774.1324159301258
3028045,61.44030487838915
3028046,9.87272052981276
3028047,8.418708595120348
3028048,0.1983149137698353
3028049,3.655453925749572
3028050,2374.7445476768917
3028051,0.0
3028052,347.6408234207737
3028053,4.3490079620560245
3028054,1484.1185855840556
3028055,440.12250723246876
3028056,273.65174871947426
3028057,180.18793939496007
3028058,65.2539366542061
3028059,3715.1713408763135
3028060,11.49685483689356
3028061,0.3513692370714883
3028062,24.56918340004121
3028063,22.334622879319404
3028064,0.1150910430596615
3028065,256.3652129594123
3028066,2.5415005234961696
3028067,1.9208859799260296
3028068,7.036348024832262
3028069,52.71654354651374
3028070,1.2046731876674195
3028071,118.47294202189312
3028072,246.16217085040236
3028073,1.7916338484267968
3028074,4.08228660071352
3028075,127.38583463319021
3028076,135.90991557460092
3028077,898.5815259429177
3028078,0.11198914584313466
3028079,3.8254143734982877
3028080,3.6067102786002136
3028081,0.13458780635573975
3028082,1.3855853754756735
3028083,1553.8312499665296
3028084,0.0
3028085,110.7139284198205
3028086,5.168705110290622
3028087,777.3611260108145
3028088,269.6826783835939
3028089,121.33849726174739
3028090,45.36616063248952
3028091,42.09261569976546
3028092,2688.7477483482853
3028093,4.7242058721205
3028094,0.708847146029656
3028095,19.860060995388476
3028096,16.948890435933198
3028097,0.0
3028098,145.64158793165004
3028099,0.18458601619922982
3028100,0.0
3028101,2.9543707867042426
3028102,56.61085424900267
3028103,1.882301415196513
3028104,116.7392334762496
3028105,148.27564204998552
3028106,0.8832383634847067
3028107,5.269921647839488
3028108,104.47148040804949
3028109,25.24340035945226
3028110,380.25275526581447
3028111,11.385914690085643
3028112,1.1742033315669778
3028113,1.555798270246872
3028114,0.006999880115323374
3028115,1.5919320707882676
3028116,1312.309848320429
3028117,0.12710142077433326
3028118,253.00609653049236
3028119,6.96885426328521
3028120,467.0471105814389
3028121,415.2260697769861
3028122,119.65931577481386
3028123,38.741482563933644
3028124,58.17684492853929
3028125,1842.4483513510963
3028126,21.79278568436379
3028127,0.430908005532659
3028128,8.554368491983883
3028129,15.386041897048393
3028130,0.2155721011803078
3028131,105.02516808876483
3028132,9.185580783993043
3028133,1.1225779117620387
3028134,4.6863489470052535
3028135,41.22209631051956
3028136,3.5676006150755515
3028137,587.4836615357909
3028138,140.1760150053451
3028139,2.8322630389047943
3028140,4.135272782487732
3028141,271.6698959056445
3028142,27.769834946911264
3028143,902.2012760107498
3028144,0.0
3028145,6.1086753773502025
3028146,1.987998905546042
3028147,0.11771776327428565
3028148,4.865493851571089
3028149,3093.0267476280724
3028150,0.04131429493250133
3028151,630.851447447584
3028152,13.609055816818895
3028153,960.9152045660417
3028154,1098.6172110150867
3028155,252.1612759235166
3028156,180.1275447713691
3028157,152.37046869297882
3028158,3516.871715145722
3028159,29.30454235061357
3028160,0.6092597243857403
3028161,18.727946109410492
3028162,26.970871781203417
3028163,0.032574271790544874
3028164,221.36677211453303
3028165,11.015184760497899
3028166,26.118347883323644
3028167,8.884520060420572
3028168,68.47901494199189
3028169,10.227368637055585
3028170,320.8131139135013
3028171,250.61534261381314
3028172,12.701533239320856
3028173,7.969223857000502
3028174,434.1288377918082
3028175,92.53403615020261
3028176,2765.562130419094
3028177,0.022864790349194954
3028178,23.248573021306974
3028179,1.9187498660119089
3028180,0.0393603068434906
3028181,1.7923956167577653
3028182,1705.1202566671261
3028183,0.0
3028184,258.9212238393983
3028185,3.6788540113597046
3028186,303.06303496769027
3028187,449.07631110577114
3028188,100.17822678389207
3028189,63.21699380425325
3028190,24.914094335308306
3028191,1537.3039729929233
3028192,8.427014630368312
3028193,0.8986040744138724
3028194,11.3047674887077
3028195,11.88649595930351
3028196,0.0
3028197,7.896576815041075
3028198,0.0
3028199,7.50432586604821
3028200,2.379047301927594
3028201,113.59757487242813
3028202,4.621359405186762
3028203,100.3261064936919
3028204,76.9024076787192
3028205,2.7197812870247233
3028206,3.547139936279913
3028207,103.47226625201299
3028208,13.21398710562978
3028209,79.86905973412675
3028210,0.48312796118282714
3028211,2.509110948658629
3028212,2.7037110519336487
3028213,0.0
3028214,1.226530804455932
3028215,686.0038944524983
3028216,0.0
3028217,170.40047995951198
3028218,3.428501384512367
3028219,234.38912865235326
3028220,176.6856310900004
3028221,56.73930979261255
3028222,23.62083851701683
3028223,27.17036234764542
3028224,1212.8444943904715
3028225,5.952974013614278
3028226,0.3511267112285262
3028227,8.951366499494393
3028228,6.706085290967077
3028229,0.17101869328636157
3028230,58.03343117537093
3028231,0.04273945798629732
3028232,3.838745476087643
3028233,0.5351985374479455
3028234,16.184449126653877
3028235,0.12251042040346243
3028236,183.17534766318605
3028237,93.60313241108334
3028238,1.2946017919205373
3028239,1.250391087626063
3028240,108.28389273266646
3028241,16.645103628679294
3028242,376.49714422809865
3028243,0.32766254013037643
3028244,1.758166584452702
3028245,4.920637581811461
3028246,0.20608804827635072
3028247,2.1701739617853626
3028248,2348.394815757855
3028249,0.09168417597858351
3028250,500.6939187698836
3028251,11.087429155035517
3028252,604.1629628211928
3028253,808.4097500167819
3028254,214.5867824529171
3028255,172.93894801185544
3028256,97.94801942739647
3028257,2977.4782513344217
3028258,22.052591941476003
3028259,1.7643480869736503
3028260,14.013088313428804
3028261,22.799467306198824
3028262,0.16356923844220791
3028263,166.58120199736905
3028264,4.546170852582503
3028265,24.261161781416067
3028266,6.813834375616781
3028267,108.09959692662055
3028268,2.8113472171610323
3028269,216.80030812573673
3028270,187.39338097572175
3028271,8.354818030279025
3028272,7.462337528484348
3028273,294.4493076410271
3028274,64.5351172135113
3028275,1911.2499718648007
3028276,0.7252733391198256
3028277,13.954722571353528
3028278,4.6227623793399895
3028279,0.0
3028280,1.8132384094837077
3028281,2970.8526248215526
3028282,0.0
3028283,500.50669404498325
3028284,10.87819860864373
3028285,1018.7221098266126
3028286,681.5945319037512
3028287,310.41583744724073
3028288,184.46740289138316
3028289,49.39462413360595
3028290,4319.409937933837
3028291,11.418526465079845
3028292,0.6239178662688954
3028293,23.40005286991056
3028294,14.306756169374202
3028295,0.5815228370112399
3028296,216.791263150883
3028297,0.0
3028298,3.3994492656022492
3028299,3.613122301644059
3028300,41.728912475882595
3028301,0.8581101127656517
3028302,291.07537848970003
3028303,280.7039559973248
3028304,3.5961847066505435
3028305,3.68836935736062
3028306,187.3223590008348
3028307,67.96252276247262
3028308,1275.68456843748
3028309,1.2574928424070175
3028310,3.2590566042568665
3028311,4.330510439633574
3028312,0.26631417065666846
3028313,2.2951100767065262
3028314,2987.660376052928
3028315,0.0
3028316,528.0504882694376
3028317,9.047699010878539
3028318,833.6745834595025
3028319,561.7660338336578
3028320,260.22175001533464
3028321,157.67082353785372
3028322,58.94006828377551
3028323,3787.9598185267255
3028324,11.77414828517677
3028325,0.9726526113075884
3028326,20.624112793311806
3028327,16.987265820963962
3028328,0.0
3028329,199.4548187260352
3028330,0.0
3028331,3.716099676336853
3028332,3.6614152550798633
3028333,69.40565435776837
3028334,1.0288418471568086
3028335,158.29136010582226
3028336,200.71971775679967
3028337,3.4730685706906077
3028338,3.7813236135877664
3028339,163.42224952809528
3028340,50.74215556699237
3028341,998.6888983366696
3028342,0.9817206404360775
3028343,4.804754379187312
3028344,8.667584519173117
3028345,0.6929657521474375
3028346,13.479681464026775
3028347,7149.78661719262
3028348,0.0520046943165473
3028349,999.3006327505988
3028350,33.824635158994845
3028351,1559.018530949576
3028352,1701.184699304791
3028353,313.20966420398645
3028354,376.2324663530296
3028355,299.49099846544476
3028356,7395.788076454592
3028357,71.93785159660565
3028358,2.2507020116480243
3028359,40.71958721921617
3028360,48.633110932684914
3028361,0.09150030368713151
3028362,389.9849690306424
3028363,29.77907369539937
3028364,38.142083245092
3028365,24.412866109574907
3028366,166.39835332836682
3028367,21.289389957076832
3028368,613.9180386747537
3028369,452.5984936283323
3028370,17.1054286131352
3028371,21.111862513168266
3028372,925.6504396659125
3028373,204.26567372436196
3028374,5939.6061387742575
3028375,0.7162908554307764
3028376,71.25051235729532
3028377,2.3581851910374456
3028378,0.22404560918835886
3028379,0.3878978590932425
3028380,1425.2127933084219
3028381,0.006002765605301049
3028382,149.19617360941172
3028383,3.7035703817857106
3028384,663.1784875284883
3028385,223.2561521206209
3028386,97.23669209332536
3028387,105.03791683261394
3028388,38.604089065020055
3028389,2598.415988594782
3028390,4.248656120594805
3028391,0.19233353563360397
3028392,10.991172710357082
3028393,6.806081531713346
3028394,0.09286589905887764
3028395,158.47052785470757
3028396,0.39807801098288537
3028397,0.002274751707859778
3028398,1.996497361245973
3028399,20.42440988998609
3028400,0.524341464810165
3028401,97.58251136039206
3028402,79.2114809936506
3028403,1.4278631373588375
3028404,3.542673917830829
3028405,97.24367725352568
3028406,19.406119516506596
3028407,448.2301180195204
3028408,0.11192303567692063
3028409,2.826349595333222
3028410,6.6681413476255935
3028411,0.18745404970973825
3028412,1.18341472041427
3028413,2747.855147377814
3028414,0.0008530829722728527
3028415,501.67811576636404
3028416,7.180111577717598
3028417,1243.8688966827488
3028418,524.8016915842835
3028419,190.23052524523436
3028420,245.9261105850587
3028421,66.57542308497443
3028422,3937.874865856351
3028423,9.271820334645493
3028424,0.2705670899449317
3028425,17.52027017830133
3028426,16.961411520246433
3028427,0.0018744153314113117
3028428,230.72586359949182
3028429,0.48534289960145666
3028430,3.6622862458099914
3028431,7.325338756611138
3028432,15.450582728334089
3028433,1.1426142415781855
3028434,464.52606721322945
3028435,240.66287636821374
3028436,2.8730903873273386
3028437,5.402063268143646
3028438,115.42287136614918
3028439,57.081448748828684
3028440,992.129868604172
3028441,1.0389679344686908
3028442,3.9633767883559825
3028443,1.1214827081675929
3028444,0.0
3028445,0.6143626580565567
3028446,927.9403991374523
3028447,0.0
3028448,112.7233772560823
3028449,2.926116767400395
3028450,650.2478291752328
3028451,120.82448804898704
3028452,75.42391350564365
3028453,152.72093745817747
3028454,13.684021724506266
3028455,1683.093660218836
3028456,0.8491764764201669
3028457,0.19563113389488088
3028458,5.936552944436594
3028459,2.9216747706121207
3028460,0.09890118702201454
3028461,73.98329433658445
3028462,0.0
3028463,0.0
3028464,0.31999780387418025
3028465,10.487172713409766
3028466,0.25258255889444636
3028467,89.77313033935701
3028468,75.29756036806224
3028469,0.4457394366457135
3028470,0.8671324744263891
3028471,42.11148221820955
3028472,8.192141210508991
3028473,152.19996349321644
3028474,0.0
3028475,1.0963532385941162
3028476,11.107296424055336
3028477,0.0
3028478,2.6052552587211264
3028479,2053.0675157151795
3028480,0.0
3028481,208.64902209039371
3028482,16.45748181723428
3028483,1057.277819579627
3028484,373.5543444755238
3028485,173.35777353003147
3028486,167.58709155905476
3028487,75.0762866445755
3028488,3071.2878609768804
3028489,3.387227573429168
3028490,0.3585914979821953
3028491,31.864851058984367
3028492,20.67033636179246
3028493,0.18800457694510556
3028494,203.35133517763163
3028495,0.0
3028496,0.0
3028497,24.0293533159959
3028498,43.23647251785264
3028499,2.8546162392685033
3028500,286.8708092525286
3028501,190.58934698713392
3028502,3.4409327652123736
3028503,3.6327429559464015
3028504,203.99953549909992
3028505,30.418445210531743
3028506,1338.8447206555802
3028507,0.0
3028508,1.4096132515455826
3028509,2.5533097600575827
3028510,0.294055217543142
3028511,1.362917177947798
3028512,2330.3191163405163
3028513,0.017640084687843848
3028514,550.5215926791194
3028515,6.89922167926169
3028516,827.7854046777557
3028517,532.6512263472888
3028518,202.36721864164454
3028519,84.65380570537387
3028520,63.00796995702602
3028521,3573.830064444421
3028522,5.426232045108465
3028523,2.3081590802640894
3028524,23.131108078320693
3028525,32.589622826537145
3028526,0.11451637110927361
3028527,186.03878338792933
3028528,1.216068454348154
3028529,3.348157730964335
3028530,3.18012946693173
3028531,24.350219999057877
3028532,1.7051124655975807
3028533,218.16705317310976
3028534,242.56955586875435
3028535,2.4698059566849553
3028536,5.199737360211443
3028537,124.5727636180526
3028538,23.2828144268157
3028539,516.1419433084563
3028540,2.8486353905585964
3028541,1.8104528782056561
3028542,2.825742224108782
3028543,0.0
3028544,1.4027319789338912
3028545,1375.623324984179
3028546,0.0
3028547,79.51300977717881
3028548,1.6360708210137411
3028549,453.65990113601947
3028550,143.10756868357876
3028551,69.14883075559808
3028552,104.31840597439427
3028553,33.84077575257314
3028554,1963.1496009704695
3028555,3.916003101699772
3028556,0.3708015616250605
3028557,7.725268985896344
3028558,3.8933686520546336
3028559,0.08484448173679399
3028560,89.47481187443964
3028561,0.0
3028562,0.0
3028563,0.16478978663520205
3028564,29.55456237761291
3028565,0.4593085853479653
3028566,267.59512898400436
3028567,71.93699200376287
3028568,0.6215276487592116
3028569,0.8074065285960816
3028570,43.626083855798356
3028571,13.012194627774347
3028572,345.7525627826261
3028573,0.01487437934385606
3028574,0.7309773070221524
3028575,3.5039360858729176
3028576,0.0
3028577,0.7351589490838389
3028578,3087.2780808480416
3028579,0.0
3028580,414.24271725856426
3028581,6.93973481424541
3028582,775.2804084031949
3028583,461.53422889957346
3028584,177.7325248037702
3028585,127.78101684990126
3028586,68.74506867203729
3028587,3502.365275488658
3028588,6.00265923996706
3028589,0.253310504584923
3028590,24.163071948564905
3028591,9.87756776638351
3028592,0.07553054605566789
3028593,173.3286290280201
3028594,0.0
3028595,17.297376933355217
3028596,2.519861746823646
3028597,50.20732375217679
3028598,0.960569080088302
3028599,337.21017914605346
3028600,172.4146287560331
3028601,2.3952118853792754
3028602,2.908737492774051
3028603,118.52032331849294
3028604,40.45590568518339
3028605,1046.7479998153985
3028606,0.5821881085194146
3028607,0.9346052964234575
3028608,3.220671589483683
3028609,0.034732979407176644
3028610,7.67399629190111
3028611,2317.2649001773298
3028612,0.041673470008731506
3028613,437.57207830029495
3028614,5.640412797630552
3028615,800.5406086134593
3028616,715.805891979806
3028617,160.43380829313182
3028618,108.15581642196955
3028619,92.0463938764185
3028620,3384.6210155120893
3028621,39.126272780534684
3028622,1.1192967266753402
3028623,20.72384813683695
3028624,23.189967617525337
3028625,0.18972500043612028
3028626,191.81327673686906
3028627,20.037591528782443
3028628,16.892676855428338
3028629,1.3448267188347411
3028630,91.68421285794443
3028631,8.314070980208797
3028632,199.62304298151173
3028633,254.86645591652206
3028634,12.023162717040302
3028635,11.981973121765623
3028636,212.86478331901648
3028637,60.27722480495325
3028638,1994.5389770472827
3028639,0.02989751166475921
3028640,9.412824087367872
3028641,4.6013873756743795
3028642,0.008110691997079717
3028643,6.315252992864141
3028644,1980.3872377711357
3028645,0.010932177590166726
3028646,348.1050507391037
3028647,8.355453743034033
3028648,733.8341653291824
3028649,596.0492921264472
3028650,115.23525065877655
3028651,70.20379430803034
3028652,88.91121984805237
3028653,3110.2103565783077
3028654,20.231120035311843
3028655,0.797191939596369
3028656,30.874281135662297
3028657,38.97717994601996
3028658,0.008605922009596253
3028659,234.61663869319457
3028660,15.779970663902288
3028661,11.805339982013953
3028662,6.78635242332586
3028663,69.18956245495964
3028664,8.770608397424283
3028665,126.93786886701041
3028666,311.19240700303067
3028667,5.4230829956869435
3028668,7.996564953169469
3028669,106.69002911164591
3028670,67.34426026774268
3028671,1594.4794028277336
3028672,1.6647375003797535
3028673,12.20214153140345
3028674,6.696258622768981
3028675,0.15509157323056055
3028676,3.4556802830481907
3028677,2875.753545197713
3028678,0.0073492842854409515
3028679,528.1616582796153
3028680,4.110740186245466
3028681,1806.4017113546001
3028682,533.4006834866493
3028683,154.52421015137477
3028684,303.1717469288025
3028685,57.965896859436654
3028686,4477.544525812871
3028687,23.934925325555042
3028688,1.184778509263519
3028689,18.53778974271906
3028690,15.936559288584935
3028691,0.09415311996855417
3028692,283.66299248959507
3028693,3.461413227361463
3028694,9.610731671652763
3028695,9.345233118268862
3028696,38.06504944338022
3028697,2.8357079547182114
3028698,220.09423697706896
3028699,273.9970105188471
3028700,5.429792983226543
3028701,7.311149238117373
3028702,188.44530824800393
3028703,46.89248083650841
3028704,1262.6531254244899
3028705,7.068600067490705
3028706,10.306337401704617
3028707,3.2205156144666565
3028708,0.38794737156379433
3028709,4.851658761327246
3028710,2012.4138230673427
3028711,0.012825972759677513
3028712,300.99736036129605
3028713,5.589066699288619
3028714,589.8177116203977
3028715,609.2071324750325
3028716,165.59916091529794
3028717,111.20290090840285
3028718,70.92014332505751
3028719,2665.932290275808
3028720,18.34707178051267
3028721,0.775876430816363
3028722,10.993976206918568
3028723,8.85106079847771
3028724,0.08838041905982104
3028725,164.88800059501298
3028726,14.238219981070001
3028727,13.174654037902396
3028728,1.609881299343241
3028729,63.55281250102027
3028730,5.624920414969197
3028731,267.6562404856293
3028732,201.0106788189921
3028733,4.906956383072478
3028734,6.27166962419328
3028735,274.8190578225709
3028736,48.596963508797835
3028737,1628.290680107595
3028738,0.06329854535453812
3028739,19.83170682046027
3028740,2.5835566504554874
3028741,0.10101804916695997
3028742,3.070147770042474
3028743,3754.7242747314763
3028744,0.004295237682666036
3028745,369.761808299741
3028746,6.741300139669937
3028747,1416.9630641312274
3028748,485.5575401204638
3028749,220.2608232605853
3028750,130.32577464283332
3028751,50.53777578006624
3028752,4902.576352930378
3028753,8.311269928369022
3028754,1.6245507180312717
3028755,23.0871576638961
3028756,18.726711069081425
3028757,0.1490252008935813
3028758,345.47424140832356
3028759,0.0
3028760,0.11947865615490734
3028761,7.5866496927331895
3028762,35.4781052486404
3028763,1.609143995215474
3028764,174.85363387324725
3028765,282.9665615577954
3028766,2.684613753929296
3028767,9.139779552715144
3028768,153.06678541507958
3028769,47.43127478357575
3028770,900.3555486439485
3028771,0.0
3028772,3.2004176770455364
3028773,5.664619175997332
3028774,0.01008617614202199
3028775,5.689696374322546
3028776,1779.8503424280698
3028777,0.013494710121123514
3028778,400.51937165803275
3028779,8.698919878347013
3028780,790.7119176476764
3028781,594.7645082527162
3028782,182.24961576525612
3028783,97.59429025462747
3028784,120.24085029459671
3028785,3194.5111619925315
3028786,24.76536126891483
3028787,1.0763866077809614
3028788,17.9359266815968
3028789,27.359082098914094
3028790,0.012553514171849979
3028791,187.56013424517442
3028792,11.86006906935088
3028793,11.233830039575743
3028794,5.1989866045395985
3028795,62.6561946537845
3028796,9.355871017808182
3028797,172.38410529770994
3028798,249.12161855359435
3028799,9.589960783053302
3028800,6.421499571403208
3028801,155.3853251911943
3028802,50.28250153542185
3028803,1508.1824538983326
3028804,0.3585846019278754
3028805,4.632074694728528
3028806,2.896651138738943
3028807,0.013300333981551307
3028808,4.034281994384961
3028809,2015.7657969035843
3028810,0.027542657065272213
3028811,384.4631588268259
3028812,6.272107790307909
3028813,607.8818447179751
3028814,696.9970719406149
3028815,146.47700567270536
3028816,108.07552332918323
3028817,92.40229330230396
3028818,2617.63969608801
3028819,21.827225834918668
3028820,0.7802770678179604
3028821,15.991786317471071
3028822,16.198194063650355
3028823,0.016609237225446178
3028824,159.09727456581328
3028825,10.196408496951015
3028826,26.579882108270017
3028827,4.1314052378518005
3028828,56.87687641257727
3028829,7.509164975872941
3028830,193.63682257589642
3028831,208.808231028759
3028832,7.028557251650924
3028833,6.689796011605374
3028834,200.05549114361423
3028835,44.74172045830708
3028836,1868.223858813875
3028837,0.18648527063064688
3028838,13.010903961308493
3028839,4.791429147925842
3028840,0.08366936496968597
3028841,2.3028631256099876
3028842,3718.3559115989106
3028843,0.0
3028844,429.8491052430713
3028845,10.391605672649622
3028846,1067.1340837256218
3028847,516.2008251674403
3028848,231.01622239482472
3028849,138.8791160142724
3028850,42.47191126763909
3028851,3968.650280558166
3028852,6.200675451468295
3028853,0.12958231162425726
3028854,13.262476863192118
3028855,13.214931773246011
3028856,0.07114682716188782
3028857,195.18363398590088
3028858,0.0
3028859,5.344917964798435
3028860,1.102482552423842
3028861,47.445921260553625
3028862,2.1206053538889154
3028863,257.4444065317515
3028864,262.16076052499955
3028865,2.2754191377955784
3028866,1.5999392151309675
3028867,160.28440315758098
3028868,92.03761340538833
3028869,427.6307776983435
3028870,1.0764105802448254
3028871,0.4418481306751792
3028872,11.633087507099596
3028873,0.018711952840424175
3028874,12.521356874712918
3028875,7434.771993021754
3028876,0.03175512891214923
3028877,1319.901069869995
3028878,20.880963019252803
3028879,2039.55259424399
3028880,1855.1038546004575
3028881,428.03295404827963
3028882,428.741407088855
3028883,358.9443779495786
3028884,7943.410209198855
3028885,71.77398750526446
3028886,2.8859695721058363
3028887,77.37365774139207
3028888,103.11355453465441
3028889,0.21180442483838802
3028890,468.75463325926495
3028891,25.469959403640846
3028892,19.676727011608026
3028893,47.045378504597686
3028894,293.9371195386947
3028895,18.7635983994617
3028896,711.8144385363265
3028897,489.19378893847744
3028898,31.6841210408184
3028899,32.17760454083216
3028900,898.79482910595
3028901,289.3437927323461
3028902,6443.690702638612
3028903,279.7080896328688
3028904,74.67137670029912
3028905,11.455248545399867
3028906,0.0020607306828584015
3028907,11.781000739849553
3028908,7378.26261215264
3028909,0.031076588060674967
3028910,982.5915631313915
3028911,22.317695774246843
3028912,2070.777034341597
3028913,1729.614723602813
3028914,572.4861908234371
3028915,292.7085850247866
3028916,247.8612332042131
3028917,8949.138591039662
3028918,85.62886659926038
3028919,1.0439732489911449
3028920,47.42964487732472
3028921,67.50315132187382
3028922,0.6024607899108906
3028923,490.25825062804586
3028924,19.306326588205636
3028925,26.952941049318778
3028926,13.246426327627162
3028927,188.41074489804797
3028928,14.221601454709253
3028929,922.2075968828874
3028930,601.9905439715899
3028931,17.874540441449103
3028932,20.9598954464592
3028933,964.404900834905
3028934,216.24238020564945
3028935,4322.32512231035
3028936,353.51925526703246
3028937,70.0001727736586
3028938,8.838655505601734
3028939,0.0
3028940,16.361086157920127
3028941,4707.1128273182285
3028942,0.10614210836267823
3028943,740.3683580828215
3028944,10.775421253517575
3028945,1720.994289334696
3028946,1154.235417832824
3028947,668.0962490606679
3028948,108.14087359780146
3028949,204.75881392822984
3028950,7600.632603087126
3028951,34.98127661936294
3028952,2.0679497911221216
3028953,28.245359998896195
3028954,24.156441720254044
3028955,0.3194607864542045
3028956,458.7987162222044
3028957,23.00896243957861
3028958,15.252030409144808
3028959,10.716591494462609
3028960,108.40823554644003
3028961,7.98643120298848
3028962,795.1832239151249
3028963,602.4293810928859
3028964,18.118790455538917
3028965,29.54802441455403
3028966,635.8376459566853
3028967,117.8196865771213
3028968,2076.262636150119
3028969,239.5992614309521
3028970,40.82299408067695
3028971,12.883867133951012
3028972,0.006371646733842962
3028973,18.494296121755635
3028974,6869.548120913172
3028975,0.03485846450035526
3028976,926.4813898991526
3028977,16.98144573679272
3028978,1884.375723043631
3028979,1676.5501623744588
3028980,497.599203536706
3028981,264.0468945450614
3028982,201.74483823244276
3028983,8929.698834795174
3028984,43.022227218832526
3028985,1.3478707532458263
3028986,46.91786663476266
3028987,67.34053258269887
3028988,0.7828665666842006
3028989,487.3047176539308
3028990,26.21717330241192
3028991,22.290237265988832
3028992,11.043871881175416
3028993,165.3764394796645
3028994,11.81239182129104
3028995,719.8658085118169
3028996,638.6460958453855
3028997,17.912750902170554
3028998,25.22992628945332
3028999,985.859629088115
3029000,198.8295917291824
3029001,4170.385538315969
3029002,355.532372486832
3029003,59.42673465287272
3029004,8.694550561259579
3029005,0.0
3029006,17.209244771938792
3029007,3796.480678047387
3029008,0.0
3029009,695.0153931258633
3029010,11.847179914323995
3029011,1638.8176642701173
3029012,996.3300716367004
3029013,516.1846783766815
3029014,85.23797585804641
3029015,149.4754900894493
3029016,7163.179235671605
3029017,31.02374657627192
3029018,0.19243412797572226
3029019,24.684842330165644
3029020,37.422453307494045
3029021,0.16271224123256467
3029022,407.17217560863986
3029023,22.40281968958459
3029024,7.854914311721804
3029025,4.519700944895002
3029026,85.50368002869686
3029027,4.655623234032285
3029028,678.1984784416464
3029029,599.3958500822373
3029030,12.597788184649794
3029031,18.28991779549249
3029032,606.2896821846462
3029033,76.75647437057462
3029034,1542.1529298621904
3029035,243.8398566631886
3029036,19.69822761159413
3029037,10.439792442379703
3029038,0.020889922994251006
3029039,11.349181036245982
3029040,5400.532750881591
3029041,0.035643454949025544
3029042,907.4590028788965
3029043,21.534669507083933
3029044,1526.3228463333412
3029045,1626.401209252268
3029046,359.0775697123637
3029047,352.7886039833679
3029048,284.82298345630244
3029049,6432.632929152105
3029050,59.256679699950176
3029051,1.0763029173102248
3029052,44.36633964851329
3029053,46.62259524186204
3029054,0.46209790708257986
3029055,360.83081595752043
3029056,14.831600413126077
3029057,22.284836142939167
3029058,9.54389551902803
3029059,192.09833460372116
3029060,14.398011564083738
3029061,638.79872158393
3029062,450.54523679158495
3029063,15.132405060099343
3029064,25.0817936381649
3029065,793.5350601604607
3029066,195.71414116106277
3029067,5195.32609395127
3029068,220.08303540769006
3029069,70.89427331619358
3029070,5.309355582430195
3029071,0.300839247985336
3029072,5.482147488495721
3029073,1505.4867024324035
3029074,0.03317556860125723
3029075,294.19415323582456
3029076,20.996833071004296
3029077,680.2620126737522
3029078,450.79707597087895
3029079,196.76476845360253
3029080,65.70775884654347
3029081,73.43210780384844
3029082,2512.6850747019585
3029083,24.138261887891098
3029084,0.9359375791037697
3029085,24.2525238555303
3029086,18.000074532476955
3029087,0.03156430983494512
3029088,134.38682656634126
3029089,9.93738929692454
3029090,5.842601335936722
3029091,8.842630695357958
3029092,50.82609424330009
3029093,6.573492697758984
3029094,206.72618995794838
3029095,211.25110927963146
3029096,2.577386234094054
3029097,5.92380081903522
3029098,195.46548137531994
3029099,53.80278912779619
3029100,1235.7969963564028
3029101,0.5572038701682169
3029102,8.679337856170218
3029103,8.624828567563865
3029104,0.0
3029105,9.174504025797757
3029106,3705.1467220477707
3029107,0.01055153484562118
3029108,521.3810167947674
3029109,23.39904620800847
3029110,1276.2970050724998
3029111,923.7962358417569
3029112,393.4197026210276
3029113,84.4817966750422
3029114,141.14752038220743
3029115,5700.980938643747
3029116,51.66889382325449
3029117,0.9368516696957276
3029118,43.11680131304157
3029119,31.572941320355202
3029120,0.11248860676808686
3029121,289.7704690750882
3029122,13.657874595381394
3029123,7.186426737448704
3029124,3.229566238902937
3029125,110.25560521804174
3029126,7.534252838777351
3029127,430.7959223592585
3029128,411.63606911864315
3029129,9.502904107580745
3029130,17.867905941589278
3029131,325.0256118721833
3029132,76.11561838926588
3029133,1698.017500521581
3029134,258.76443956506563
3029135,16.118583484395717
3029136,5.662247925800461
3029137,0.01373364220750459
3029138,4.395197516262329
3029139,3677.619062473031
3029140,0.025466956366963722
3029141,710.6550217877259
3029142,8.595955048994066
3029143,1080.2224643315044
3029144,1324.034272279879
3029145,210.93845858071947
3029146,258.6596957164949
3029147,200.07513985870418
3029148,4284.21477940117
3029149,35.57693476421899
3029150,1.3444007457349973
3029151,25.10140936262529
3029152,34.494667253196056
3029153,0.27212657026496423
3029154,219.45773803899928
3029155,1.9248457429825543
3029156,36.13805352800529
3029157,3.654260282973341
3029158,118.79423230054078
3029159,8.440426812140789
3029160,470.9522575921047
3029161,237.08456871888305
3029162,15.773411872419581
3029163,7.8096047303259
3029164,589.5976036410258
3029165,111.76675499449674
3029166,4090.259119971732
3029167,2.1162603593739937
3029168,41.917064451753845
3029169,8.348115639275855
3029170,0.0
3029171,5.754720558508742
3029172,3546.364872277112
3029173,0.0012529846886308203
3029174,780.6998276039083
3029175,8.504666752942
3029176,1141.3950427032717
3029177,973.1289319847756
3029178,316.3163274672871
3029179,140.86767891791706
3029180,224.86272193473314
3029181,4294.184340381811
3029182,35.90685055208584
3029183,2.1376271528892543
3029184,29.059917615562664
3029185,33.7573934908115
3029186,0.2144313417368007
3029187,253.07067821750445
3029188,5.980261038654789
3029189,37.86743008527832
3029190,7.187864431435023
3029191,181.5705090707879
3029192,7.682652438307628
3029193,315.69341651936935
3029194,290.9768610053925
3029195,11.83393584989291
3029196,18.92824927704835
3029197,315.602582922459
3029198,89.88283468195274
3029199,2557.195269584035
3029200,3.775527405003888
3029201,10.189716327881062
3029202,7.312051308020491
3029203,0.3253544206724488
3029204,2.402140597352034
3029205,1382.0387926694061
3029206,0.3251121930693919
3029207,299.3298751425193
3029208,8.874749110221337
3029209,580.9589277215441
3029210,318.3659395670599
3029211,161.14245059084067
3029212,53.44997923480766
3029213,67.11033474322694
3029214,2042.1543019682993
3029215,15.83344677742909
3029216,1.6573976066166647
3029217,23.5266235587114
3029218,21.564086103970862
3029219,0.44870128284753935
3029220,82.73902970695086
3029221,6.112300342499965
3029222,9.917819575630928
3029223,7.1733575382675845
3029224,54.197294171403286
3029225,4.07900995504382
3029226,152.4240979203762
3029227,177.4917801450112
3029228,4.399853424555541
3029229,6.060404168252279
3029230,105.55234720108876
3029231,44.503279780383295
3029232,1090.557866837392
3029233,0.5246993649182335
3029234,3.914198788502288
3029235,6.319193043986475
3029236,0.3224791256274029
3029237,1.10839176888352
3029238,2192.125116321315
3029239,0.3222374235259144
3029240,139.1895524915956
3029241,4.998900825903627
3029242,731.1708894564773
3029243,137.03157500502047
3029244,146.69901644216816
3029245,46.78027934383369
3029246,26.631353394016486
3029247,2209.2553734613994
3029248,11.164825858877405
3029249,1.1967766237588957
3029250,15.570343788079391
3029251,9.917559451657784
3029252,0.4431432005683858
3029253,145.05601757898202
3029254,0.30093229755457684
3029255,0.30642383164826237
3029256,4.664576556713759
3029257,22.054470157208282
3029258,1.3234928086983708
3029259,61.52444304075643
3029260,129.68034627871202
3029261,0.35909919580799193
3029262,2.5390831911330904
3029263,43.96356314060133
3029264,54.754610883297495
3029265,324.87423064879323
3029266,0.2610438965299556
3029267,2.3103876403249677
3029268,5.181037286324126
3029269,0.004366802896901896
3029270,5.522200328565754
3029271,2657.72015696524
3029272,0.007219658625053943
3029273,432.3800173789961
3029274,10.680235336813672
3029275,949.4615687854314
3029276,766.6949658845535
3029277,264.24362266957297
3029278,128.47196585769402
3029279,108.76083593735528
3029280,4086.829134951392
3029281,26.889844724700225
3029282,0.6551243517075482
3029283,17.24821055551937
3029284,46.18011027066008
3029285,0.005637658044579718
3029286,225.0585598180893
3029287,17.23518387043176
3029288,11.331870623535258
3029289,9.52005754217694
3029290,67.72325712917116
3029291,5.2669314158446365
3029292,376.8651496382502
3029293,298.04462395012587
3029294,7.646922185487105
3029295,11.320697811063502
3029296,422.3410285225371
3029297,77.37999128124933
3029298,1882.0610040578883
3029299,0.0
3029300,29.15831687612955
3029301,4.041351456804541
3029302,0.04376390060313054
3029303,5.544391513690214
3029304,3262.4092267474102
3029305,0.20391939628708036
3029306,543.220160686452
3029307,14.514931890878945
3029308,879.8306622036677
3029309,1064.0701752656
3029310,156.28414731445744
3029311,222.55878053772227
3029312,170.30822886376802
3029313,3317.1866475968804
3029314,32.20782203936717
3029315,2.255457833071498
3029316,27.35394976764773
3029317,30.26664203077433
3029318,0.5236682930635818
3029319,182.9043154201225
3029320,9.810773223261469
3029321,29.79763596144969
3029322,7.3713201582039485
3029323,128.8350084890627
3029324,11.068319876830964
3029325,404.17102692018346
3029326,221.61541486163208
3029327,6.324363289308427
3029328,11.842128086574432
3029329,503.1420072594895
3029330,119.21442484227968
3029331,4059.463869535988
3029332,0.2885909364690833
3029333,34.56935035747366
3029334,3.1476209744102865
3029335,0.580564572126561
3029336,10.286390445959201
3029337,4026.152489362737
3029338,0.03279498812822871
3029339,708.5529877996017
3029340,17.550072450467365
3029341,996.9296516698801
3029342,1174.0716860903453
3029343,237.21482566316232
3029344,242.59576734560773
3029345,128.29078824451452
3029346,4206.368293498146
3029347,32.948322555477965
3029348,2.2238714271142954
3029349,29.259885033313427
3029350,41.70552145645198
3029351,0.03286227471075657
3029352,267.79013139203903
3029353,25.24320890721618
3029354,23.68481378756408
3029355,21.621636723655165
3029356,128.89995846645076
3029357,14.709262043358363
3029358,385.08525589245596
3029359,270.97633700945795
3029360,14.580986658657578
3029361,16.600312811426026
3029362,456.31883189280245
3029363,126.94820203624317
3029364,3315.0160435338025
3029365,0.8569057834840237
3029366,31.781414102322888
3029367,10.21817263038572
3029368,0.3037969516949839
3029369,7.106925877210091
3029370,3259.487796539609
3029371,0.0
3029372,395.1368818882173
3029373,9.834184913694893
3029374,1592.0540827394286
3029375,686.0212744122164
3029376,473.05758555985585
3029377,152.49639863304282
3029378,88.63453028452584
3029379,7050.530066433648
3029380,8.027202690398436
3029381,1.0073116155051467
3029382,37.986783315940166
3029383,34.97601553160135
3029384,0.0
3029385,362.1489033184193
3029386,7.5159897890985
3029387,3.6890689376466193
3029388,7.121527988762177
3029389,38.4037325283496
3029390,2.5415576498109385
3029391,444.453320908693
3029392,433.96021950293454
3029393,5.131447964779039
3029394,6.327741167899874
3029395,370.0168570449675
3029396,86.10475340122646
3029397,1207.7980982030415
3029398,90.51570018608567
3029399,13.097556566508542
